
CREATE TABLE IF NOT EXISTS utilisateurs (
	id	INT,
	statut	VARCHAR(255),
	nomSession	VARCHAR(255),
	mdp	VARCHAR(255),
	PRIMARY KEY(id)
);

CREATE TABLE IF NOT EXISTS parents (
	id	INT CHECK (id >= 20000 AND id<=29999),
	prenom	VARCHAR(255),
	nom	VARCHAR(255),
	FOREIGN KEY(id) REFERENCES utilisateurs(id),
	PRIMARY KEY(id)
);

CREATE TABLE IF NOT EXISTS professeurs (
	id	INT CHECK (id>=30000 and id<=39999),
	prenom	VARCHAR(255),
	nom	VARCHAR(255),
	FOREIGN KEY(id) REFERENCES utilisateurs(id),
	PRIMARY KEY(id)
);

CREATE TABLE IF NOT EXISTS administration (
	id	INT CHECK (id>=40000 AND id<=49999),
	prenom	VARCHAR(255),
	nom	VARCHAR(255),
	FOREIGN KEY(id) REFERENCES utilisateurs(id),
	PRIMARY KEY(id)
);

CREATE TABLE IF NOT EXISTS classes (
	id	VARCHAR(255),
	id_profPrincipal	INT,
	PRIMARY KEY(id),
	FOREIGN KEY(id_profPrincipal) REFERENCES professeurs(id)
);

CREATE TABLE IF NOT EXISTS eleves (
	id	INT CHECK (id>=10000 and id<=19999),
	prenom	VARCHAR(255),
	nom	VARCHAR(255),
	id_classe	VARCHAR(255),
	idResponsable_1	INT,
	idResponsable_2	INT,
	FOREIGN KEY(id) REFERENCES utilisateurs(id),
	PRIMARY KEY(id),
	FOREIGN KEY(id_classe) REFERENCES classes(id)
);

CREATE TABLE IF NOT EXISTS controles (
	id	INT,
	id_classe	VARCHAR(255),
	id_prof	INT,
	description	VARCHAR(255),
	PRIMARY KEY(id),
	FOREIGN KEY(id_classe) REFERENCES classes(id),
	FOREIGN KEY(id_prof) REFERENCES professeurs(id)
);

CREATE TABLE IF NOT EXISTS notes (
	id_controle	INT,
	id_eleve	INT,
	note	INT,
	coefficient	INT,
	FOREIGN KEY(id_controle) REFERENCES controles(id),
	FOREIGN KEY(id_eleve) REFERENCES eleves(id),
	PRIMARY KEY(id_controle,id_eleve)
);

CREATE TABLE IF NOT EXISTS appreciacions (
	id_prof	INT,
	id_eleve	INT,
	appreciation	VARCHAR(255),
	FOREIGN KEY(id_prof) REFERENCES professeurs(id),
	PRIMARY KEY(id_prof,id_eleve)
);
INSERT INTO utilisateurs VALUES(20000, 'parent', 'Hugo.Suke000', 'WtLdNq(H).A8!\Dj');
INSERT INTO parents VALUES(20000, 'Hugo', 'Suke');
INSERT INTO utilisateurs VALUES(20001, 'parent', 'Prise.Lebeau001', 'So^AZdv2Y=i:K0F;');
INSERT INTO parents VALUES(20001, 'Prise', 'Lebeau');
INSERT INTO utilisateurs VALUES(20002, 'parent', 'Karfour.Genesis002', '*j&}U[=wBC#"<\ta');
INSERT INTO parents VALUES(20002, 'Karfour', 'Genesis');
INSERT INTO utilisateurs VALUES(20003, 'parent', 'Erve.Tym003', 'U1/E[>#%)s:0ylXi');
INSERT INTO parents VALUES(20003, 'Erve', 'Tym');
INSERT INTO utilisateurs VALUES(20004, 'parent', 'Tym.Wifi004', 'vpjkf+"]!zYc=AL5');
INSERT INTO parents VALUES(20004, 'Tym', 'Wifi');
INSERT INTO utilisateurs VALUES(20005, 'parent', 'Bernar.Lemoche005', '>gR9iJLn{XdU]q-$');
INSERT INTO parents VALUES(20005, 'Bernar', 'Lemoche');
INSERT INTO utilisateurs VALUES(20006, 'parent', 'Ugo.Deces006', 'ST.pohy2cC}<"UI5');
INSERT INTO parents VALUES(20006, 'Ugo', 'Deces');
INSERT INTO utilisateurs VALUES(20007, 'parent', 'Tiri.Qwerty007', '@3=JmTZPV#rSa[h&');
INSERT INTO parents VALUES(20007, 'Tiri', 'Qwerty');
INSERT INTO utilisateurs VALUES(20008, 'parent', 'Stalinslas.Ou008', '{NCuAYcLxnm827(Z');
INSERT INTO parents VALUES(20008, 'Stalinslas', 'Ou');
INSERT INTO utilisateurs VALUES(20009, 'parent', 'Tim.Lemoche009', '1LIGUiVZ}0.Bg)t2');
INSERT INTO parents VALUES(20009, 'Tim', 'Lemoche');
INSERT INTO utilisateurs VALUES(20010, 'parent', 'Tim.Oxlong010', 'nPUl!Yb)zeSDg2>&');
INSERT INTO parents VALUES(20010, 'Tim', 'Oxlong');
INSERT INTO utilisateurs VALUES(20011, 'parent', 'Célian.Pipe011', 'jn7iQ.vu^ca!k,s2');
INSERT INTO parents VALUES(20011, 'Célian', 'Pipe');
INSERT INTO utilisateurs VALUES(20012, 'parent', 'Nathanaël.Plafond012', ',utb%\poRV8si7Nk');
INSERT INTO parents VALUES(20012, 'Nathanaël', 'Plafond');
INSERT INTO utilisateurs VALUES(20013, 'parent', 'Mac.Pipe013', 'Qf@3O8h{]"m(I4*W');
INSERT INTO parents VALUES(20013, 'Mac', 'Pipe');
INSERT INTO utilisateurs VALUES(20014, 'parent', 'Articho.Duc de Montmorency014', ']T|$%0dc{&EnM(br');
INSERT INTO parents VALUES(20014, 'Articho', 'Duc de Montmorency');
INSERT INTO utilisateurs VALUES(20015, 'parent', 'Etrique.Please015', 'uPzA8F^]V3Ysiv@;');
INSERT INTO parents VALUES(20015, 'Etrique', 'Please');
INSERT INTO utilisateurs VALUES(20016, 'parent', 'Moru.Pabo016', 'l<Q$hJ{=t*u#q|gH');
INSERT INTO parents VALUES(20016, 'Moru', 'Pabo');
INSERT INTO utilisateurs VALUES(20017, 'parent', 'Uberite.Deces017', 'gaIK{-<lTtPcY@7x');
INSERT INTO parents VALUES(20017, 'Uberite', 'Deces');
INSERT INTO utilisateurs VALUES(20018, 'parent', 'Crapo.Oxlong018', 'x@?r]O_!7SK5j\N>');
INSERT INTO parents VALUES(20018, 'Crapo', 'Oxlong');
INSERT INTO utilisateurs VALUES(20019, 'parent', 'Lucien.Pipe019', 'LwcZ!YA]o;%dR0@X');
INSERT INTO parents VALUES(20019, 'Lucien', 'Pipe');
INSERT INTO utilisateurs VALUES(20020, 'parent', 'Pabo.Gif020', 'Y7cHC"4?nd6A/bLt');
INSERT INTO parents VALUES(20020, 'Pabo', 'Gif');
INSERT INTO utilisateurs VALUES(20021, 'parent', 'Tym.Lebeau021', '$-dz[]73*)_=g,^S');
INSERT INTO parents VALUES(20021, 'Tym', 'Lebeau');
INSERT INTO utilisateurs VALUES(20022, 'parent', 'Jen.Genepi022', 'Seui}d4I1<B@p2Hf');
INSERT INTO parents VALUES(20022, 'Jen', 'Genepi');
INSERT INTO utilisateurs VALUES(20023, 'parent', 'Tiri.Ikea023', 'H542rVJG7v,/Xdil');
INSERT INTO parents VALUES(20023, 'Tiri', 'Ikea');
INSERT INTO utilisateurs VALUES(20024, 'parent', 'Articho.Avion024', 'Wt\A7+lN?Owi[;am');
INSERT INTO parents VALUES(20024, 'Articho', 'Avion');
INSERT INTO utilisateurs VALUES(20025, 'parent', 'Lucien.Tum025', '{NR7sx+L@d(:&3i$');
INSERT INTO parents VALUES(20025, 'Lucien', 'Tum');
INSERT INTO utilisateurs VALUES(20026, 'parent', 'Erve.Ikea026', 'tDe|f.j3saVC2>hS');
INSERT INTO parents VALUES(20026, 'Erve', 'Ikea');
INSERT INTO utilisateurs VALUES(20027, 'parent', 'Tiri.Lubrique027', 'lU(,%1=[g*G-ZC\2');
INSERT INTO parents VALUES(20027, 'Tiri', 'Lubrique');
INSERT INTO utilisateurs VALUES(20028, 'parent', 'Nathanaël.Moriarty028', 'N_(z94hp?,\|o!Y6');
INSERT INTO parents VALUES(20028, 'Nathanaël', 'Moriarty');
INSERT INTO utilisateurs VALUES(20029, 'parent', 'Patric.Pabo029', 'ASYs=GD*,Lz+X#W{');
INSERT INTO parents VALUES(20029, 'Patric', 'Pabo');
INSERT INTO utilisateurs VALUES(20030, 'parent', 'Deliver.Lodevie030', '8l@1#fnDqIA$w:4+');
INSERT INTO parents VALUES(20030, 'Deliver', 'Lodevie');
INSERT INTO utilisateurs VALUES(20031, 'parent', 'Lumineux.Duc de Montmorency031', 'kBjTL(cft9):J,5h');
INSERT INTO parents VALUES(20031, 'Lumineux', 'Duc de Montmorency');
INSERT INTO utilisateurs VALUES(20032, 'parent', 'Jean-Eune.Pablo032', 'Mj1WK8yY<Chl:S.F');
INSERT INTO parents VALUES(20032, 'Jean-Eune', 'Pablo');
INSERT INTO utilisateurs VALUES(20033, 'parent', 'Pabo.Lemoche033', '&({|jAn-G3rQ}!L*');
INSERT INTO parents VALUES(20033, 'Pabo', 'Lemoche');
INSERT INTO utilisateurs VALUES(20034, 'parent', 'Lucien.Bechamelle034', 'oA6XPi4S1hp-^JdM');
INSERT INTO parents VALUES(20034, 'Lucien', 'Bechamelle');
INSERT INTO utilisateurs VALUES(20035, 'parent', 'Paluche.Bluetooth035', 'XOcg(bExv5l9kZ#]');
INSERT INTO parents VALUES(20035, 'Paluche', 'Bluetooth');
INSERT INTO utilisateurs VALUES(20036, 'parent', 'Blandine.Tim036', ']T_yv0Gh$bsZR#;M');
INSERT INTO parents VALUES(20036, 'Blandine', 'Tim');
INSERT INTO utilisateurs VALUES(20037, 'parent', 'Yanni.Unowhy037', '-\PtYhG<[nb5Aa^d');
INSERT INTO parents VALUES(20037, 'Yanni', 'Unowhy');
INSERT INTO utilisateurs VALUES(20038, 'parent', 'Stalinslas.Pipe038', 'QDa5\N&v,fp3XxP}');
INSERT INTO parents VALUES(20038, 'Stalinslas', 'Pipe');
INSERT INTO utilisateurs VALUES(20039, 'parent', 'Bernar.Tem039', 'N$q3h5^#)@2=z6+!');
INSERT INTO parents VALUES(20039, 'Bernar', 'Tem');
INSERT INTO utilisateurs VALUES(20040, 'parent', 'Tum.Lemoche040', '3[_CuM2&4qvY@7=G');
INSERT INTO parents VALUES(20040, 'Tum', 'Lemoche');
INSERT INTO utilisateurs VALUES(20041, 'parent', 'Crapo.Nutella041', 'm7n1)rZgS}(&VAQ6');
INSERT INTO parents VALUES(20041, 'Crapo', 'Nutella');
INSERT INTO utilisateurs VALUES(20042, 'parent', 'Crapo.Suke042', 'yb:C/@;6D*]$G=7o');
INSERT INTO parents VALUES(20042, 'Crapo', 'Suke');
INSERT INTO utilisateurs VALUES(20043, 'parent', 'Stabline.Avion043', 'Tx1M."\K8=E&USQ(');
INSERT INTO parents VALUES(20043, 'Stabline', 'Avion');
INSERT INTO utilisateurs VALUES(20044, 'parent', 'Credito.Deces044', 'E{3k8H(v>Zj_W5Yl');
INSERT INTO parents VALUES(20044, 'Credito', 'Deces');
INSERT INTO utilisateurs VALUES(20045, 'parent', 'Sintia.Musk045', '!\/@3rfo=dC?2kTW');
INSERT INTO parents VALUES(20045, 'Sintia', 'Musk');
INSERT INTO utilisateurs VALUES(20046, 'parent', 'Yassine.B57 PRO MAX 3500046', '2^SZe=Fum?l_.f[X');
INSERT INTO parents VALUES(20046, 'Yassine', 'B57 PRO MAX 3500');
INSERT INTO utilisateurs VALUES(20047, 'parent', 'Hugo.Mangesol047', 't09n#j&\dV%{>hST');
INSERT INTO parents VALUES(20047, 'Hugo', 'Mangesol');
INSERT INTO utilisateurs VALUES(20048, 'parent', 'Moru.Geneve048', ':qj\Pv[<}e=$f#5o');
INSERT INTO parents VALUES(20048, 'Moru', 'Geneve');
INSERT INTO utilisateurs VALUES(20049, 'parent', 'Patric.Lemoche049', 'S[_pi"+v>shIO;}Z');
INSERT INTO parents VALUES(20049, 'Patric', 'Lemoche');
INSERT INTO utilisateurs VALUES(20050, 'parent', 'Uber.Electrique050', '.abpxBAT<G\:,2}8');
INSERT INTO parents VALUES(20050, 'Uber', 'Electrique');
INSERT INTO utilisateurs VALUES(20051, 'parent', 'Jen.Lodevie051', 'swq5b$f:}QB.9t[k');
INSERT INTO parents VALUES(20051, 'Jen', 'Lodevie');
INSERT INTO utilisateurs VALUES(20052, 'parent', 'Lucien.Gober052', '.v\]#(z2<LJVU;>[');
INSERT INTO parents VALUES(20052, 'Lucien', 'Gober');
INSERT INTO utilisateurs VALUES(20053, 'parent', 'Tabour.Oxlong053', 'K13%feuRV}q(gJsL');
INSERT INTO parents VALUES(20053, 'Tabour', 'Oxlong');
INSERT INTO utilisateurs VALUES(20054, 'parent', 'Paluche.Duc de Montmorency054', '^[RkH@EhY)A5qJ83');
INSERT INTO parents VALUES(20054, 'Paluche', 'Duc de Montmorency');
INSERT INTO utilisateurs VALUES(20055, 'parent', 'Macly.Bechamelle055', '*YtR{L2rqyZ^iz-0');
INSERT INTO parents VALUES(20055, 'Macly', 'Bechamelle');
INSERT INTO utilisateurs VALUES(20056, 'parent', 'Maxence.Tam056', '1SfXkt2?qz<_P]Lr');
INSERT INTO parents VALUES(20056, 'Maxence', 'Tam');
INSERT INTO utilisateurs VALUES(20057, 'parent', 'Vic.B57 PRO MAX 3500057', 'AZ:-$)Y[KLcUy0Ii');
INSERT INTO parents VALUES(20057, 'Vic', 'B57 PRO MAX 3500');
INSERT INTO utilisateurs VALUES(20058, 'parent', 'Vic.Pablo058', 'bXQvGF%Jt2RE@NMY');
INSERT INTO parents VALUES(20058, 'Vic', 'Pablo');
INSERT INTO utilisateurs VALUES(20059, 'parent', 'Vic.Duc de Montmorency059', '3:>[94S*;E\z.2@r');
INSERT INTO parents VALUES(20059, 'Vic', 'Duc de Montmorency');
INSERT INTO utilisateurs VALUES(20060, 'parent', 'Patric.Moriarty060', 'D(@UWHeo3FGZ!^*f');
INSERT INTO parents VALUES(20060, 'Patric', 'Moriarty');
INSERT INTO utilisateurs VALUES(20061, 'parent', 'Nathanaël.Genesis061', 'Ho8;-$2sQ[Kj3Bax');
INSERT INTO parents VALUES(20061, 'Nathanaël', 'Genesis');
INSERT INTO utilisateurs VALUES(20062, 'parent', 'Stanyshlasse.Geneve062', 'g9Q+h5X%l_Wc.<,D');
INSERT INTO parents VALUES(20062, 'Stanyshlasse', 'Geneve');
INSERT INTO utilisateurs VALUES(20063, 'parent', 'Macly.Bluetooth063', 'WE2Zi?k9*O<-Mh(A');
INSERT INTO parents VALUES(20063, 'Macly', 'Bluetooth');
INSERT INTO utilisateurs VALUES(20064, 'parent', 'Credito.Tum064', '[7NZ*4,r09)&S>Gp');
INSERT INTO parents VALUES(20064, 'Credito', 'Tum');
INSERT INTO utilisateurs VALUES(20065, 'parent', 'Yanni.Lebron065', '{OF^ciT>KvhaH9e0');
INSERT INTO parents VALUES(20065, 'Yanni', 'Lebron');
INSERT INTO utilisateurs VALUES(20066, 'parent', 'Patric.Cremanglaise066', ';VfD:B{mP_A]}2et');
INSERT INTO parents VALUES(20066, 'Patric', 'Cremanglaise');
INSERT INTO utilisateurs VALUES(20067, 'parent', 'Crapo.Wifi067', '5HKx7U?*2d!kW1ia');
INSERT INTO parents VALUES(20067, 'Crapo', 'Wifi');
INSERT INTO utilisateurs VALUES(20068, 'parent', 'Yassine.Mière068', '+D?#;6q:H<Ppkj8b');
INSERT INTO parents VALUES(20068, 'Yassine', 'Mière');
INSERT INTO utilisateurs VALUES(20069, 'parent', 'Tam.Mière069', '7*k&q9I!DW>PxTM[');
INSERT INTO parents VALUES(20069, 'Tam', 'Mière');
INSERT INTO utilisateurs VALUES(20070, 'parent', 'Raphaël.Pabo070', '8m4/J=kO{MPuxng$');
INSERT INTO parents VALUES(20070, 'Raphaël', 'Pabo');
INSERT INTO utilisateurs VALUES(20071, 'parent', 'Erve.Pablo071', 'k_C35TP!>+d]OUvs');
INSERT INTO parents VALUES(20071, 'Erve', 'Pablo');
INSERT INTO utilisateurs VALUES(20072, 'parent', 'Blandine.Lebron072', '1JHYOmw3RtLPCd-:');
INSERT INTO parents VALUES(20072, 'Blandine', 'Lebron');
INSERT INTO utilisateurs VALUES(20073, 'parent', 'Moru.Sus073', 'GEo:PiS?tLY$Zk>(');
INSERT INTO parents VALUES(20073, 'Moru', 'Sus');
INSERT INTO utilisateurs VALUES(20074, 'parent', 'Tym.Lebron074', '?rL+-Qu7<S,sIP5x');
INSERT INTO parents VALUES(20074, 'Tym', 'Lebron');
INSERT INTO utilisateurs VALUES(20075, 'parent', 'Amogus.Sus075', 'yAIx54:k"];HmMK[');
INSERT INTO parents VALUES(20075, 'Amogus', 'Sus');
INSERT INTO utilisateurs VALUES(20076, 'parent', 'Sintia.Dordebous076', 'R{9PHw()Ldq}K1QO');
INSERT INTO parents VALUES(20076, 'Sintia', 'Dordebous');
INSERT INTO utilisateurs VALUES(20077, 'parent', 'Meubl.Ou077', 'Lt#=w!oq{cm|B2;:');
INSERT INTO parents VALUES(20077, 'Meubl', 'Ou');
INSERT INTO utilisateurs VALUES(20078, 'parent', 'Stalinslas.Dordebous078', 'eT4dyCXHosa[QEz-');
INSERT INTO parents VALUES(20078, 'Stalinslas', 'Dordebous');
INSERT INTO utilisateurs VALUES(20079, 'parent', 'Crapo.Epiee079', 'X@2PaJ>5ihOY6G?U');
INSERT INTO parents VALUES(20079, 'Crapo', 'Epiee');
INSERT INTO utilisateurs VALUES(20080, 'parent', 'Tum.Deces080', '7Pjw/)@W%Oe-N93Z');
INSERT INTO parents VALUES(20080, 'Tum', 'Deces');
INSERT INTO utilisateurs VALUES(20081, 'parent', 'Macly.Gif081', '#;8(Spe)yn?lh3\T');
INSERT INTO parents VALUES(20081, 'Macly', 'Gif');
INSERT INTO utilisateurs VALUES(20082, 'parent', 'Uber.Marat082', 'NqD+Ei4JkXd]rH/P');
INSERT INTO parents VALUES(20082, 'Uber', 'Marat');
INSERT INTO utilisateurs VALUES(20083, 'parent', 'Hugo.Bechamelle083', '}"Fy=]Ws^G0KtD_n');
INSERT INTO parents VALUES(20083, 'Hugo', 'Bechamelle');
INSERT INTO utilisateurs VALUES(20084, 'parent', 'Desirade.Lemoche084', '-sze^[:XN&,1<q}>');
INSERT INTO parents VALUES(20084, 'Desirade', 'Lemoche');
INSERT INTO utilisateurs VALUES(20085, 'parent', 'Desirade.Ikea085', 'jY9\X</.AxUrR-Vw');
INSERT INTO parents VALUES(20085, 'Desirade', 'Ikea');
INSERT INTO utilisateurs VALUES(20086, 'parent', 'Loui.Marat086', '+dT-EPQ2{h%n&;*b');
INSERT INTO parents VALUES(20086, 'Loui', 'Marat');
INSERT INTO utilisateurs VALUES(20087, 'parent', 'Lucien.Gif087', 'eFX\:cP,@ULE&}Q)');
INSERT INTO parents VALUES(20087, 'Lucien', 'Gif');
INSERT INTO utilisateurs VALUES(20088, 'parent', 'Tom.Genese088', '>cO(LZ_/#-5B?@C=');
INSERT INTO parents VALUES(20088, 'Tom', 'Genese');
INSERT INTO utilisateurs VALUES(20089, 'parent', 'Thanzile.Livrogne089', '5cuP(tS>#z4,Gg|]');
INSERT INTO parents VALUES(20089, 'Thanzile', 'Livrogne');
INSERT INTO utilisateurs VALUES(20090, 'parent', 'Patric.Bechamelle090', 'r/p9C4%<MP-j>s{5');
INSERT INTO parents VALUES(20090, 'Patric', 'Bechamelle');
INSERT INTO utilisateurs VALUES(20091, 'parent', 'Tim.Sus091', '1{C7yhl#%]|*6aHB');
INSERT INTO parents VALUES(20091, 'Tim', 'Sus');
INSERT INTO utilisateurs VALUES(20092, 'parent', 'Lumineux.Livrogne092', 'e>QD!;EpS/gd+R]#');
INSERT INTO parents VALUES(20092, 'Lumineux', 'Livrogne');
INSERT INTO utilisateurs VALUES(20093, 'parent', 'Candys-Noémie.Lemoche093', 'xVWIj;bm2{#cGyqt');
INSERT INTO parents VALUES(20093, 'Candys-Noémie', 'Lemoche');
INSERT INTO utilisateurs VALUES(20094, 'parent', 'Juliet.Qwerty094', 'r;mZ&UVi5@INFq01');
INSERT INTO parents VALUES(20094, 'Juliet', 'Qwerty');
INSERT INTO utilisateurs VALUES(20095, 'parent', 'Tiri.Lebron095', '57TISBtD-e$^;kqU');
INSERT INTO parents VALUES(20095, 'Tiri', 'Lebron');
INSERT INTO utilisateurs VALUES(20096, 'parent', 'Desirade.B57 PRO MAX 3500096', 'CE0%H^A{Wf"Jn=rT');
INSERT INTO parents VALUES(20096, 'Desirade', 'B57 PRO MAX 3500');
INSERT INTO utilisateurs VALUES(20097, 'parent', 'Macly.Sus097', 'Zb/vwODm&xjBNeUE');
INSERT INTO parents VALUES(20097, 'Macly', 'Sus');
INSERT INTO utilisateurs VALUES(20098, 'parent', 'Pablo.Marat098', '[kY9\+fhQZS@;=!M');
INSERT INTO parents VALUES(20098, 'Pablo', 'Marat');
INSERT INTO utilisateurs VALUES(20099, 'parent', 'Mac.Edupython099', 'rLBIb9=}gK_;W@Gz');
INSERT INTO parents VALUES(20099, 'Mac', 'Edupython');
INSERT INTO utilisateurs VALUES(20100, 'parent', 'Tiri.Gif100', '$:U>/F"\giW2Tf0N');
INSERT INTO parents VALUES(20100, 'Tiri', 'Gif');
INSERT INTO utilisateurs VALUES(20101, 'parent', 'Florian.Nutella101', '$eR@>K"7&[Sy3q<%');
INSERT INTO parents VALUES(20101, 'Florian', 'Nutella');
INSERT INTO utilisateurs VALUES(20102, 'parent', 'Stalinslas.Tym102', 'Of7"kG[n\mo$t+X<');
INSERT INTO parents VALUES(20102, 'Stalinslas', 'Tym');
INSERT INTO utilisateurs VALUES(20103, 'parent', 'Loui.Piloti103', '7G{8)q1WV_d(xv[F');
INSERT INTO parents VALUES(20103, 'Loui', 'Piloti');
INSERT INTO utilisateurs VALUES(20104, 'parent', 'Candys-Noémie.Wifi104', 'U3x<@0uF/*,]kmPC');
INSERT INTO parents VALUES(20104, 'Candys-Noémie', 'Wifi');
INSERT INTO utilisateurs VALUES(20105, 'parent', 'Moru.Meurs105', 'h/n&wVj28@Z<%Ecl');
INSERT INTO parents VALUES(20105, 'Moru', 'Meurs');
INSERT INTO utilisateurs VALUES(20106, 'parent', 'Candys-Noémie.Cremanglaise106', 'n&J5#9AV{IRv/jFM');
INSERT INTO parents VALUES(20106, 'Candys-Noémie', 'Cremanglaise');
INSERT INTO utilisateurs VALUES(20107, 'parent', 'Tym.Electrique107', '+3}?9Jk{ha(DY6tG');
INSERT INTO parents VALUES(20107, 'Tym', 'Electrique');
INSERT INTO utilisateurs VALUES(20108, 'parent', 'Yanni.Tim108', 'iTI15zL}tv,=7@(D');
INSERT INTO parents VALUES(20108, 'Yanni', 'Tim');
INSERT INTO utilisateurs VALUES(20109, 'parent', 'Mac.Lubrique109', 'gBnrp?Q^Sk03<&cf');
INSERT INTO parents VALUES(20109, 'Mac', 'Lubrique');
INSERT INTO utilisateurs VALUES(20110, 'parent', 'Paluche.Azerty110', '}o{u./DXn3h,=p@s');
INSERT INTO parents VALUES(20110, 'Paluche', 'Azerty');
INSERT INTO utilisateurs VALUES(20111, 'parent', 'Valeri.Tabulage111', ';$kPInxreld-}6S7');
INSERT INTO parents VALUES(20111, 'Valeri', 'Tabulage');
INSERT INTO utilisateurs VALUES(20112, 'parent', 'Loui.Bluetooth112', 'W>znX}0kML)(4sa^');
INSERT INTO parents VALUES(20112, 'Loui', 'Bluetooth');
INSERT INTO utilisateurs VALUES(20113, 'parent', 'Jean-Mohammed.B57 PRO MAX 3500113', 'g&vly,/*"S!)J9W]');
INSERT INTO parents VALUES(20113, 'Jean-Mohammed', 'B57 PRO MAX 3500');
INSERT INTO utilisateurs VALUES(20114, 'parent', 'Célian.Meurs114', '=v&)aw,x%mA"]cG^');
INSERT INTO parents VALUES(20114, 'Célian', 'Meurs');
INSERT INTO utilisateurs VALUES(20115, 'parent', 'Stanyshlasse.Suke115', 'F={3ka(2V+0Y4CS6');
INSERT INTO parents VALUES(20115, 'Stanyshlasse', 'Suke');
INSERT INTO utilisateurs VALUES(20116, 'parent', 'Stabline.Mangesol116', 'Uu^Y%"A\yIw16,M)');
INSERT INTO parents VALUES(20116, 'Stabline', 'Mangesol');
INSERT INTO utilisateurs VALUES(20117, 'parent', 'Credito.Tem117', '[ty@+o3-b/9?c&\6');
INSERT INTO parents VALUES(20117, 'Credito', 'Tem');
INSERT INTO utilisateurs VALUES(20118, 'parent', 'Jonathan.Genesis118', 'a5(/*C"zO=;npZy:');
INSERT INTO parents VALUES(20118, 'Jonathan', 'Genesis');
INSERT INTO utilisateurs VALUES(20119, 'parent', 'Valeri.Genese119', 'PwM9qxh(4duCXaNR');
INSERT INTO parents VALUES(20119, 'Valeri', 'Genese');
INSERT INTO utilisateurs VALUES(20120, 'parent', 'Pabo.Deces120', 'eM-QqZcyT$uL9.:h');
INSERT INTO parents VALUES(20120, 'Pabo', 'Deces');
INSERT INTO utilisateurs VALUES(20121, 'parent', 'Credito.Edupython121', 'JN?E/f#V"-AT!|59');
INSERT INTO parents VALUES(20121, 'Credito', 'Edupython');
INSERT INTO utilisateurs VALUES(20122, 'parent', 'Macly.Dordebous122', 'gd,Lt-0F<.cb5]CR');
INSERT INTO parents VALUES(20122, 'Macly', 'Dordebous');
INSERT INTO utilisateurs VALUES(20123, 'parent', 'Mac.B57 PRO MAX 3500123', 'UOq}Hn*+Vm=#Dix{');
INSERT INTO parents VALUES(20123, 'Mac', 'B57 PRO MAX 3500');
INSERT INTO utilisateurs VALUES(20124, 'parent', 'Maxence.Veu124', 'aC(Q0&yZv+PSge$#');
INSERT INTO parents VALUES(20124, 'Maxence', 'Veu');
INSERT INTO utilisateurs VALUES(20125, 'parent', 'Hubert-Valéry-Patrick-Stanislas.Lemoche125', 'f>z2\KTavF+0,@"r');
INSERT INTO parents VALUES(20125, 'Hubert-Valéry-Patrick-Stanislas', 'Lemoche');
INSERT INTO utilisateurs VALUES(20126, 'parent', 'Articho.Unowhy126', 'KfE561$hv!4;W)o+');
INSERT INTO parents VALUES(20126, 'Articho', 'Unowhy');
INSERT INTO utilisateurs VALUES(20127, 'parent', 'Vic.Lodevie127', 'qO_%(DM,[+NLd8b9');
INSERT INTO parents VALUES(20127, 'Vic', 'Lodevie');
INSERT INTO utilisateurs VALUES(20128, 'parent', 'Tabour.Unowhy128', '^xP9/eXa3SH1ykfu');
INSERT INTO parents VALUES(20128, 'Tabour', 'Unowhy');
INSERT INTO utilisateurs VALUES(20129, 'parent', 'Chario.Qwerty129', '}[F-\8Ie@T"3J(^;');
INSERT INTO parents VALUES(20129, 'Chario', 'Qwerty');
INSERT INTO utilisateurs VALUES(20130, 'parent', 'Pablo.Lubrique130', 'y[>*Ye}trOog%7PR');
INSERT INTO parents VALUES(20130, 'Pablo', 'Lubrique');
INSERT INTO utilisateurs VALUES(20131, 'parent', 'Romain.Oxlong131', '3Z0d6$7_pG4ITA[|');
INSERT INTO parents VALUES(20131, 'Romain', 'Oxlong');
INSERT INTO utilisateurs VALUES(20132, 'parent', 'Lumineux.Lebeau132', '!X_DaE21)I{p,nm-');
INSERT INTO parents VALUES(20132, 'Lumineux', 'Lebeau');
INSERT INTO utilisateurs VALUES(20133, 'parent', 'Célian.Genepi133', 'J,_E1|qof-PTAlHZ');
INSERT INTO parents VALUES(20133, 'Célian', 'Genepi');
INSERT INTO utilisateurs VALUES(20134, 'parent', 'Erve.Livrogne134', '/\jwAC.IN"!WO$Yd');
INSERT INTO parents VALUES(20134, 'Erve', 'Livrogne');
INSERT INTO utilisateurs VALUES(20135, 'parent', 'Chario.Edupython135', 'MtoCpL.i)N7F!gO;');
INSERT INTO parents VALUES(20135, 'Chario', 'Edupython');
INSERT INTO utilisateurs VALUES(20136, 'parent', 'Célian.Lebron136', '@x>,<4tdHZ8[N;S#');
INSERT INTO parents VALUES(20136, 'Célian', 'Lebron');
INSERT INTO utilisateurs VALUES(20137, 'parent', 'Jen.Tam137', 'g9e/r1a,:BL0q3TK');
INSERT INTO parents VALUES(20137, 'Jen', 'Tam');
INSERT INTO utilisateurs VALUES(20138, 'parent', 'Chario.Lebeau138', 'suhb>k+zVxj9Ep2q');
INSERT INTO parents VALUES(20138, 'Chario', 'Lebeau');
INSERT INTO utilisateurs VALUES(20139, 'parent', 'Credito.Ikea139', '^GbK{}7.v%=,[VeW');
INSERT INTO parents VALUES(20139, 'Credito', 'Ikea');
INSERT INTO utilisateurs VALUES(20140, 'parent', 'Ugo.Ite140', 'BV6#QEC!xy1bK-,F');
INSERT INTO parents VALUES(20140, 'Ugo', 'Ite');
INSERT INTO utilisateurs VALUES(20141, 'parent', 'Blandine.Qwerty141', '3]<P!^?5nDZyX01z');
INSERT INTO parents VALUES(20141, 'Blandine', 'Qwerty');
INSERT INTO utilisateurs VALUES(20142, 'parent', 'Prise.Ite142', '*E}oT_];e#A0B,45');
INSERT INTO parents VALUES(20142, 'Prise', 'Ite');
INSERT INTO utilisateurs VALUES(20143, 'parent', 'Tam.Nutella143', '$(o%|KV]qBQ0*AWp');
INSERT INTO parents VALUES(20143, 'Tam', 'Nutella');
INSERT INTO utilisateurs VALUES(20144, 'parent', 'Jean-Mohammed.Genepi144', 'YH1b9"TRr#iF$eVC');
INSERT INTO parents VALUES(20144, 'Jean-Mohammed', 'Genepi');
INSERT INTO utilisateurs VALUES(20145, 'parent', 'Tiri.Lustre145', ';ae-wl+Ab{uFS.Wk');
INSERT INTO parents VALUES(20145, 'Tiri', 'Lustre');
INSERT INTO utilisateurs VALUES(20146, 'parent', 'Articho.Suroderable146', '+>4\=&uRh!c<nTrB');
INSERT INTO parents VALUES(20146, 'Articho', 'Suroderable');
INSERT INTO utilisateurs VALUES(20147, 'parent', 'Skwizy.Azerty147', '&C8}{A=RvkH052Le');
INSERT INTO parents VALUES(20147, 'Skwizy', 'Azerty');
INSERT INTO utilisateurs VALUES(20148, 'parent', 'Yanni.Tem148', 'Bt{C]NYlrhoI@AS/');
INSERT INTO parents VALUES(20148, 'Yanni', 'Tem');
INSERT INTO utilisateurs VALUES(20149, 'parent', 'Jen.Please149', '8)|kp4C>+L*3qAlc');
INSERT INTO parents VALUES(20149, 'Jen', 'Please');
INSERT INTO utilisateurs VALUES(20150, 'parent', 'Jonathan.Tem150', 'nLQ}a38vKSpCImW5');
INSERT INTO parents VALUES(20150, 'Jonathan', 'Tem');
INSERT INTO utilisateurs VALUES(20151, 'parent', 'Jonathan.Avion151', '=F>^5cMjad$"{qvP');
INSERT INTO parents VALUES(20151, 'Jonathan', 'Avion');
INSERT INTO utilisateurs VALUES(20152, 'parent', 'Jonathan.Meurs152', ':<u!b7L+})][@9K%');
INSERT INTO parents VALUES(20152, 'Jonathan', 'Meurs');
INSERT INTO utilisateurs VALUES(20153, 'parent', 'Desirade.Dordebous153', '6L^SasiXTbZOMH;9');
INSERT INTO parents VALUES(20153, 'Desirade', 'Dordebous');
INSERT INTO utilisateurs VALUES(20154, 'parent', 'Macly.Marat154', 'X(a@dB.#}y:&YCz0');
INSERT INTO parents VALUES(20154, 'Macly', 'Marat');
INSERT INTO utilisateurs VALUES(20155, 'parent', 'Tiri.Tim155', 'QtR%vHlGTq*dUpo)');
INSERT INTO parents VALUES(20155, 'Tiri', 'Tim');
INSERT INTO utilisateurs VALUES(20156, 'parent', 'Etrique.Genese156', 'mne5!DI}Avgkcpsy');
INSERT INTO parents VALUES(20156, 'Etrique', 'Genese');
INSERT INTO utilisateurs VALUES(20157, 'parent', 'Articho.Tabulage157', '1TmXw]5FG&lk"?v+');
INSERT INTO parents VALUES(20157, 'Articho', 'Tabulage');
INSERT INTO utilisateurs VALUES(20158, 'parent', 'Célian.Please158', 'p@Mat;hlzc,G4mbE');
INSERT INTO parents VALUES(20158, 'Célian', 'Please');
INSERT INTO utilisateurs VALUES(20159, 'parent', 'X Æ A-Ⅻ.Piloti159', 'V)fmC;$6GZX]/E#I');
INSERT INTO parents VALUES(20159, 'X Æ A-Ⅻ', 'Piloti');
INSERT INTO utilisateurs VALUES(20160, 'parent', 'Stanyshlasse.Lubrique160', 'T-PU/;Yz>$KhId.x');
INSERT INTO parents VALUES(20160, 'Stanyshlasse', 'Lubrique');
INSERT INTO utilisateurs VALUES(20161, 'parent', 'Meubl.Genesis161', '.&bn24mJvW0q+}QS');
INSERT INTO parents VALUES(20161, 'Meubl', 'Genesis');
INSERT INTO utilisateurs VALUES(20162, 'parent', 'Erve.Tom162', '^dVGwj_O]Usq@W4F');
INSERT INTO parents VALUES(20162, 'Erve', 'Tom');
INSERT INTO utilisateurs VALUES(20163, 'parent', 'Jean-Eune.Lebeau163', '.S}mP,/HUM6v<!iD');
INSERT INTO parents VALUES(20163, 'Jean-Eune', 'Lebeau');
INSERT INTO utilisateurs VALUES(20164, 'parent', 'Célian.Qwerty164', '+yYIm@uc}0RsJU:o');
INSERT INTO parents VALUES(20164, 'Célian', 'Qwerty');
INSERT INTO utilisateurs VALUES(20165, 'parent', 'Moru.Livrogne165', '|ZNrEIx<]Xm(CF25');
INSERT INTO parents VALUES(20165, 'Moru', 'Livrogne');
INSERT INTO utilisateurs VALUES(20166, 'parent', 'Chario.Piloti166', 'Aq})D%=*^1N-_gEH');
INSERT INTO parents VALUES(20166, 'Chario', 'Piloti');
INSERT INTO utilisateurs VALUES(20167, 'parent', 'Maxence.Marat167', '^(awT)pj,Ss{$qzP');
INSERT INTO parents VALUES(20167, 'Maxence', 'Marat');
INSERT INTO utilisateurs VALUES(20168, 'parent', 'Paluche.Tum168', '[Bxpdtoa5_+ENQDl');
INSERT INTO parents VALUES(20168, 'Paluche', 'Tum');
INSERT INTO utilisateurs VALUES(20169, 'parent', 'Skwizy.Ikea169', 'Ql;k9>KcjLMuhV\.');
INSERT INTO parents VALUES(20169, 'Skwizy', 'Ikea');
INSERT INTO utilisateurs VALUES(20170, 'parent', 'Chario.Livrogne170', '?|_ko](XV-g)ntj.');
INSERT INTO parents VALUES(20170, 'Chario', 'Livrogne');
INSERT INTO utilisateurs VALUES(20171, 'parent', 'Skwizy.Tem171', 'su^E}i?R-9hyP*;)');
INSERT INTO parents VALUES(20171, 'Skwizy', 'Tem');
INSERT INTO utilisateurs VALUES(20172, 'parent', 'Vic.Lemoche172', 'X7TRP*!B.r@D$p=e');
INSERT INTO parents VALUES(20172, 'Vic', 'Lemoche');
INSERT INTO utilisateurs VALUES(20173, 'parent', 'Hugo.Tum173', 'cj?k^+D*J.E!aIrV');
INSERT INTO parents VALUES(20173, 'Hugo', 'Tum');
INSERT INTO utilisateurs VALUES(20174, 'parent', 'Ugo.Please174', '@3o7*kt|wfs_zxK)');
INSERT INTO parents VALUES(20174, 'Ugo', 'Please');
INSERT INTO utilisateurs VALUES(20175, 'parent', 'Karfour.Ite175', 'kF6S*vH|OGwdAsyp');
INSERT INTO parents VALUES(20175, 'Karfour', 'Ite');
INSERT INTO utilisateurs VALUES(20176, 'parent', 'Jean-Eune.Tum176', '}E!0iT+;l-\#=qRO');
INSERT INTO parents VALUES(20176, 'Jean-Eune', 'Tum');
INSERT INTO utilisateurs VALUES(20177, 'parent', 'X Æ A-Ⅻ.Gif177', 'G5!3mK*B21^>Jt}d');
INSERT INTO parents VALUES(20177, 'X Æ A-Ⅻ', 'Gif');
INSERT INTO utilisateurs VALUES(20178, 'parent', 'Jean-Mohammed.Geneve178', 'K.bit*q>AnT3#XY4');
INSERT INTO parents VALUES(20178, 'Jean-Mohammed', 'Geneve');
INSERT INTO utilisateurs VALUES(20179, 'parent', 'Desirade.Qwerty179', 'NF2w@RLkTo#/bC5h');
INSERT INTO parents VALUES(20179, 'Desirade', 'Qwerty');
INSERT INTO utilisateurs VALUES(20180, 'parent', 'Patric.Piloti180', '.U:p^q9JLDg@})[W');
INSERT INTO parents VALUES(20180, 'Patric', 'Piloti');
INSERT INTO utilisateurs VALUES(20181, 'parent', 'Candys-Noémie.Moriarty181', 'b@zXRLW90#=\6hOt');
INSERT INTO parents VALUES(20181, 'Candys-Noémie', 'Moriarty');
INSERT INTO utilisateurs VALUES(20182, 'parent', 'Stabline.Veu182', 'RHzEb2>?[uYG+F9{');
INSERT INTO parents VALUES(20182, 'Stabline', 'Veu');
INSERT INTO utilisateurs VALUES(20183, 'parent', 'Deliver.Duc de Montmorency183', ':7#+<^;tEhn&CaP5');
INSERT INTO parents VALUES(20183, 'Deliver', 'Duc de Montmorency');
INSERT INTO utilisateurs VALUES(20184, 'parent', 'Macly.Pipe184', 'DL}JW07S|y+j4Bk<');
INSERT INTO parents VALUES(20184, 'Macly', 'Pipe');
INSERT INTO utilisateurs VALUES(20185, 'parent', 'Desirade.Lodevie185', '0:W}g.b)Fx!euyR%');
INSERT INTO parents VALUES(20185, 'Desirade', 'Lodevie');
INSERT INTO utilisateurs VALUES(20186, 'parent', 'Uber.Lodevie186', 'rnsv"Yh;!F?(Rd+M');
INSERT INTO parents VALUES(20186, 'Uber', 'Lodevie');
INSERT INTO utilisateurs VALUES(20187, 'parent', 'Raphaël.Lebron187', 'V&oXiR]QD4YNzC:3');
INSERT INTO parents VALUES(20187, 'Raphaël', 'Lebron');
INSERT INTO utilisateurs VALUES(20188, 'parent', 'Romain.Sus188', 'ir>e*Xck<{j_t\Cs');
INSERT INTO parents VALUES(20188, 'Romain', 'Sus');
INSERT INTO utilisateurs VALUES(20189, 'parent', 'Blandine.Mangesol189', '#92Eo640nSu7!_Z[');
INSERT INTO parents VALUES(20189, 'Blandine', 'Mangesol');
INSERT INTO utilisateurs VALUES(20190, 'parent', 'Jean-Eune.Pipe190', 'GLAs+k\uKc)<Ojtz');
INSERT INTO parents VALUES(20190, 'Jean-Eune', 'Pipe');
INSERT INTO utilisateurs VALUES(20191, 'parent', 'Florian.Gober191', 'i[q6Y^bAN}:g/wI-');
INSERT INTO parents VALUES(20191, 'Florian', 'Gober');
INSERT INTO utilisateurs VALUES(20192, 'parent', 'Blandine.Meurs192', '&uq8vOD6<g/yB,zw');
INSERT INTO parents VALUES(20192, 'Blandine', 'Meurs');
INSERT INTO utilisateurs VALUES(20193, 'parent', 'Pablo.Cremanglaise193', 'p"_m<;eXl?z3Aq>[');
INSERT INTO parents VALUES(20193, 'Pablo', 'Cremanglaise');
INSERT INTO utilisateurs VALUES(20194, 'parent', 'Jean-Mohammed.Wifi194', '.[UbS-aMXnGh3VIB');
INSERT INTO parents VALUES(20194, 'Jean-Mohammed', 'Wifi');
INSERT INTO utilisateurs VALUES(20195, 'parent', 'Jonathan.Qwerty195', '1xM,f$mWQe!\t?@b');
INSERT INTO parents VALUES(20195, 'Jonathan', 'Qwerty');
INSERT INTO utilisateurs VALUES(20196, 'parent', 'Blandine.Marat196', 'E|f)Y98(3t1Pzp\F');
INSERT INTO parents VALUES(20196, 'Blandine', 'Marat');
INSERT INTO utilisateurs VALUES(20197, 'parent', 'Thomes.Mangesol197', 'P?j2iMRHnYz=1T<#');
INSERT INTO parents VALUES(20197, 'Thomes', 'Mangesol');
INSERT INTO utilisateurs VALUES(20198, 'parent', 'Célian.Dordebous198', 'n("12@#w&=mdt%KR');
INSERT INTO parents VALUES(20198, 'Célian', 'Dordebous');
INSERT INTO utilisateurs VALUES(20199, 'parent', 'Skwizy.Wifi199', 'sZ;BCN^]IhuUk[42');
INSERT INTO parents VALUES(20199, 'Skwizy', 'Wifi');
INSERT INTO utilisateurs VALUES(20200, 'parent', 'Florian.Lebeau200', '2LM,Qp%sxnkqK[uF');
INSERT INTO parents VALUES(20200, 'Florian', 'Lebeau');
INSERT INTO utilisateurs VALUES(20201, 'parent', 'Paluche.Mangesol201', '-=*cC"Nr&fX,jD$[');
INSERT INTO parents VALUES(20201, 'Paluche', 'Mangesol');
INSERT INTO utilisateurs VALUES(20202, 'parent', 'Célian.B57 PRO MAX 3500202', '5!V}(^w3OS9Ug7rF');
INSERT INTO parents VALUES(20202, 'Célian', 'B57 PRO MAX 3500');
INSERT INTO utilisateurs VALUES(20203, 'parent', 'Credito.Pablo203', 'a%Fw\Hp86f>mKX9u');
INSERT INTO parents VALUES(20203, 'Credito', 'Pablo');
INSERT INTO utilisateurs VALUES(20204, 'parent', 'Thanzile.Mangesol204', '*\z)_6&yMPr:XvE(');
INSERT INTO parents VALUES(20204, 'Thanzile', 'Mangesol');
INSERT INTO utilisateurs VALUES(20205, 'parent', 'Juliet.Pabo205', '>c/]<&JP#T2,$roQ');
INSERT INTO parents VALUES(20205, 'Juliet', 'Pabo');
INSERT INTO utilisateurs VALUES(20206, 'parent', 'Yanni.Please206', 'C3t9h]|GxR$=EW[8');
INSERT INTO parents VALUES(20206, 'Yanni', 'Please');
INSERT INTO utilisateurs VALUES(20207, 'parent', 'Moru.Ikea207', 'ZO0?rP#=$]z3y85Q');
INSERT INTO parents VALUES(20207, 'Moru', 'Ikea');
INSERT INTO utilisateurs VALUES(20208, 'parent', 'Credito.Marat208', 'klfpZF$J^U.08,jx');
INSERT INTO parents VALUES(20208, 'Credito', 'Marat');
INSERT INTO utilisateurs VALUES(20209, 'parent', 'Florian.Gif209', '{bp8Q}c(S-ZN7*;!');
INSERT INTO parents VALUES(20209, 'Florian', 'Gif');
INSERT INTO utilisateurs VALUES(20210, 'parent', 'Tem.Qwerty210', '}mD-3k_{<|.pGNhg');
INSERT INTO parents VALUES(20210, 'Tem', 'Qwerty');
INSERT INTO utilisateurs VALUES(20211, 'parent', 'Lucien.Suke211', '0MYo%n{T=P>8gqmU');
INSERT INTO parents VALUES(20211, 'Lucien', 'Suke');
INSERT INTO utilisateurs VALUES(20212, 'parent', 'Tim.Market212', 'ZhJ2C_^7#5)Vl<ur');
INSERT INTO parents VALUES(20212, 'Tim', 'Market');
INSERT INTO utilisateurs VALUES(20213, 'parent', 'Hugo.Tem213', 'g)?,s.17%jNXf5|i');
INSERT INTO parents VALUES(20213, 'Hugo', 'Tem');
INSERT INTO utilisateurs VALUES(20214, 'parent', 'Lumineux.Plafond214', 'kT,dz20V}aDl5C]e');
INSERT INTO parents VALUES(20214, 'Lumineux', 'Plafond');
INSERT INTO utilisateurs VALUES(20215, 'parent', 'Crapo.Mangesol215', 'e?Ky)^2iA(1gm;|Z');
INSERT INTO parents VALUES(20215, 'Crapo', 'Mangesol');
INSERT INTO utilisateurs VALUES(20216, 'parent', 'Credito.Duc de Montmorency216', 'GkAp}@JuDM7{/cR-');
INSERT INTO parents VALUES(20216, 'Credito', 'Duc de Montmorency');
INSERT INTO utilisateurs VALUES(20217, 'parent', 'Uberite.Bluetooth217', 'fY)Cw0AIPteQk*H3');
INSERT INTO parents VALUES(20217, 'Uberite', 'Bluetooth');
INSERT INTO utilisateurs VALUES(20218, 'parent', 'Yassine.Qwerty218', 'lx,Ph9YS_io-/1L<');
INSERT INTO parents VALUES(20218, 'Yassine', 'Qwerty');
INSERT INTO utilisateurs VALUES(20219, 'parent', 'Yanni.Lodevie219', 'vxVWtMDar%i^Y]4I');
INSERT INTO parents VALUES(20219, 'Yanni', 'Lodevie');
INSERT INTO utilisateurs VALUES(20220, 'parent', 'Romain.Marat220', 'P)?jwM+&CTki(*f"');
INSERT INTO parents VALUES(20220, 'Romain', 'Marat');
INSERT INTO utilisateurs VALUES(20221, 'parent', 'Stanyshlasse.Tom221', 'JRry*VUa,]bD&giE');
INSERT INTO parents VALUES(20221, 'Stanyshlasse', 'Tom');
INSERT INTO utilisateurs VALUES(20222, 'parent', 'Patric.Please222', '|EPS)Zz^A_6Iu"fm');
INSERT INTO parents VALUES(20222, 'Patric', 'Please');
INSERT INTO utilisateurs VALUES(20223, 'parent', 'Tim.Piloti223', '&t5yE|VBZH3hrq2C');
INSERT INTO parents VALUES(20223, 'Tim', 'Piloti');
INSERT INTO utilisateurs VALUES(20224, 'parent', 'Prise.Tem224', '=1h;x|5Tj%#/*M]E');
INSERT INTO parents VALUES(20224, 'Prise', 'Tem');
INSERT INTO utilisateurs VALUES(20225, 'parent', 'Deliver.Tem225', 'bC)}9isy65Z!/tv%');
INSERT INTO parents VALUES(20225, 'Deliver', 'Tem');
INSERT INTO utilisateurs VALUES(20226, 'parent', 'Lucien.Please226', 'AhmRO|GJKvn+*r$l');
INSERT INTO parents VALUES(20226, 'Lucien', 'Please');
INSERT INTO utilisateurs VALUES(20227, 'parent', 'Sintia.Wifi227', 'GCKtdUgabP1Z"n$0');
INSERT INTO parents VALUES(20227, 'Sintia', 'Wifi');
INSERT INTO utilisateurs VALUES(20228, 'parent', 'Tom.Lemoche228', '4(T@J*9.S$xBpQg}');
INSERT INTO parents VALUES(20228, 'Tom', 'Lemoche');
INSERT INTO utilisateurs VALUES(20229, 'parent', 'Thomes.Tum229', 'Nx_8D%)F:^k2@wnq');
INSERT INTO parents VALUES(20229, 'Thomes', 'Tum');
INSERT INTO utilisateurs VALUES(20230, 'parent', 'Tum.Duc de Montmorency230', 'P;+%3d7TiEL](0GR');
INSERT INTO parents VALUES(20230, 'Tum', 'Duc de Montmorency');
INSERT INTO utilisateurs VALUES(20231, 'parent', 'Uberite.Suke231', '%,&d!#6r>3EVU\=f');
INSERT INTO parents VALUES(20231, 'Uberite', 'Suke');
INSERT INTO utilisateurs VALUES(20232, 'parent', 'Erve.Geneve232', 'XZMKY]8m?%bE@.1^');
INSERT INTO parents VALUES(20232, 'Erve', 'Geneve');
INSERT INTO utilisateurs VALUES(20233, 'parent', 'Amogus.Pabo233', 'iyV<8+AzSve=k_dR');
INSERT INTO parents VALUES(20233, 'Amogus', 'Pabo');
INSERT INTO utilisateurs VALUES(20234, 'parent', 'Pablo.Livrogne234', '2\fGxVEXJbve1&Rg');
INSERT INTO parents VALUES(20234, 'Pablo', 'Livrogne');
INSERT INTO utilisateurs VALUES(20235, 'parent', 'Pablo.Qwerty235', 'M%}YGnWDIl3q)FAa');
INSERT INTO parents VALUES(20235, 'Pablo', 'Qwerty');
INSERT INTO utilisateurs VALUES(20236, 'parent', 'Raphaël.Lustre236', '$_R)ev;GJ^]I?|y6');
INSERT INTO parents VALUES(20236, 'Raphaël', 'Lustre');
INSERT INTO utilisateurs VALUES(20237, 'parent', 'Patric.Nutella237', '-wFq$+j/O;aXb8v{');
INSERT INTO parents VALUES(20237, 'Patric', 'Nutella');
INSERT INTO utilisateurs VALUES(20238, 'parent', 'Valeri.Cremanglaise238', '(I2)^%atig8qFeLv');
INSERT INTO parents VALUES(20238, 'Valeri', 'Cremanglaise');
INSERT INTO utilisateurs VALUES(20239, 'parent', 'Stalinslas.Livrogne239', 'HjRbDkEAB_-;3M()');
INSERT INTO parents VALUES(20239, 'Stalinslas', 'Livrogne');
INSERT INTO utilisateurs VALUES(20240, 'parent', 'Bernar.Bluetooth240', 'r#!}?KBR%|gAnj"c');
INSERT INTO parents VALUES(20240, 'Bernar', 'Bluetooth');
INSERT INTO utilisateurs VALUES(20241, 'parent', 'Yassine.Ou241', 'Bj+.zpANO)U7voG>');
INSERT INTO parents VALUES(20241, 'Yassine', 'Ou');
INSERT INTO utilisateurs VALUES(20242, 'parent', 'Moru.Tum242', 'FT&*K@#A5wX,mdk4');
INSERT INTO parents VALUES(20242, 'Moru', 'Tum');
INSERT INTO utilisateurs VALUES(20243, 'parent', 'Tabour.Please243', 'YA3O*_p8F>Jl<]Pk');
INSERT INTO parents VALUES(20243, 'Tabour', 'Please');
INSERT INTO utilisateurs VALUES(20244, 'parent', 'Thomes.Pipe244', 'hB<M4q0feYsUdz=G');
INSERT INTO parents VALUES(20244, 'Thomes', 'Pipe');
INSERT INTO utilisateurs VALUES(20245, 'parent', 'Amogus.Tym245', 'd.c+WvU]nM*23Y:D');
INSERT INTO parents VALUES(20245, 'Amogus', 'Tym');
INSERT INTO utilisateurs VALUES(20246, 'parent', 'Yassine.Tam246', '8R<UVmOIJ1(3{;^:');
INSERT INTO parents VALUES(20246, 'Yassine', 'Tam');
INSERT INTO utilisateurs VALUES(20247, 'parent', 'Candys-Noémie.Vin247', 'hpGa*(V,r$egm+y8');
INSERT INTO parents VALUES(20247, 'Candys-Noémie', 'Vin');
INSERT INTO utilisateurs VALUES(20248, 'parent', 'Patric.Wifi248', 'WOF0(t1$npfKD_|*');
INSERT INTO parents VALUES(20248, 'Patric', 'Wifi');
INSERT INTO utilisateurs VALUES(20249, 'parent', 'Lucien.Livrogne249', 'vAkdPSL38JcF|$T1');
INSERT INTO parents VALUES(20249, 'Lucien', 'Livrogne');
INSERT INTO utilisateurs VALUES(20250, 'parent', 'Sintia.Tum250', '|hOe.y;oGN!BA0dH');
INSERT INTO parents VALUES(20250, 'Sintia', 'Tum');
INSERT INTO utilisateurs VALUES(20251, 'parent', 'Uber.Bechamelle251', '0*>\8,;TuIQe-O+)');
INSERT INTO parents VALUES(20251, 'Uber', 'Bechamelle');
INSERT INTO utilisateurs VALUES(20252, 'parent', 'Ugo.Genese252', 'gFkb3&]Znmh<(%u?');
INSERT INTO parents VALUES(20252, 'Ugo', 'Genese');
INSERT INTO utilisateurs VALUES(20253, 'parent', 'Stanyshlasse.Electrique253', '#S9!I&"te^.$p<uP');
INSERT INTO parents VALUES(20253, 'Stanyshlasse', 'Electrique');
INSERT INTO utilisateurs VALUES(20254, 'parent', 'Tabour.Pipe254', 'j]!6?|z;y$CaJ.#I');
INSERT INTO parents VALUES(20254, 'Tabour', 'Pipe');
INSERT INTO utilisateurs VALUES(20255, 'parent', 'Lucien.Lodevie255', ')O8K{f;k&=o2\RVH');
INSERT INTO parents VALUES(20255, 'Lucien', 'Lodevie');
INSERT INTO utilisateurs VALUES(20256, 'parent', 'Desirade.Wifi256', 'C[tzINp2]G\WfU#$');
INSERT INTO parents VALUES(20256, 'Desirade', 'Wifi');
INSERT INTO utilisateurs VALUES(20257, 'parent', 'Lumineux.Qwerty257', 'YzR"owJrCdq4>!XI');
INSERT INTO parents VALUES(20257, 'Lumineux', 'Qwerty');
INSERT INTO utilisateurs VALUES(20258, 'parent', 'Deliver.Ou258', '$qVkpf?dF"RnQ,Jl');
INSERT INTO parents VALUES(20258, 'Deliver', 'Ou');
INSERT INTO utilisateurs VALUES(20259, 'parent', 'Romain.Ite259', 'QZ|>34cvPl}g@_5X');
INSERT INTO parents VALUES(20259, 'Romain', 'Ite');
INSERT INTO utilisateurs VALUES(20260, 'parent', 'Patric.Gif260', 'G10j;amN&2n5yA\l');
INSERT INTO parents VALUES(20260, 'Patric', 'Gif');
INSERT INTO utilisateurs VALUES(20261, 'parent', 'Thanzile.Tim261', 'X-mf5hHngs]Lqa&)');
INSERT INTO parents VALUES(20261, 'Thanzile', 'Tim');
INSERT INTO utilisateurs VALUES(20262, 'parent', 'Loui.Tim262', 'y;Q5PIZFG>x|}j{0');
INSERT INTO parents VALUES(20262, 'Loui', 'Tim');
INSERT INTO utilisateurs VALUES(20263, 'parent', 'Jen.Pabo263', 'XSgDZuQM!qJj$ipa');
INSERT INTO parents VALUES(20263, 'Jen', 'Pabo');
INSERT INTO utilisateurs VALUES(20264, 'parent', 'Macly.Genepi264', 'UH^5$ZuJfmG\PE0T');
INSERT INTO parents VALUES(20264, 'Macly', 'Genepi');
INSERT INTO utilisateurs VALUES(20265, 'parent', 'Tam.B57 PRO MAX 3500265', '=^mc1",t;*QBw3N7');
INSERT INTO parents VALUES(20265, 'Tam', 'B57 PRO MAX 3500');
INSERT INTO utilisateurs VALUES(20266, 'parent', 'Etrique.Unowhy266', '$r0eC7\:xG6i4jw<');
INSERT INTO parents VALUES(20266, 'Etrique', 'Unowhy');
INSERT INTO utilisateurs VALUES(20267, 'parent', 'Paluche.Pipe267', 'XqFpH,!odiD{k=)#');
INSERT INTO parents VALUES(20267, 'Paluche', 'Pipe');
INSERT INTO utilisateurs VALUES(20268, 'parent', 'Tem.Sus268', 'weaY28k&N}/@CcQv');
INSERT INTO parents VALUES(20268, 'Tem', 'Sus');
INSERT INTO utilisateurs VALUES(20269, 'parent', 'Amogus.Plafond269', '@be%u$8XPUMJdFc/');
INSERT INTO parents VALUES(20269, 'Amogus', 'Plafond');
INSERT INTO utilisateurs VALUES(20270, 'parent', 'Célian.Marat270', 'G*af}ihXuje[^.zH');
INSERT INTO parents VALUES(20270, 'Célian', 'Marat');
INSERT INTO utilisateurs VALUES(20271, 'parent', 'Pablo.Vin271', 'kow1H/q>&+Uyz46)');
INSERT INTO parents VALUES(20271, 'Pablo', 'Vin');
INSERT INTO utilisateurs VALUES(20272, 'parent', 'Deliver.Plafond272', 'rZ5AuOG3b1ysid;]');
INSERT INTO parents VALUES(20272, 'Deliver', 'Plafond');
INSERT INTO utilisateurs VALUES(20273, 'parent', 'Crapo.Dordebous273', '.D!+Z\RC^ulpK2ia');
INSERT INTO parents VALUES(20273, 'Crapo', 'Dordebous');
INSERT INTO utilisateurs VALUES(20274, 'parent', 'Juliet.Lustre274', 'j:i,m{4qd2+lkc&)');
INSERT INTO parents VALUES(20274, 'Juliet', 'Lustre');
INSERT INTO utilisateurs VALUES(20275, 'parent', 'Valeri.Tem275', 'uJYpScOxZ3s;/KB8');
INSERT INTO parents VALUES(20275, 'Valeri', 'Tem');
INSERT INTO utilisateurs VALUES(20276, 'parent', 'Paluche.Wifi276', 'Kd2TzOvGWc*ClL]+');
INSERT INTO parents VALUES(20276, 'Paluche', 'Wifi');
INSERT INTO utilisateurs VALUES(20277, 'parent', 'Célian.Oxlong277', '>RHa[L=u%38zA@eq');
INSERT INTO parents VALUES(20277, 'Célian', 'Oxlong');
INSERT INTO utilisateurs VALUES(20278, 'parent', 'Pabo.Unowhy278', '?J@FzPra_;n&w(}Y');
INSERT INTO parents VALUES(20278, 'Pabo', 'Unowhy');
INSERT INTO utilisateurs VALUES(20279, 'parent', 'Patric.Suke279', 'QlsXSNu?O5q/8[zM');
INSERT INTO parents VALUES(20279, 'Patric', 'Suke');
INSERT INTO utilisateurs VALUES(20280, 'parent', 'Célian.Suroderable280', 'Cc5DZK.VP+&>,1*7');
INSERT INTO parents VALUES(20280, 'Célian', 'Suroderable');
INSERT INTO utilisateurs VALUES(20281, 'parent', 'Pabo.Tym281', 'pr{F)MuD(E:HGT#S');
INSERT INTO parents VALUES(20281, 'Pabo', 'Tym');
INSERT INTO utilisateurs VALUES(20282, 'parent', 'Lumineux.Tim282', 'Bm3&@=V}oq|rgpy$');
INSERT INTO parents VALUES(20282, 'Lumineux', 'Tim');
INSERT INTO utilisateurs VALUES(20283, 'parent', 'Stanyshlasse.Plafond283', 'X,mbB8?@-rPLx!O.');
INSERT INTO parents VALUES(20283, 'Stanyshlasse', 'Plafond');
INSERT INTO utilisateurs VALUES(20284, 'parent', 'Tom.Geneve284', 'w[,9:$ed2S7QX%i8');
INSERT INTO parents VALUES(20284, 'Tom', 'Geneve');
INSERT INTO utilisateurs VALUES(20285, 'parent', 'Maxence.Lubrique285', 'SXfGuROcxY^2NM|=');
INSERT INTO parents VALUES(20285, 'Maxence', 'Lubrique');
INSERT INTO utilisateurs VALUES(20286, 'parent', 'Hugo.Lemoche286', '9i\cxM;uR_&T7yCb');
INSERT INTO parents VALUES(20286, 'Hugo', 'Lemoche');
INSERT INTO utilisateurs VALUES(20287, 'parent', 'Chario.Tim287', '4AmhUdqI^\@=Y!%l');
INSERT INTO parents VALUES(20287, 'Chario', 'Tim');
INSERT INTO utilisateurs VALUES(20288, 'parent', 'Skwizy.Bluetooth288', 'Y>ytwOIW&{<j.(GJ');
INSERT INTO parents VALUES(20288, 'Skwizy', 'Bluetooth');
INSERT INTO utilisateurs VALUES(20289, 'parent', 'Moru.Suroderable289', '()4lG=:qUF&eP9{I');
INSERT INTO parents VALUES(20289, 'Moru', 'Suroderable');
INSERT INTO utilisateurs VALUES(20290, 'parent', 'Stabline.Lemoche290', '2i{A>RJrIn"|#(hB');
INSERT INTO parents VALUES(20290, 'Stabline', 'Lemoche');
INSERT INTO utilisateurs VALUES(20291, 'parent', 'Paluche.Cremanglaise291', '-!x4[dM(9B0;vDkN');
INSERT INTO parents VALUES(20291, 'Paluche', 'Cremanglaise');
INSERT INTO utilisateurs VALUES(20292, 'parent', 'Chario.Avion292', 'fD5-;K".@yPqMNWY');
INSERT INTO parents VALUES(20292, 'Chario', 'Avion');
INSERT INTO utilisateurs VALUES(20293, 'parent', 'Raphaël.Cremanglaise293', 'H<qK\b&Urg/hAjIV');
INSERT INTO parents VALUES(20293, 'Raphaël', 'Cremanglaise');
INSERT INTO utilisateurs VALUES(20294, 'parent', 'Karfour.Lebeau294', 'N_!<a^b&Mvmy\h;>');
INSERT INTO parents VALUES(20294, 'Karfour', 'Lebeau');
INSERT INTO utilisateurs VALUES(20295, 'parent', 'Ugo.Wifi295', ':,F>w.o]rL@U^SR/');
INSERT INTO parents VALUES(20295, 'Ugo', 'Wifi');
INSERT INTO utilisateurs VALUES(20296, 'parent', 'Stanyshlasse.Edupython296', 'pGdEgD^$7e]&>|j-');
INSERT INTO parents VALUES(20296, 'Stanyshlasse', 'Edupython');
INSERT INTO utilisateurs VALUES(20297, 'parent', 'Prise.Qwerty297', 'K@^qPjnJW_TS9kc$');
INSERT INTO parents VALUES(20297, 'Prise', 'Qwerty');
INSERT INTO utilisateurs VALUES(20298, 'parent', 'Stalinslas.Tom298', 'AamJ0i[-_L246"KS');
INSERT INTO parents VALUES(20298, 'Stalinslas', 'Tom');
INSERT INTO utilisateurs VALUES(20299, 'parent', 'Moru.Marat299', 'AEhTg32k&@,?p#GZ');
INSERT INTO parents VALUES(20299, 'Moru', 'Marat');
INSERT INTO utilisateurs VALUES(20300, 'parent', 'Bernar.Qwerty300', '{ro%/Q.M:FV+7zbl');
INSERT INTO parents VALUES(20300, 'Bernar', 'Qwerty');
INSERT INTO utilisateurs VALUES(20301, 'parent', 'Vic.Tem301', 'DI6M.A9#xP-;8YcU');
INSERT INTO parents VALUES(20301, 'Vic', 'Tem');
INSERT INTO utilisateurs VALUES(20302, 'parent', 'Karfour.Suroderable302', '|feMJ_0v8z,13]w%');
INSERT INTO parents VALUES(20302, 'Karfour', 'Suroderable');
INSERT INTO utilisateurs VALUES(20303, 'parent', 'Etrique.Gif303', 'AYXrRti,NZIpK/mf');
INSERT INTO parents VALUES(20303, 'Etrique', 'Gif');
INSERT INTO utilisateurs VALUES(20304, 'parent', 'Amogus.Lemoche304', '$;@<b2qtV&P]siHA');
INSERT INTO parents VALUES(20304, 'Amogus', 'Lemoche');
INSERT INTO utilisateurs VALUES(20305, 'parent', 'Pabo.Pablo305', 'C,8}YBuxl%"GT?[;');
INSERT INTO parents VALUES(20305, 'Pabo', 'Pablo');
INSERT INTO utilisateurs VALUES(20306, 'parent', 'Célian.Unowhy306', 'zi[./{q}*fOV|aEm');
INSERT INTO parents VALUES(20306, 'Célian', 'Unowhy');
INSERT INTO utilisateurs VALUES(20307, 'parent', 'Lucien.Tabulage307', '<%fXJ-Q?N1od^6vw');
INSERT INTO parents VALUES(20307, 'Lucien', 'Tabulage');
INSERT INTO utilisateurs VALUES(20308, 'parent', 'Desirade.Mangesol308', ',zf"$EMilIPuxC8_');
INSERT INTO parents VALUES(20308, 'Desirade', 'Mangesol');
INSERT INTO utilisateurs VALUES(20309, 'parent', 'Karfour.Lustre309', 'K_F3Mlyqnw?^Hs%v');
INSERT INTO parents VALUES(20309, 'Karfour', 'Lustre');
INSERT INTO utilisateurs VALUES(20310, 'parent', 'Articho.Gober310', 'Fx=[t>&K/yW,PJ}H');
INSERT INTO parents VALUES(20310, 'Articho', 'Gober');
INSERT INTO utilisateurs VALUES(20311, 'parent', 'Ugo.Tym311', '\VwP^RoL7(vEkr8%');
INSERT INTO parents VALUES(20311, 'Ugo', 'Tym');
INSERT INTO utilisateurs VALUES(20312, 'parent', 'Jen.Lebron312', 'LYW9x$Z"M-<h)!1,');
INSERT INTO parents VALUES(20312, 'Jen', 'Lebron');
INSERT INTO utilisateurs VALUES(20313, 'parent', 'Bernar.B57 PRO MAX 3500313', '_g>rU3Z65R:,^?CO');
INSERT INTO parents VALUES(20313, 'Bernar', 'B57 PRO MAX 3500');
INSERT INTO utilisateurs VALUES(20314, 'parent', 'Lumineux.Tum314', '{%$&t|cDBMsPg2_i');
INSERT INTO parents VALUES(20314, 'Lumineux', 'Tum');
INSERT INTO utilisateurs VALUES(20315, 'parent', 'Hubert-Valéry-Patrick-Stanislas.Unowhy315', 'WK^#H!4xAp;SqZmP');
INSERT INTO parents VALUES(20315, 'Hubert-Valéry-Patrick-Stanislas', 'Unowhy');
INSERT INTO utilisateurs VALUES(20316, 'parent', 'Romain.B57 PRO MAX 3500316', 'ZkqY$USy@=fD{^?T');
INSERT INTO parents VALUES(20316, 'Romain', 'B57 PRO MAX 3500');
INSERT INTO utilisateurs VALUES(20317, 'parent', 'Articho.Mangesol317', 'd)<H_Ds9W,[a4nQP');
INSERT INTO parents VALUES(20317, 'Articho', 'Mangesol');
INSERT INTO utilisateurs VALUES(20318, 'parent', 'Tom.Moriarty318', 'qyuG-9_m8Zzt[rpV');
INSERT INTO parents VALUES(20318, 'Tom', 'Moriarty');
INSERT INTO utilisateurs VALUES(20319, 'parent', 'Jean-Eune.Oxlong319', 'W[l9SJ^@moqe#PkF');
INSERT INTO parents VALUES(20319, 'Jean-Eune', 'Oxlong');
INSERT INTO utilisateurs VALUES(20320, 'parent', 'Tum.Pablo320', '=5c*^_e(QF#8!fOA');
INSERT INTO parents VALUES(20320, 'Tum', 'Pablo');
INSERT INTO utilisateurs VALUES(20321, 'parent', 'Desirade.Azerty321', 'V+sHEk]MyU=1fW<o');
INSERT INTO parents VALUES(20321, 'Desirade', 'Azerty');
INSERT INTO utilisateurs VALUES(20322, 'parent', 'Jean-Eune.Qwerty322', 'ul@NZH(016$JfG#A');
INSERT INTO parents VALUES(20322, 'Jean-Eune', 'Qwerty');
INSERT INTO utilisateurs VALUES(20323, 'parent', 'Maxence.Geneve323', '4g&8p"9V0LijOsoe');
INSERT INTO parents VALUES(20323, 'Maxence', 'Geneve');
INSERT INTO utilisateurs VALUES(20324, 'parent', 'Deliver.Epiee324', '_BU!bE}5]%S\P-/R');
INSERT INTO parents VALUES(20324, 'Deliver', 'Epiee');
INSERT INTO utilisateurs VALUES(20325, 'parent', 'Célian.Nutella325', 'JR/$ad)^:&TH(pBs');
INSERT INTO parents VALUES(20325, 'Célian', 'Nutella');
INSERT INTO utilisateurs VALUES(20326, 'parent', 'Erve.Deces326', ';9Ra1=Oo+!6fGrch');
INSERT INTO parents VALUES(20326, 'Erve', 'Deces');
INSERT INTO utilisateurs VALUES(20327, 'parent', 'Yanni.Gif327', '.sQD3iqL,!:bV|uo');
INSERT INTO parents VALUES(20327, 'Yanni', 'Gif');
INSERT INTO utilisateurs VALUES(20328, 'parent', 'Tim.Pabo328', 'A7+ynQDz>C[<}5Mx');
INSERT INTO parents VALUES(20328, 'Tim', 'Pabo');
INSERT INTO utilisateurs VALUES(20329, 'parent', 'Blandine.Moriarty329', 'y2U!H"to=n7e(}_[');
INSERT INTO parents VALUES(20329, 'Blandine', 'Moriarty');
INSERT INTO utilisateurs VALUES(20330, 'parent', 'Stalinslas.Lebeau330', 'R_It{Pv9K,)Qh*Sf');
INSERT INTO parents VALUES(20330, 'Stalinslas', 'Lebeau');
INSERT INTO utilisateurs VALUES(20331, 'parent', 'Yassine.Mangesol331', 'GOo6e&\bY-1h[gRJ');
INSERT INTO parents VALUES(20331, 'Yassine', 'Mangesol');
INSERT INTO utilisateurs VALUES(20332, 'parent', 'Tom.Unowhy332', '<rt.Kj={?3aM$b}P');
INSERT INTO parents VALUES(20332, 'Tom', 'Unowhy');
INSERT INTO utilisateurs VALUES(20333, 'parent', 'Jen.Veu333', '{Od0qv1K-=/h,zJ*');
INSERT INTO parents VALUES(20333, 'Jen', 'Veu');
INSERT INTO utilisateurs VALUES(20334, 'parent', 'Thanzile.Genesis334', '%uXI4Y+^,x8vU>Jr');
INSERT INTO parents VALUES(20334, 'Thanzile', 'Genesis');
INSERT INTO utilisateurs VALUES(20335, 'parent', 'Jonathan.Lustre335', 'T%EVPi5nAv_m!)2R');
INSERT INTO parents VALUES(20335, 'Jonathan', 'Lustre');
INSERT INTO utilisateurs VALUES(20336, 'parent', 'Macly.Piloti336', 'LeA5[E/UnjwkH\"V');
INSERT INTO parents VALUES(20336, 'Macly', 'Piloti');
INSERT INTO utilisateurs VALUES(20337, 'parent', 'Prise.Plafond337', ')3ikaSstr{;1$TlM');
INSERT INTO parents VALUES(20337, 'Prise', 'Plafond');
INSERT INTO utilisateurs VALUES(20338, 'parent', 'Ugo.Tem338', 'W7_|T(yHzOdu:1bC');
INSERT INTO parents VALUES(20338, 'Ugo', 'Tem');
INSERT INTO utilisateurs VALUES(20339, 'parent', 'Valeri.Musk339', '/+tuIp7J1W%QZrB_');
INSERT INTO parents VALUES(20339, 'Valeri', 'Musk');
INSERT INTO utilisateurs VALUES(20340, 'parent', 'Paluche.Veu340', 'T*Jq[sONPgD40/Bd');
INSERT INTO parents VALUES(20340, 'Paluche', 'Veu');
INSERT INTO utilisateurs VALUES(20341, 'parent', 'Pablo.Electrique341', 'I[#d@:3f|VcoDz&h');
INSERT INTO parents VALUES(20341, 'Pablo', 'Electrique');
INSERT INTO utilisateurs VALUES(20342, 'parent', 'Erve.Avion342', 't/3[kpcf_80HAw"T');
INSERT INTO parents VALUES(20342, 'Erve', 'Avion');
INSERT INTO utilisateurs VALUES(20343, 'parent', 'Tam.Mangesol343', 'LWT4_oA[^-.kMc{j');
INSERT INTO parents VALUES(20343, 'Tam', 'Mangesol');
INSERT INTO utilisateurs VALUES(20344, 'parent', 'Tiri.Please344', 'A)m^3!DK[v#9GRu;');
INSERT INTO parents VALUES(20344, 'Tiri', 'Please');
INSERT INTO utilisateurs VALUES(20345, 'parent', 'Pabo.Dordebous345', ':ve$?7C"Yrk+GO)>');
INSERT INTO parents VALUES(20345, 'Pabo', 'Dordebous');
INSERT INTO utilisateurs VALUES(20346, 'parent', 'Hubert-Valéry-Patrick-Stanislas.Pabo346', '=qnfd.{wT;xKacWD');
INSERT INTO parents VALUES(20346, 'Hubert-Valéry-Patrick-Stanislas', 'Pabo');
INSERT INTO utilisateurs VALUES(20347, 'parent', 'Karfour.Gober347', 'qva4FHE"y3TxUnpj');
INSERT INTO parents VALUES(20347, 'Karfour', 'Gober');
INSERT INTO utilisateurs VALUES(20348, 'parent', 'Stanyshlasse.Lebeau348', '3SW]\BAJ0YZnla<,');
INSERT INTO parents VALUES(20348, 'Stanyshlasse', 'Lebeau');
INSERT INTO utilisateurs VALUES(20349, 'parent', 'Hugo.Epiee349', 'uRM)VgG*w^1LfI>4');
INSERT INTO parents VALUES(20349, 'Hugo', 'Epiee');
INSERT INTO utilisateurs VALUES(20350, 'parent', 'Hugo.Pabo350', 'O^pG1m50/xr#X_c%');
INSERT INTO parents VALUES(20350, 'Hugo', 'Pabo');
INSERT INTO utilisateurs VALUES(20351, 'parent', 'Tabour.Market351', 'Z|W/KY{Da,nG:u<C');
INSERT INTO parents VALUES(20351, 'Tabour', 'Market');
INSERT INTO utilisateurs VALUES(20352, 'parent', 'Etrique.Edupython352', '4-m=bQa(fpg3JC,F');
INSERT INTO parents VALUES(20352, 'Etrique', 'Edupython');
INSERT INTO utilisateurs VALUES(20353, 'parent', 'Juliet.Nutella353', 'rA<oTQ{alxzp9M#E');
INSERT INTO parents VALUES(20353, 'Juliet', 'Nutella');
INSERT INTO utilisateurs VALUES(20354, 'parent', 'Pabo.Tum354', 'q"7@\fo{NXna/Gh9');
INSERT INTO parents VALUES(20354, 'Pabo', 'Tum');
INSERT INTO utilisateurs VALUES(20355, 'parent', 'Tem.Genesis355', 'c>QnsW/de9k%zqL|');
INSERT INTO parents VALUES(20355, 'Tem', 'Genesis');
INSERT INTO utilisateurs VALUES(20356, 'parent', 'Thanzile.Lebeau356', ']TOcKno!6|Uqjk*f');
INSERT INTO parents VALUES(20356, 'Thanzile', 'Lebeau');
INSERT INTO utilisateurs VALUES(20357, 'parent', 'Chario.Tum357', 'KrQXlY[v/qn4?hoM');
INSERT INTO parents VALUES(20357, 'Chario', 'Tum');
INSERT INTO utilisateurs VALUES(20358, 'parent', 'Skwizy.Unowhy358', 'vJh)wZpzFyC.NgG7');
INSERT INTO parents VALUES(20358, 'Skwizy', 'Unowhy');
INSERT INTO utilisateurs VALUES(20359, 'parent', 'Stabline.Tum359', '/wLsH>tK7"9#v-WY');
INSERT INTO parents VALUES(20359, 'Stabline', 'Tum');
INSERT INTO utilisateurs VALUES(20360, 'parent', 'Tem.Mière360', '6:3V9FdJ&<;fvD@a');
INSERT INTO parents VALUES(20360, 'Tem', 'Mière');
INSERT INTO utilisateurs VALUES(20361, 'parent', 'Candys-Noémie.Oxlong361', 'o;(K_!#lTZ2"Q4k1');
INSERT INTO parents VALUES(20361, 'Candys-Noémie', 'Oxlong');
INSERT INTO utilisateurs VALUES(20362, 'parent', 'Valeri.Oxlong362', 'G!]-<>xJu2a3%QX)');
INSERT INTO parents VALUES(20362, 'Valeri', 'Oxlong');
INSERT INTO utilisateurs VALUES(20363, 'parent', 'Uberite.Unowhy363', 'Hc15"?;]j,<nPuAW');
INSERT INTO parents VALUES(20363, 'Uberite', 'Unowhy');
INSERT INTO utilisateurs VALUES(20364, 'parent', 'Moru.Genesis364', 'p^TcMmo;+4tNw92(');
INSERT INTO parents VALUES(20364, 'Moru', 'Genesis');
INSERT INTO utilisateurs VALUES(20365, 'parent', 'X Æ A-Ⅻ.Cremanglaise365', 'U4dZMoie1A]>^F5m');
INSERT INTO parents VALUES(20365, 'X Æ A-Ⅻ', 'Cremanglaise');
INSERT INTO utilisateurs VALUES(20366, 'parent', 'Macly.Livrogne366', 'fEN"7FD}*_vmTG)]');
INSERT INTO parents VALUES(20366, 'Macly', 'Livrogne');
INSERT INTO utilisateurs VALUES(20367, 'parent', 'Pabo.Geneve367', '=B$IV5je{H]&Mg(4');
INSERT INTO parents VALUES(20367, 'Pabo', 'Geneve');
INSERT INTO utilisateurs VALUES(20368, 'parent', 'Vic.Edupython368', '{X_5cjN#)<eu&kE.');
INSERT INTO parents VALUES(20368, 'Vic', 'Edupython');
INSERT INTO utilisateurs VALUES(20369, 'parent', 'Karfour.Qwerty369', 'NGBE)hngzS,JT$fZ');
INSERT INTO parents VALUES(20369, 'Karfour', 'Qwerty');
INSERT INTO utilisateurs VALUES(20370, 'parent', 'Bernar.Genesis370', 'wa[n%CFbY}.pRG*+');
INSERT INTO parents VALUES(20370, 'Bernar', 'Genesis');
INSERT INTO utilisateurs VALUES(20371, 'parent', 'Célian.Descartes371', 'C\pMUdg1O#s)5>=B');
INSERT INTO parents VALUES(20371, 'Célian', 'Descartes');
INSERT INTO utilisateurs VALUES(20372, 'parent', 'Stabline.Genepi372', '#bE<!fd-,e214t%W');
INSERT INTO parents VALUES(20372, 'Stabline', 'Genepi');
INSERT INTO utilisateurs VALUES(20373, 'parent', 'Hubert-Valéry-Patrick-Stanislas.Meurs373', 'jHuV7BZ12FLTGtN!');
INSERT INTO parents VALUES(20373, 'Hubert-Valéry-Patrick-Stanislas', 'Meurs');
INSERT INTO utilisateurs VALUES(20374, 'parent', 'Tiri.Suroderable374', 'bd*[Ue;R4s"N/uV#');
INSERT INTO parents VALUES(20374, 'Tiri', 'Suroderable');
INSERT INTO utilisateurs VALUES(20375, 'parent', 'Tabour.Avion375', '#OT@v6Dz$i8}W:UM');
INSERT INTO parents VALUES(20375, 'Tabour', 'Avion');
INSERT INTO utilisateurs VALUES(20376, 'parent', 'Juliet.Moriarty376', '-kJLi:xufr1%,XU?');
INSERT INTO parents VALUES(20376, 'Juliet', 'Moriarty');
INSERT INTO utilisateurs VALUES(20377, 'parent', 'Blandine.Tam377', 'O(Zi9SDK.d+NJpyt');
INSERT INTO parents VALUES(20377, 'Blandine', 'Tam');
INSERT INTO utilisateurs VALUES(20378, 'parent', 'Macly.Please378', '|4K0_<k)21o3}G9.');
INSERT INTO parents VALUES(20378, 'Macly', 'Please');
INSERT INTO utilisateurs VALUES(20379, 'parent', 'Mac.Lemoche379', 'r}vZBT#+Opd6?Y75');
INSERT INTO parents VALUES(20379, 'Mac', 'Lemoche');
INSERT INTO utilisateurs VALUES(20380, 'parent', 'Lumineux.Mangesol380', 'q)1EwV</^_SFcU}p');
INSERT INTO parents VALUES(20380, 'Lumineux', 'Mangesol');
INSERT INTO utilisateurs VALUES(20381, 'parent', 'Karfour.Edupython381', '0cYLh:|%6$#RFHjV');
INSERT INTO parents VALUES(20381, 'Karfour', 'Edupython');
INSERT INTO utilisateurs VALUES(20382, 'parent', 'Sintia.Lebron382', 'U>c^J-2A);Q.kVMI');
INSERT INTO parents VALUES(20382, 'Sintia', 'Lebron');
INSERT INTO utilisateurs VALUES(20383, 'parent', 'Chario.Please383', 'gtcDmd9o!1EHB#=y');
INSERT INTO parents VALUES(20383, 'Chario', 'Please');
INSERT INTO utilisateurs VALUES(20384, 'parent', 'Uber.Tym384', 'r(T)\FtmlV1M@Py8');
INSERT INTO parents VALUES(20384, 'Uber', 'Tym');
INSERT INTO utilisateurs VALUES(20385, 'parent', 'Deliver.Ikea385', 'dQujR*hN:,8oz}&I');
INSERT INTO parents VALUES(20385, 'Deliver', 'Ikea');
INSERT INTO utilisateurs VALUES(20386, 'parent', 'Thomes.Market386', '4\rP9F;BYLUjIR^>');
INSERT INTO parents VALUES(20386, 'Thomes', 'Market');
INSERT INTO utilisateurs VALUES(20387, 'parent', 'Erve.Azerty387', 'fhnK<D:Z)QpAF\@M');
INSERT INTO parents VALUES(20387, 'Erve', 'Azerty');
INSERT INTO utilisateurs VALUES(20388, 'parent', 'Vic.Geneve388', '(Z,W"/*lUYSfk#on');
INSERT INTO parents VALUES(20388, 'Vic', 'Geneve');
INSERT INTO utilisateurs VALUES(20389, 'parent', 'Hugo.Tabulage389', ',\-PzN]quFy|:l35');
INSERT INTO parents VALUES(20389, 'Hugo', 'Tabulage');
INSERT INTO utilisateurs VALUES(20390, 'parent', 'Pabo.Suke390', 'mtAx}KR$&Xl1ewcj');
INSERT INTO parents VALUES(20390, 'Pabo', 'Suke');
INSERT INTO utilisateurs VALUES(20391, 'parent', 'Yassine.Geneve391', '?Z/3@0]6e"U<*[;>');
INSERT INTO parents VALUES(20391, 'Yassine', 'Geneve');
INSERT INTO utilisateurs VALUES(20392, 'parent', 'Jonathan.Deces392', 'y)RL/G6Fr$;bcfQ1');
INSERT INTO parents VALUES(20392, 'Jonathan', 'Deces');
INSERT INTO utilisateurs VALUES(20393, 'parent', 'Hubert-Valéry-Patrick-Stanislas.Marat393', '8O7Z[KUDBQTJPwv#');
INSERT INTO parents VALUES(20393, 'Hubert-Valéry-Patrick-Stanislas', 'Marat');
INSERT INTO utilisateurs VALUES(20394, 'parent', 'Lumineux.Deces394', 'ILa(Hjnoq.4b5BT"');
INSERT INTO parents VALUES(20394, 'Lumineux', 'Deces');
INSERT INTO utilisateurs VALUES(20395, 'parent', 'Stalinslas.Avion395', 'h9p;ns,=LTPgX-qB');
INSERT INTO parents VALUES(20395, 'Stalinslas', 'Avion');
INSERT INTO utilisateurs VALUES(20396, 'parent', 'Sintia.Lustre396', '79^g0B!vts/MTJEV');
INSERT INTO parents VALUES(20396, 'Sintia', 'Lustre');
INSERT INTO utilisateurs VALUES(20397, 'parent', 'Erve.Musk397', 'R"7w@J-f_kvBDlYi');
INSERT INTO parents VALUES(20397, 'Erve', 'Musk');
INSERT INTO utilisateurs VALUES(20398, 'parent', 'Erve.Lodevie398', 'Fi1lSe<%@WAV3N]6');
INSERT INTO parents VALUES(20398, 'Erve', 'Lodevie');
INSERT INTO utilisateurs VALUES(20399, 'parent', 'Pablo.Suke399', '@G)hlBu/8V<!.7CS');
INSERT INTO parents VALUES(20399, 'Pablo', 'Suke');
INSERT INTO utilisateurs VALUES(20400, 'parent', 'Maxence.Gif400', '1(6"a&z9Fxb28oL:');
INSERT INTO parents VALUES(20400, 'Maxence', 'Gif');
INSERT INTO utilisateurs VALUES(20401, 'parent', 'Credito.Sus401', 'J-Z>nF9s}eI*LtAu');
INSERT INTO parents VALUES(20401, 'Credito', 'Sus');
INSERT INTO utilisateurs VALUES(20402, 'parent', 'Articho.Plafond402', 'LR+<v/9A(N{@y]gU');
INSERT INTO parents VALUES(20402, 'Articho', 'Plafond');
INSERT INTO utilisateurs VALUES(20403, 'parent', 'Uberite.Pablo403', 'SM,Wr7N<mu:=cBd)');
INSERT INTO parents VALUES(20403, 'Uberite', 'Pablo');
INSERT INTO utilisateurs VALUES(20404, 'parent', 'Lumineux.Genesis404', 'gi.9ZhYxq;l-)S<R');
INSERT INTO parents VALUES(20404, 'Lumineux', 'Genesis');
INSERT INTO utilisateurs VALUES(20405, 'parent', 'Jean-Mohammed.Suroderable405', 'm<=_a]Csz:y+fZ/7');
INSERT INTO parents VALUES(20405, 'Jean-Mohammed', 'Suroderable');
INSERT INTO utilisateurs VALUES(20406, 'parent', 'Crapo.Marat406', 'ZLI$Dt.f;bU3r,a4');
INSERT INTO parents VALUES(20406, 'Crapo', 'Marat');
INSERT INTO utilisateurs VALUES(20407, 'parent', 'Tem.Meurs407', '!;]-.tYS,1$k?\}a');
INSERT INTO parents VALUES(20407, 'Tem', 'Meurs');
INSERT INTO utilisateurs VALUES(20408, 'parent', 'Uberite.Marat408', 'r0ERU#dVoW2Y@&iy');
INSERT INTO parents VALUES(20408, 'Uberite', 'Marat');
INSERT INTO utilisateurs VALUES(20409, 'parent', 'Vic.Vin409', '{kX=*}eg91rFm.#N');
INSERT INTO parents VALUES(20409, 'Vic', 'Vin');
INSERT INTO utilisateurs VALUES(20410, 'parent', 'Prise.Unowhy410', 'i+}hz0x=%[o5OMVy');
INSERT INTO parents VALUES(20410, 'Prise', 'Unowhy');
INSERT INTO utilisateurs VALUES(20411, 'parent', 'Moru.Ite411', '^RxF1kZP&>/flL0s');
INSERT INTO parents VALUES(20411, 'Moru', 'Ite');
INSERT INTO utilisateurs VALUES(20412, 'parent', 'Skwizy.Tum412', 'W{owb_uk9}(U6mAc');
INSERT INTO parents VALUES(20412, 'Skwizy', 'Tum');
INSERT INTO utilisateurs VALUES(20413, 'parent', 'Pabo.Vin413', ';i|JEv.bR"lwD9od');
INSERT INTO parents VALUES(20413, 'Pabo', 'Vin');
INSERT INTO utilisateurs VALUES(20414, 'parent', 'Pabo.Electrique414', 's34=a-e&LVo@NyM!');
INSERT INTO parents VALUES(20414, 'Pabo', 'Electrique');
INSERT INTO utilisateurs VALUES(20415, 'parent', 'Stabline.Geneve415', '=*%)J<jVa9}5y">A');
INSERT INTO parents VALUES(20415, 'Stabline', 'Geneve');
INSERT INTO utilisateurs VALUES(20416, 'parent', 'Patric.Unowhy416', 'w[c?T5No#QO>iZL(');
INSERT INTO parents VALUES(20416, 'Patric', 'Unowhy');
INSERT INTO utilisateurs VALUES(20417, 'parent', 'Desirade.Sus417', 'A{y@GoT:(VXv;CEL');
INSERT INTO parents VALUES(20417, 'Desirade', 'Sus');
INSERT INTO utilisateurs VALUES(20418, 'parent', 'Articho.Ikea418', '63;&,mPrzc87Awk[');
INSERT INTO parents VALUES(20418, 'Articho', 'Ikea');
INSERT INTO utilisateurs VALUES(20419, 'parent', 'Moru.Pie419', '4{&*56dSb@K|zBIj');
INSERT INTO parents VALUES(20419, 'Moru', 'Pie');
INSERT INTO utilisateurs VALUES(20420, 'parent', 'Skwizy.Moriarty420', 'A5!mbg&_1#=BN;jX');
INSERT INTO parents VALUES(20420, 'Skwizy', 'Moriarty');
INSERT INTO utilisateurs VALUES(20421, 'parent', 'Pabo.Mangesol421', 'M-=d)vGSEJ\+&6$>');
INSERT INTO parents VALUES(20421, 'Pabo', 'Mangesol');
INSERT INTO utilisateurs VALUES(20422, 'parent', 'Karfour.Lebron422', 'ER4*,5$S9p6/LAJ&');
INSERT INTO parents VALUES(20422, 'Karfour', 'Lebron');
INSERT INTO utilisateurs VALUES(20423, 'parent', 'Tiri.Ite423', 'UsY$^AG_]=B4y#L:');
INSERT INTO parents VALUES(20423, 'Tiri', 'Ite');
INSERT INTO utilisateurs VALUES(20424, 'parent', 'Lucien.Tom424', '"2+HCfzwo)F?Je9R');
INSERT INTO parents VALUES(20424, 'Lucien', 'Tom');
INSERT INTO utilisateurs VALUES(20425, 'parent', 'Sintia.Tem425', 'p@;i:Kw9^u&fT85>');
INSERT INTO parents VALUES(20425, 'Sintia', 'Tem');
INSERT INTO utilisateurs VALUES(20426, 'parent', 'Crapo.Meurs426', 'Z3e])sCrE\O@^/XL');
INSERT INTO parents VALUES(20426, 'Crapo', 'Meurs');
INSERT INTO utilisateurs VALUES(20427, 'parent', 'Jen.Edupython427', 'vBMy6#*zxZWPlAca');
INSERT INTO parents VALUES(20427, 'Jen', 'Edupython');
INSERT INTO utilisateurs VALUES(20428, 'parent', 'Jean-Mohammed.Ou428', 'J4N+G9?.lLso(WA&');
INSERT INTO parents VALUES(20428, 'Jean-Mohammed', 'Ou');
INSERT INTO utilisateurs VALUES(20429, 'parent', 'Jean-Eune.Cremanglaise429', 'XDsiybSpBc:hVx&}');
INSERT INTO parents VALUES(20429, 'Jean-Eune', 'Cremanglaise');
INSERT INTO utilisateurs VALUES(20430, 'parent', 'Etrique.Mangesol430', 'x89j@;0tW{oy#Qv=');
INSERT INTO parents VALUES(20430, 'Etrique', 'Mangesol');
INSERT INTO utilisateurs VALUES(20431, 'parent', 'Pablo.Please431', 'n{0_NIF#\zBWder1');
INSERT INTO parents VALUES(20431, 'Pablo', 'Please');
INSERT INTO utilisateurs VALUES(20432, 'parent', 'Pablo.Meurs432', '[Wg5x/!^-w)&7#_z');
INSERT INTO parents VALUES(20432, 'Pablo', 'Meurs');
INSERT INTO utilisateurs VALUES(20433, 'parent', 'Tabour.Meurs433', '7Ih)@*8KDc19Avu,');
INSERT INTO parents VALUES(20433, 'Tabour', 'Meurs');
INSERT INTO utilisateurs VALUES(20434, 'parent', 'Lucien.Meurs434', '4bWSza<ole$IM]LQ');
INSERT INTO parents VALUES(20434, 'Lucien', 'Meurs');
INSERT INTO utilisateurs VALUES(20435, 'parent', 'Hugo.Pie435', '"*>Wjx]&l_:m\t)v');
INSERT INTO parents VALUES(20435, 'Hugo', 'Pie');
INSERT INTO utilisateurs VALUES(20436, 'parent', 'Meubl.Ikea436', '=5[@$M4uJREqA/ey');
INSERT INTO parents VALUES(20436, 'Meubl', 'Ikea');
INSERT INTO utilisateurs VALUES(20437, 'parent', 'Tim.Marat437', '-=v|L>r<Qm}z2V\I');
INSERT INTO parents VALUES(20437, 'Tim', 'Marat');
INSERT INTO utilisateurs VALUES(20438, 'parent', 'Candys-Noémie.Genepi438', 'g1q3W>I&e/r+N?2M');
INSERT INTO parents VALUES(20438, 'Candys-Noémie', 'Genepi');
INSERT INTO utilisateurs VALUES(20439, 'parent', 'Pabo.Pabo439', '8kC5KZBISLP-r/fE');
INSERT INTO parents VALUES(20439, 'Pabo', 'Pabo');
INSERT INTO utilisateurs VALUES(20440, 'parent', 'Chario.Nutella440', 'PZy{x4D3:JBfVY%1');
INSERT INTO parents VALUES(20440, 'Chario', 'Nutella');
INSERT INTO utilisateurs VALUES(20441, 'parent', 'Articho.Bechamelle441', '{V.e^7/d[vIuOpAz');
INSERT INTO parents VALUES(20441, 'Articho', 'Bechamelle');
INSERT INTO utilisateurs VALUES(20442, 'parent', 'Maxence.Moriarty442', '4h#zoQwV]+j?ebO-');
INSERT INTO parents VALUES(20442, 'Maxence', 'Moriarty');
INSERT INTO utilisateurs VALUES(20443, 'parent', 'Etrique.Meurs443', '.*6d@sNU%u$iMP];');
INSERT INTO parents VALUES(20443, 'Etrique', 'Meurs');
INSERT INTO utilisateurs VALUES(20444, 'parent', 'Pabo.Moriarty444', '_&n{87u3QpxoZg)a');
INSERT INTO parents VALUES(20444, 'Pabo', 'Moriarty');
INSERT INTO utilisateurs VALUES(20445, 'parent', 'Karfour.Lubrique445', 'a;>nrxoP<HT6.#0_');
INSERT INTO parents VALUES(20445, 'Karfour', 'Lubrique');
INSERT INTO utilisateurs VALUES(20446, 'parent', 'Jen.B57 PRO MAX 3500446', 'O?[Cz\8S9r]^&IKD');
INSERT INTO parents VALUES(20446, 'Jen', 'B57 PRO MAX 3500');
INSERT INTO utilisateurs VALUES(20447, 'parent', 'Vic.Marat447', '8ZxlV*fk-tB=9.b(');
INSERT INTO parents VALUES(20447, 'Vic', 'Marat');
INSERT INTO utilisateurs VALUES(20448, 'parent', 'Lucien.Epiee448', 'M8S_\xs.&+70T]A=');
INSERT INTO parents VALUES(20448, 'Lucien', 'Epiee');
INSERT INTO utilisateurs VALUES(20449, 'parent', 'Blandine.Deces449', 'jOAY)l@4M8vS<;i}');
INSERT INTO parents VALUES(20449, 'Blandine', 'Deces');
INSERT INTO utilisateurs VALUES(20450, 'parent', 'Ugo.Livrogne450', '}$[msvRnNao.;hVx');
INSERT INTO parents VALUES(20450, 'Ugo', 'Livrogne');
INSERT INTO utilisateurs VALUES(20451, 'parent', 'Loui.Vin451', 'Iz&=%8i}6:jg{GSZ');
INSERT INTO parents VALUES(20451, 'Loui', 'Vin');
INSERT INTO utilisateurs VALUES(20452, 'parent', 'Etrique.Vin452', 'Rb^6Ue([i>T3Gz0V');
INSERT INTO parents VALUES(20452, 'Etrique', 'Vin');
INSERT INTO utilisateurs VALUES(20453, 'parent', 'Tiri.Moriarty453', 'jeV<Ohk}upAIZyv,');
INSERT INTO parents VALUES(20453, 'Tiri', 'Moriarty');
INSERT INTO utilisateurs VALUES(20454, 'parent', 'Juliet.Lubrique454', 'anwHu.o680Cg}7x3');
INSERT INTO parents VALUES(20454, 'Juliet', 'Lubrique');
INSERT INTO utilisateurs VALUES(20455, 'parent', 'Jean-Eune.B57 PRO MAX 3500455', '0N,]_k+UuB2Dn3F(');
INSERT INTO parents VALUES(20455, 'Jean-Eune', 'B57 PRO MAX 3500');
INSERT INTO utilisateurs VALUES(20456, 'parent', 'Tabour.Tabulage456', 'lz<5Ru6Ba\*3G>#/');
INSERT INTO parents VALUES(20456, 'Tabour', 'Tabulage');
INSERT INTO utilisateurs VALUES(20457, 'parent', 'Nathanaël.Ite457', 'op>}MSQ{)lh3/y.t');
INSERT INTO parents VALUES(20457, 'Nathanaël', 'Ite');
INSERT INTO utilisateurs VALUES(20458, 'parent', 'Thanzile.Geneve458', 'BV!TjL-F/YmzgZ?|');
INSERT INTO parents VALUES(20458, 'Thanzile', 'Geneve');
INSERT INTO utilisateurs VALUES(20459, 'parent', 'Hubert-Valéry-Patrick-Stanislas.Descartes459', 'S-PwN2*ZzKhVt^o>');
INSERT INTO parents VALUES(20459, 'Hubert-Valéry-Patrick-Stanislas', 'Descartes');
INSERT INTO utilisateurs VALUES(20460, 'parent', 'Pablo.B57 PRO MAX 3500460', ')+qKcam6]$JiHX>Y');
INSERT INTO parents VALUES(20460, 'Pablo', 'B57 PRO MAX 3500');
INSERT INTO utilisateurs VALUES(20461, 'parent', 'Nathanaël.Piloti461', 'd%shU+gaBE{\AkTt');
INSERT INTO parents VALUES(20461, 'Nathanaël', 'Piloti');
INSERT INTO utilisateurs VALUES(20462, 'parent', 'Jonathan.Tam462', '1{smRuYo,:}r+]|&');
INSERT INTO parents VALUES(20462, 'Jonathan', 'Tam');
INSERT INTO utilisateurs VALUES(20463, 'parent', 'Lucien.Pablo463', 'v,on%fH4;aB{^S.m');
INSERT INTO parents VALUES(20463, 'Lucien', 'Pablo');
INSERT INTO utilisateurs VALUES(20464, 'parent', 'Tum.Geneve464', 'b!ewo?+GOhYN/.2|');
INSERT INTO parents VALUES(20464, 'Tum', 'Geneve');
INSERT INTO utilisateurs VALUES(20465, 'parent', 'Crapo.Pablo465', ',V?<0is+3!|nehGc');
INSERT INTO parents VALUES(20465, 'Crapo', 'Pablo');
INSERT INTO utilisateurs VALUES(20466, 'parent', 'Nathanaël.Bluetooth466', 'l9]#{ErH^nz534Zq');
INSERT INTO parents VALUES(20466, 'Nathanaël', 'Bluetooth');
INSERT INTO utilisateurs VALUES(20467, 'parent', 'Yassine.Meurs467', 'kf5CL0F.w9xD*_&a');
INSERT INTO parents VALUES(20467, 'Yassine', 'Meurs');
INSERT INTO utilisateurs VALUES(20468, 'parent', 'Deliver.Meurs468', 'jgsU.3fC]?Zk@[o%');
INSERT INTO parents VALUES(20468, 'Deliver', 'Meurs');
INSERT INTO utilisateurs VALUES(20469, 'parent', 'Crapo.Gober469', '|XdC=y_bj:+GDP/{');
INSERT INTO parents VALUES(20469, 'Crapo', 'Gober');
INSERT INTO utilisateurs VALUES(20470, 'parent', 'Florian.Lebron470', 'U)QrNwB<o=!{4W/Z');
INSERT INTO parents VALUES(20470, 'Florian', 'Lebron');
INSERT INTO utilisateurs VALUES(20471, 'parent', 'Pablo.Suroderable471', 'DiRdAIvh.:Cl(Ya+');
INSERT INTO parents VALUES(20471, 'Pablo', 'Suroderable');
INSERT INTO utilisateurs VALUES(20472, 'parent', 'Tym.Vin472', 'DvW;{Bln2AX*]ep@');
INSERT INTO parents VALUES(20472, 'Tym', 'Vin');
INSERT INTO utilisateurs VALUES(20473, 'parent', 'Jonathan.Genepi473', ')8VsL4KeGvh(/?B+');
INSERT INTO parents VALUES(20473, 'Jonathan', 'Genepi');
INSERT INTO utilisateurs VALUES(20474, 'parent', 'Valeri.Ou474', 'za0(UpJ!tF.P)LE$');
INSERT INTO parents VALUES(20474, 'Valeri', 'Ou');
INSERT INTO utilisateurs VALUES(20475, 'parent', 'Romain.Genesis475', 'F)g?/nJ=4c|mj]iE');
INSERT INTO parents VALUES(20475, 'Romain', 'Genesis');
INSERT INTO utilisateurs VALUES(20476, 'parent', 'Thanzile.Descartes476', '"qsQJR7TBU>)GSH0');
INSERT INTO parents VALUES(20476, 'Thanzile', 'Descartes');
INSERT INTO utilisateurs VALUES(20477, 'parent', 'Florian.Duc de Montmorency477', 'xSl-T5_CAc2$|qhH');
INSERT INTO parents VALUES(20477, 'Florian', 'Duc de Montmorency');
INSERT INTO utilisateurs VALUES(20478, 'parent', 'Mac.Meurs478', '-Mm;rKvIg^$tbFHf');
INSERT INTO parents VALUES(20478, 'Mac', 'Meurs');
INSERT INTO utilisateurs VALUES(20479, 'parent', 'Tim.Plafond479', '{cKQM_,3Gz\aw=<:');
INSERT INTO parents VALUES(20479, 'Tim', 'Plafond');
INSERT INTO utilisateurs VALUES(20480, 'parent', 'Florian.Tim480', 'H;/Z?]%h\O.F2(xr');
INSERT INTO parents VALUES(20480, 'Florian', 'Tim');
INSERT INTO utilisateurs VALUES(20481, 'parent', 'Célian.Electrique481', 'cROC&Aw"rqkh.+a3');
INSERT INTO parents VALUES(20481, 'Célian', 'Electrique');
INSERT INTO utilisateurs VALUES(20482, 'parent', 'Maxence.Suroderable482', '"0;9W67]}S#QFq4*');
INSERT INTO parents VALUES(20482, 'Maxence', 'Suroderable');
INSERT INTO utilisateurs VALUES(20483, 'parent', 'Tam.Cremanglaise483', '/8*7#nrMk(;3dz_[');
INSERT INTO parents VALUES(20483, 'Tam', 'Cremanglaise');
INSERT INTO utilisateurs VALUES(20484, 'parent', 'Chario.Bechamelle484', 'F-:a|_)=5V^3Mt7z');
INSERT INTO parents VALUES(20484, 'Chario', 'Bechamelle');
INSERT INTO utilisateurs VALUES(20485, 'parent', 'Meubl.Mière485', 'H!Ka*}2QyO439e7U');
INSERT INTO parents VALUES(20485, 'Meubl', 'Mière');
INSERT INTO utilisateurs VALUES(20486, 'parent', 'Hugo.Tom486', '?z"=-w/[gV.FM_fx');
INSERT INTO parents VALUES(20486, 'Hugo', 'Tom');
INSERT INTO utilisateurs VALUES(20487, 'parent', 'Lumineux.Tem487', 'h|)]$tpCUd!#^Zem');
INSERT INTO parents VALUES(20487, 'Lumineux', 'Tem');
INSERT INTO utilisateurs VALUES(20488, 'parent', 'Hubert-Valéry-Patrick-Stanislas.Lodevie488', '+C(g|Ri?2}S:ZQu-');
INSERT INTO parents VALUES(20488, 'Hubert-Valéry-Patrick-Stanislas', 'Lodevie');
INSERT INTO utilisateurs VALUES(20489, 'parent', 'Erve.Please489', '+vM[mh\p1P:B|yj9');
INSERT INTO parents VALUES(20489, 'Erve', 'Please');
INSERT INTO utilisateurs VALUES(20490, 'parent', 'Stalinslas.Descartes490', '-K=I?4H2gw*uqn!F');
INSERT INTO parents VALUES(20490, 'Stalinslas', 'Descartes');
INSERT INTO utilisateurs VALUES(20491, 'parent', 'Loui.Lemoche491', 'a?xR|jt&UXmfA"=D');
INSERT INTO parents VALUES(20491, 'Loui', 'Lemoche');
INSERT INTO utilisateurs VALUES(20492, 'parent', 'Jean-Eune.Dordebous492', '_;!Cm{=9chV\k8R2');
INSERT INTO parents VALUES(20492, 'Jean-Eune', 'Dordebous');
INSERT INTO utilisateurs VALUES(20493, 'parent', 'Etrique.B57 PRO MAX 3500493', '>-GP}HB;n+#y,@Mm');
INSERT INTO parents VALUES(20493, 'Etrique', 'B57 PRO MAX 3500');
INSERT INTO utilisateurs VALUES(20494, 'parent', 'Maxence.Qwerty494', 'drs/%O&*t2iK>zG;');
INSERT INTO parents VALUES(20494, 'Maxence', 'Qwerty');
INSERT INTO utilisateurs VALUES(20495, 'parent', 'Jen.Suroderable495', '+bPk$giM8A"|)&2E');
INSERT INTO parents VALUES(20495, 'Jen', 'Suroderable');
INSERT INTO utilisateurs VALUES(20496, 'parent', 'Romain.Lebron496', ':/^EFGT,&tpNP(3@');
INSERT INTO parents VALUES(20496, 'Romain', 'Lebron');
INSERT INTO utilisateurs VALUES(20497, 'parent', 'Credito.Epiee497', 'Qv<=zxOP/AdEFsl_');
INSERT INTO parents VALUES(20497, 'Credito', 'Epiee');
INSERT INTO utilisateurs VALUES(20498, 'parent', 'Stabline.Genesis498', '(WKHlczZ}FG?3C4u');
INSERT INTO parents VALUES(20498, 'Stabline', 'Genesis');
INSERT INTO utilisateurs VALUES(20499, 'parent', 'Blandine.Lubrique499', 'd!,Tyq4Q#J6>Ug\x');
INSERT INTO parents VALUES(20499, 'Blandine', 'Lubrique');
INSERT INTO utilisateurs VALUES(20500, 'parent', 'Tym.Mangesol500', '"c+i4,5y*n(z.MRs');
INSERT INTO parents VALUES(20500, 'Tym', 'Mangesol');
INSERT INTO utilisateurs VALUES(20501, 'parent', 'Juliet.Piloti501', '(_[Gi3I,?@EW<r;s');
INSERT INTO parents VALUES(20501, 'Juliet', 'Piloti');
INSERT INTO utilisateurs VALUES(20502, 'parent', 'Juliet.Tym502', 'XG$iJD}pa8ZrgA\e');
INSERT INTO parents VALUES(20502, 'Juliet', 'Tym');
INSERT INTO utilisateurs VALUES(20503, 'parent', 'Sintia.Meurs503', 'Ex!z>rf"ap634_R#');
INSERT INTO parents VALUES(20503, 'Sintia', 'Meurs');
INSERT INTO utilisateurs VALUES(20504, 'parent', 'Crapo.Qwerty504', '>]fK26c&;3dY*"RI');
INSERT INTO parents VALUES(20504, 'Crapo', 'Qwerty');
INSERT INTO utilisateurs VALUES(20505, 'parent', 'Romain.Tabulage505', 'VNa3AC\Wuc[T<6Qy');
INSERT INTO parents VALUES(20505, 'Romain', 'Tabulage');
INSERT INTO utilisateurs VALUES(20506, 'parent', 'Tum.Oxlong506', 'MI$[jKZ_>osRlr-u');
INSERT INTO parents VALUES(20506, 'Tum', 'Oxlong');
INSERT INTO utilisateurs VALUES(20507, 'parent', 'Florian.Pablo507', 'gb%[i96Yyul=2@U0');
INSERT INTO parents VALUES(20507, 'Florian', 'Pablo');
INSERT INTO utilisateurs VALUES(20508, 'parent', 'Hugo.Ite508', '/f2\;4q|%m9n,:SL');
INSERT INTO parents VALUES(20508, 'Hugo', 'Ite');
INSERT INTO utilisateurs VALUES(20509, 'parent', 'Thomes.Sus509', 'y8%3nUa#]Z=rEuk"');
INSERT INTO parents VALUES(20509, 'Thomes', 'Sus');
INSERT INTO utilisateurs VALUES(20510, 'parent', 'Uberite.B57 PRO MAX 3500510', 'QF58TLPZ6Y9-S1u<');
INSERT INTO parents VALUES(20510, 'Uberite', 'B57 PRO MAX 3500');
INSERT INTO utilisateurs VALUES(20511, 'parent', 'Prise.Ikea511', 'ym3[R9/;kg#4o0VP');
INSERT INTO parents VALUES(20511, 'Prise', 'Ikea');
INSERT INTO utilisateurs VALUES(20512, 'parent', 'Yassine.Livrogne512', 'EdAL*GH0Py\6CM^D');
INSERT INTO parents VALUES(20512, 'Yassine', 'Livrogne');
INSERT INTO utilisateurs VALUES(20513, 'parent', 'Uber.Meurs513', '_Ub2}tx|KzGm=W*6');
INSERT INTO parents VALUES(20513, 'Uber', 'Meurs');
INSERT INTO utilisateurs VALUES(20514, 'parent', 'Erve.Mangesol514', ']zn"{g=?36)&Aa+Q');
INSERT INTO parents VALUES(20514, 'Erve', 'Mangesol');
INSERT INTO utilisateurs VALUES(20515, 'parent', 'Vic.Lustre515', 's?@e4Mi8P7-O^/&,');
INSERT INTO parents VALUES(20515, 'Vic', 'Lustre');
INSERT INTO utilisateurs VALUES(20516, 'parent', 'Sintia.Gober516', 'Y1w;iD}.t&lxh|b4');
INSERT INTO parents VALUES(20516, 'Sintia', 'Gober');
INSERT INTO utilisateurs VALUES(20517, 'parent', 'Raphaël.Plafond517', '2-hA)v^Bo*I{SY%z');
INSERT INTO parents VALUES(20517, 'Raphaël', 'Plafond');
INSERT INTO utilisateurs VALUES(20518, 'parent', 'Articho.Vin518', 'ysi=>!Z_ez[%FBpl');
INSERT INTO parents VALUES(20518, 'Articho', 'Vin');
INSERT INTO utilisateurs VALUES(20519, 'parent', 'Loui.Mière519', 'F]|}Zi,gCH<6a9=P');
INSERT INTO parents VALUES(20519, 'Loui', 'Mière');
INSERT INTO utilisateurs VALUES(20520, 'parent', 'Credito.Lubrique520', '+:vA?yUb1rHMX<x6');
INSERT INTO parents VALUES(20520, 'Credito', 'Lubrique');
INSERT INTO utilisateurs VALUES(20521, 'parent', 'Paluche.Bechamelle521', '<(3gZd6_vK.yxn}$');
INSERT INTO parents VALUES(20521, 'Paluche', 'Bechamelle');
INSERT INTO utilisateurs VALUES(20522, 'parent', 'X Æ A-Ⅻ.Azerty522', '+swHP,y?tXN=Ogj$');
INSERT INTO parents VALUES(20522, 'X Æ A-Ⅻ', 'Azerty');
INSERT INTO utilisateurs VALUES(20523, 'parent', 'Romain.Deces523', '?tc^TjS=#+&/9yn!');
INSERT INTO parents VALUES(20523, 'Romain', 'Deces');
INSERT INTO utilisateurs VALUES(20524, 'parent', 'X Æ A-Ⅻ.Edupython524', 'W;q%ru>#sR,\oxYw');
INSERT INTO parents VALUES(20524, 'X Æ A-Ⅻ', 'Edupython');
INSERT INTO utilisateurs VALUES(20525, 'parent', 'Lumineux.Tom525', 'aK63_e\}+1:tCknE');
INSERT INTO parents VALUES(20525, 'Lumineux', 'Tom');
INSERT INTO utilisateurs VALUES(20526, 'parent', 'Moru.Genese526', 'lDh"(5SC\1-dO>Zs');
INSERT INTO parents VALUES(20526, 'Moru', 'Genese');
INSERT INTO utilisateurs VALUES(20527, 'parent', 'Prise.Pablo527', 'P?UF^k]4SK\<V5x}');
INSERT INTO parents VALUES(20527, 'Prise', 'Pablo');
INSERT INTO utilisateurs VALUES(20528, 'parent', 'Bernar.Meurs528', 'uN|JOY@_GU}cy/!g');
INSERT INTO parents VALUES(20528, 'Bernar', 'Meurs');
INSERT INTO utilisateurs VALUES(20529, 'parent', 'Erve.Marat529', 'UyRQ372]A(m#w[8V');
INSERT INTO parents VALUES(20529, 'Erve', 'Marat');
INSERT INTO utilisateurs VALUES(20530, 'parent', 'Pablo.Deces530', ',D*}3gzNIc=E\ptL');
INSERT INTO parents VALUES(20530, 'Pablo', 'Deces');
INSERT INTO utilisateurs VALUES(20531, 'parent', 'Florian.Genesis531', '75e>Z?KChou6{kg!');
INSERT INTO parents VALUES(20531, 'Florian', 'Genesis');
INSERT INTO utilisateurs VALUES(20532, 'parent', 'Raphaël.Tam532', 'k6nsb^=4/Fdq98yA');
INSERT INTO parents VALUES(20532, 'Raphaël', 'Tam');
INSERT INTO utilisateurs VALUES(20533, 'parent', 'Stabline.Gif533', 'p{u1"!z\9E0+_b6T');
INSERT INTO parents VALUES(20533, 'Stabline', 'Gif');
INSERT INTO utilisateurs VALUES(20534, 'parent', 'Tem.Livrogne534', ']f:p/\bu=nc*9jq&');
INSERT INTO parents VALUES(20534, 'Tem', 'Livrogne');
INSERT INTO utilisateurs VALUES(20535, 'parent', 'Bernar.Descartes535', '>Rn|OQG)k1tm+,Ez');
INSERT INTO parents VALUES(20535, 'Bernar', 'Descartes');
INSERT INTO utilisateurs VALUES(20536, 'parent', 'Candys-Noémie.Ou536', 'n;]1.-^WMv6m5+cx');
INSERT INTO parents VALUES(20536, 'Candys-Noémie', 'Ou');
INSERT INTO utilisateurs VALUES(20537, 'parent', 'Romain.Epiee537', 'PRK1Xh.eWm%TzV:6');
INSERT INTO parents VALUES(20537, 'Romain', 'Epiee');
INSERT INTO utilisateurs VALUES(20538, 'parent', 'Tum.Gif538', ']r53Pk7>lR@fjh!W');
INSERT INTO parents VALUES(20538, 'Tum', 'Gif');
INSERT INTO utilisateurs VALUES(20539, 'parent', 'Raphaël.Azerty539', '?G4Kv9\2jHsagy)E');
INSERT INTO parents VALUES(20539, 'Raphaël', 'Azerty');
INSERT INTO utilisateurs VALUES(20540, 'parent', 'Jean-Mohammed.Avion540', '43Gb:q&]/KtI;)wd');
INSERT INTO parents VALUES(20540, 'Jean-Mohammed', 'Avion');
INSERT INTO utilisateurs VALUES(20541, 'parent', 'Etrique.Azerty541', 'a/2g&Yv@Q!-wnz;.');
INSERT INTO parents VALUES(20541, 'Etrique', 'Azerty');
INSERT INTO utilisateurs VALUES(20542, 'parent', 'Yanni.Gober542', '&\!N_RewD2UoT+/;');
INSERT INTO parents VALUES(20542, 'Yanni', 'Gober');
INSERT INTO utilisateurs VALUES(20543, 'parent', 'Karfour.Azerty543', ';|Yy#zWf=gG.1PDh');
INSERT INTO parents VALUES(20543, 'Karfour', 'Azerty');
INSERT INTO utilisateurs VALUES(20544, 'parent', 'Lumineux.Pablo544', 'f$xN<r^VHZ:XtJ*,');
INSERT INTO parents VALUES(20544, 'Lumineux', 'Pablo');
INSERT INTO utilisateurs VALUES(20545, 'parent', 'Juliet.Musk545', '1/x!t8QosYh3|Vpc');
INSERT INTO parents VALUES(20545, 'Juliet', 'Musk');
INSERT INTO utilisateurs VALUES(20546, 'parent', 'Moru.Please546', 'kdQCP7S/13bH".Yz');
INSERT INTO parents VALUES(20546, 'Moru', 'Please');
INSERT INTO utilisateurs VALUES(20547, 'parent', 'Tym.Tem547', 'n5A4,|vpD!IKw[W@');
INSERT INTO parents VALUES(20547, 'Tym', 'Tem');
INSERT INTO utilisateurs VALUES(20548, 'parent', 'Chario.Market548', '238HvU[iM^hf%;bC');
INSERT INTO parents VALUES(20548, 'Chario', 'Market');
INSERT INTO utilisateurs VALUES(20549, 'parent', 'Thanzile.Ite549', 'j"bCDz$Kcsu[^p6q');
INSERT INTO parents VALUES(20549, 'Thanzile', 'Ite');
INSERT INTO utilisateurs VALUES(20550, 'parent', 'Blandine.Bechamelle550', 'd"6f8%ki3u<b^G;L');
INSERT INTO parents VALUES(20550, 'Blandine', 'Bechamelle');
INSERT INTO utilisateurs VALUES(20551, 'parent', 'Etrique.Musk551', '7wp8l}KnLe_,.C4F');
INSERT INTO parents VALUES(20551, 'Etrique', 'Musk');
INSERT INTO utilisateurs VALUES(20552, 'parent', 'Jean-Eune.Marat552', 'oU|gy&,B@I:)Re7x');
INSERT INTO parents VALUES(20552, 'Jean-Eune', 'Marat');
INSERT INTO utilisateurs VALUES(20553, 'parent', 'Mac.Tem553', 'Wy%1-Az.b#|?;hNk');
INSERT INTO parents VALUES(20553, 'Mac', 'Tem');
INSERT INTO utilisateurs VALUES(20554, 'parent', 'Patric.Bluetooth554', 'ikc>7N4\hrtML.5Q');
INSERT INTO parents VALUES(20554, 'Patric', 'Bluetooth');
INSERT INTO utilisateurs VALUES(20555, 'parent', 'Stanyshlasse.Musk555', ',-^Fsg\m7|y*#Pd%');
INSERT INTO parents VALUES(20555, 'Stanyshlasse', 'Musk');
INSERT INTO utilisateurs VALUES(20556, 'parent', 'Jen.Meurs556', '[\1O#}K-pD|zEMyc');
INSERT INTO parents VALUES(20556, 'Jen', 'Meurs');
INSERT INTO utilisateurs VALUES(20557, 'parent', 'Hugo.Please557', 'xFL{2.+J)%6Tij>p');
INSERT INTO parents VALUES(20557, 'Hugo', 'Please');
INSERT INTO utilisateurs VALUES(20558, 'parent', 'Stanyshlasse.Pabo558', '-/v*l?{XVrpjWPyQ');
INSERT INTO parents VALUES(20558, 'Stanyshlasse', 'Pabo');
INSERT INTO utilisateurs VALUES(20559, 'parent', 'Florian.Livrogne559', 'fzO=(NA.RZ9>MDn7');
INSERT INTO parents VALUES(20559, 'Florian', 'Livrogne');
INSERT INTO utilisateurs VALUES(20560, 'parent', 'Pablo.Genesis560', '?-CahrulMkqOy@4f');
INSERT INTO parents VALUES(20560, 'Pablo', 'Genesis');
INSERT INTO utilisateurs VALUES(20561, 'parent', 'Tam.Tym561', '1!e<pc@2Z0"QYL/w');
INSERT INTO parents VALUES(20561, 'Tam', 'Tym');
INSERT INTO utilisateurs VALUES(20562, 'parent', 'Articho.Piloti562', 'sovl,k(XreW9]D-n');
INSERT INTO parents VALUES(20562, 'Articho', 'Piloti');
INSERT INTO utilisateurs VALUES(20563, 'parent', 'X Æ A-Ⅻ.Lebeau563', '{N*(4:.T@8LwXkWF');
INSERT INTO parents VALUES(20563, 'X Æ A-Ⅻ', 'Lebeau');
INSERT INTO utilisateurs VALUES(20564, 'parent', 'Patric.Azerty564', '!Yc8,KC-Za)W[($j');
INSERT INTO parents VALUES(20564, 'Patric', 'Azerty');
INSERT INTO utilisateurs VALUES(20565, 'parent', 'Uber.Wifi565', 'ShkX_qGIL]j3Tg4s');
INSERT INTO parents VALUES(20565, 'Uber', 'Wifi');
INSERT INTO utilisateurs VALUES(20566, 'parent', 'Vic.Market566', '!TU4Qp*)&rNHs\OP');
INSERT INTO parents VALUES(20566, 'Vic', 'Market');
INSERT INTO utilisateurs VALUES(20567, 'parent', 'Prise.Tym567', 'bFn1&7qt@6SwE^iM');
INSERT INTO parents VALUES(20567, 'Prise', 'Tym');
INSERT INTO utilisateurs VALUES(20568, 'parent', 'Lumineux.Avion568', 'DFRx.v#m4nZk3yo$');
INSERT INTO parents VALUES(20568, 'Lumineux', 'Avion');
INSERT INTO utilisateurs VALUES(20569, 'parent', 'Hugo.Sus569', 'LaK>$F6U}zNvw?3"');
INSERT INTO parents VALUES(20569, 'Hugo', 'Sus');
INSERT INTO utilisateurs VALUES(20570, 'parent', 'Etrique.Marat570', ':aI%oW@wX.H-e"^{');
INSERT INTO parents VALUES(20570, 'Etrique', 'Marat');
INSERT INTO utilisateurs VALUES(20571, 'parent', 'Skwizy.Duc de Montmorency571', 'l*$C<)({]K6-y2}g');
INSERT INTO parents VALUES(20571, 'Skwizy', 'Duc de Montmorency');
INSERT INTO utilisateurs VALUES(20572, 'parent', 'Yassine.Lustre572', '#@f<TZ!7[DqhF%+N');
INSERT INTO parents VALUES(20572, 'Yassine', 'Lustre');
INSERT INTO utilisateurs VALUES(20573, 'parent', 'X Æ A-Ⅻ.Please573', 'S.8DU*WVfa#]eN+G');
INSERT INTO parents VALUES(20573, 'X Æ A-Ⅻ', 'Please');
INSERT INTO utilisateurs VALUES(20574, 'parent', 'Nathanaël.Tum574', 'H*@?D."E8XNVI)+i');
INSERT INTO parents VALUES(20574, 'Nathanaël', 'Tum');
INSERT INTO utilisateurs VALUES(20575, 'parent', 'Erve.Electrique575', 'Vd=R$?ir9*>g8Y<I');
INSERT INTO parents VALUES(20575, 'Erve', 'Electrique');
INSERT INTO utilisateurs VALUES(20576, 'parent', 'X Æ A-Ⅻ.Ou576', '$e@d)hjqM*5z|;0]');
INSERT INTO parents VALUES(20576, 'X Æ A-Ⅻ', 'Ou');
INSERT INTO utilisateurs VALUES(20577, 'parent', 'Yanni.Tym577', '1G4_z>6<"F@-7x]A');
INSERT INTO parents VALUES(20577, 'Yanni', 'Tym');
INSERT INTO utilisateurs VALUES(20578, 'parent', 'Tem.Dordebous578', 'dLnA^X+TzW"9(?)$');
INSERT INTO parents VALUES(20578, 'Tem', 'Dordebous');
INSERT INTO utilisateurs VALUES(20579, 'parent', 'Tabour.Lubrique579', 'W3{|_Nm/"<hIb8Tv');
INSERT INTO parents VALUES(20579, 'Tabour', 'Lubrique');
INSERT INTO utilisateurs VALUES(20580, 'parent', 'Stanyshlasse.Bluetooth580', 'nw(lYWdtR4!a"C^@');
INSERT INTO parents VALUES(20580, 'Stanyshlasse', 'Bluetooth');
INSERT INTO utilisateurs VALUES(20581, 'parent', 'Loui.Pipe581', 'PM.O^0]x2);:HVrz');
INSERT INTO parents VALUES(20581, 'Loui', 'Pipe');
INSERT INTO utilisateurs VALUES(20582, 'parent', 'Tom.Oxlong582', '5:r<i(Lhv9KN-)qT');
INSERT INTO parents VALUES(20582, 'Tom', 'Oxlong');
INSERT INTO utilisateurs VALUES(20583, 'parent', 'Tom.Suke583', 'tCiBv\Z.}8pSqY6"');
INSERT INTO parents VALUES(20583, 'Tom', 'Suke');
INSERT INTO utilisateurs VALUES(20584, 'parent', 'Valeri.Please584', 'mCxt10S*h"G4(Idj');
INSERT INTO parents VALUES(20584, 'Valeri', 'Please');
INSERT INTO utilisateurs VALUES(20585, 'parent', 'Nathanaël.Market585', 'Yt!gaOp+s0n>(i=&');
INSERT INTO parents VALUES(20585, 'Nathanaël', 'Market');
INSERT INTO utilisateurs VALUES(20586, 'parent', 'Yanni.Azerty586', 'ko3HlM\GX8TCe!AO');
INSERT INTO parents VALUES(20586, 'Yanni', 'Azerty');
INSERT INTO utilisateurs VALUES(20587, 'parent', 'Tom.Ikea587', 'a{C?*TlkP<u^ct(2');
INSERT INTO parents VALUES(20587, 'Tom', 'Ikea');
INSERT INTO utilisateurs VALUES(20588, 'parent', 'Ugo.Lebeau588', '{4CnW/|:OH%PX^,U');
INSERT INTO parents VALUES(20588, 'Ugo', 'Lebeau');
INSERT INTO utilisateurs VALUES(20589, 'parent', 'Romain.Piloti589', 'mo#rx0,ka@f|hPD*');
INSERT INTO parents VALUES(20589, 'Romain', 'Piloti');
INSERT INTO utilisateurs VALUES(20590, 'parent', 'Etrique.Wifi590', '*$Xrzqx#)Y3e%aZg');
INSERT INTO parents VALUES(20590, 'Etrique', 'Wifi');
INSERT INTO utilisateurs VALUES(20591, 'parent', 'Lucien.Nutella591', 'Y:P2fJ\3#WO]UiFz');
INSERT INTO parents VALUES(20591, 'Lucien', 'Nutella');
INSERT INTO utilisateurs VALUES(20592, 'parent', 'Pablo.Oxlong592', '^q7l]A391T-%R$K:');
INSERT INTO parents VALUES(20592, 'Pablo', 'Oxlong');
INSERT INTO utilisateurs VALUES(20593, 'parent', 'Tym.Market593', '_|OdCI]Wa@1P<:kE');
INSERT INTO parents VALUES(20593, 'Tym', 'Market');
INSERT INTO utilisateurs VALUES(20594, 'parent', 'Romain.Edupython594', '-FmH%LUhN*ba5u\D');
INSERT INTO parents VALUES(20594, 'Romain', 'Edupython');
INSERT INTO utilisateurs VALUES(20595, 'parent', 'Lucien.Moriarty595', 'Gl[T,qzOX^m*h#|r');
INSERT INTO parents VALUES(20595, 'Lucien', 'Moriarty');
INSERT INTO utilisateurs VALUES(20596, 'parent', 'Chario.Bluetooth596', '>64T*K!s7=F-C<_y');
INSERT INTO parents VALUES(20596, 'Chario', 'Bluetooth');
INSERT INTO utilisateurs VALUES(20597, 'parent', 'Amogus.Moriarty597', 'q}ocrl*Xy>b.)TE?');
INSERT INTO parents VALUES(20597, 'Amogus', 'Moriarty');
INSERT INTO utilisateurs VALUES(20598, 'parent', 'Pabo.Avion598', '[vimC6qc$42d]low');
INSERT INTO parents VALUES(20598, 'Pabo', 'Avion');
INSERT INTO utilisateurs VALUES(20599, 'parent', 'Tiri.Oxlong599', '.Rk%Y@GwXJd|KLh}');
INSERT INTO parents VALUES(20599, 'Tiri', 'Oxlong');
INSERT INTO utilisateurs VALUES(20600, 'parent', 'Thomes.Lebeau600', 'mf)/@_8>Hl0IwL$G');
INSERT INTO parents VALUES(20600, 'Thomes', 'Lebeau');
INSERT INTO utilisateurs VALUES(20601, 'parent', 'Loui.Descartes601', '/d{+Gf<v2oxAYiKF');
INSERT INTO parents VALUES(20601, 'Loui', 'Descartes');
INSERT INTO utilisateurs VALUES(20602, 'parent', 'Vic.Lebron602', '_"D{WRnPKm$5oh|8');
INSERT INTO parents VALUES(20602, 'Vic', 'Lebron');
INSERT INTO utilisateurs VALUES(20603, 'parent', 'Desirade.Suroderable603', 'zk-Rx@7=A"],P<l.');
INSERT INTO parents VALUES(20603, 'Desirade', 'Suroderable');
INSERT INTO utilisateurs VALUES(20604, 'parent', 'Valeri.Duc de Montmorency604', '3B5(=6{iN8tn,V"C');
INSERT INTO parents VALUES(20604, 'Valeri', 'Duc de Montmorency');
INSERT INTO utilisateurs VALUES(20605, 'parent', 'Mac.Tum605', 'w=_qEb#3$&QnkiK"');
INSERT INTO parents VALUES(20605, 'Mac', 'Tum');
INSERT INTO utilisateurs VALUES(20606, 'parent', 'X Æ A-Ⅻ.Genesis606', '&S\}vW)GdD|gUP][');
INSERT INTO parents VALUES(20606, 'X Æ A-Ⅻ', 'Genesis');
INSERT INTO utilisateurs VALUES(20607, 'parent', 'Blandine.Dordebous607', '{%W(l<,y3d!hr0p$');
INSERT INTO parents VALUES(20607, 'Blandine', 'Dordebous');
INSERT INTO utilisateurs VALUES(20608, 'parent', 'Credito.Geneve608', 'G#K%Q,T0RXAJ_5yr');
INSERT INTO parents VALUES(20608, 'Credito', 'Geneve');
INSERT INTO utilisateurs VALUES(20609, 'parent', 'Raphaël.Qwerty609', '/=Xl%NUCoG.KhfBi');
INSERT INTO parents VALUES(20609, 'Raphaël', 'Qwerty');
INSERT INTO utilisateurs VALUES(20610, 'parent', 'Maxence.Unowhy610', 'pRL5Jq1o]HUk{T<.');
INSERT INTO parents VALUES(20610, 'Maxence', 'Unowhy');
INSERT INTO utilisateurs VALUES(20611, 'parent', 'Florian.Ite611', 's?H*/R{DV|l+Z!2x');
INSERT INTO parents VALUES(20611, 'Florian', 'Ite');
INSERT INTO utilisateurs VALUES(20612, 'parent', 'Pablo.Pie612', 'V}Dpf-TCSZkjU&L9');
INSERT INTO parents VALUES(20612, 'Pablo', 'Pie');
INSERT INTO utilisateurs VALUES(20613, 'parent', 'Raphaël.Pablo613', '/b]B0Gm-"Uk$5PyI');
INSERT INTO parents VALUES(20613, 'Raphaël', 'Pablo');
INSERT INTO utilisateurs VALUES(20614, 'parent', 'Tim.Suke614', 'Oco}eEC.H)St-YyW');
INSERT INTO parents VALUES(20614, 'Tim', 'Suke');
INSERT INTO utilisateurs VALUES(20615, 'parent', 'Jean-Eune.Mangesol615', 'Q*aE#&1c|AksJvW3');
INSERT INTO parents VALUES(20615, 'Jean-Eune', 'Mangesol');
INSERT INTO utilisateurs VALUES(20616, 'parent', 'Meubl.Suke616', '_YS&\Abw9i$o{-+N');
INSERT INTO parents VALUES(20616, 'Meubl', 'Suke');
INSERT INTO utilisateurs VALUES(20617, 'parent', 'Karfour.Deces617', '7LeJV&Ppgu%fs$bl');
INSERT INTO parents VALUES(20617, 'Karfour', 'Deces');
INSERT INTO utilisateurs VALUES(20618, 'parent', 'Pablo.Market618', '2t[&J5$+{7fyR>9B');
INSERT INTO parents VALUES(20618, 'Pablo', 'Market');
INSERT INTO utilisateurs VALUES(20619, 'parent', 'Lumineux.Lodevie619', '_mE/n$yw8U*\lhj^');
INSERT INTO parents VALUES(20619, 'Lumineux', 'Lodevie');
INSERT INTO utilisateurs VALUES(20620, 'parent', 'Jean-Mohammed.Pipe620', 'C3r8Uv="?.d,-m{*');
INSERT INTO parents VALUES(20620, 'Jean-Mohammed', 'Pipe');
INSERT INTO utilisateurs VALUES(20621, 'parent', 'Yanni.Tom621', 'i\2;z%}?QyAlqmd[');
INSERT INTO parents VALUES(20621, 'Yanni', 'Tom');
INSERT INTO utilisateurs VALUES(20622, 'parent', 'Hugo.Ou622', 'RM_:0Y7%,N5DF].d');
INSERT INTO parents VALUES(20622, 'Hugo', 'Ou');
INSERT INTO utilisateurs VALUES(20623, 'parent', 'Sintia.Bluetooth623', 'nL?hyMz:*O5"&uYm');
INSERT INTO parents VALUES(20623, 'Sintia', 'Bluetooth');
INSERT INTO utilisateurs VALUES(20624, 'parent', 'Blandine.Ou624', 'K)%v=>U?l[f,_Tyk');
INSERT INTO parents VALUES(20624, 'Blandine', 'Ou');
INSERT INTO utilisateurs VALUES(20625, 'parent', 'Tom.Meurs625', 'wH^QUG2/#MD!ufN$');
INSERT INTO parents VALUES(20625, 'Tom', 'Meurs');
INSERT INTO utilisateurs VALUES(20626, 'parent', 'Amogus.Dordebous626', ')aTM+FdH|BX>JP6f');
INSERT INTO parents VALUES(20626, 'Amogus', 'Dordebous');
INSERT INTO utilisateurs VALUES(20627, 'parent', 'Hugo.Oxlong627', ':LKViGf^["UuQX1s');
INSERT INTO parents VALUES(20627, 'Hugo', 'Oxlong');
INSERT INTO utilisateurs VALUES(20628, 'parent', 'Blandine.Unowhy628', 'fo5D1q&V+2dTl?8}');
INSERT INTO parents VALUES(20628, 'Blandine', 'Unowhy');
INSERT INTO utilisateurs VALUES(20629, 'parent', 'Crapo.Bechamelle629', 'JZUW;DAh*H:_^%Rx');
INSERT INTO parents VALUES(20629, 'Crapo', 'Bechamelle');
INSERT INTO utilisateurs VALUES(20630, 'parent', 'Erve.Suke630', '-#g],jx"ZUSzmRk<');
INSERT INTO parents VALUES(20630, 'Erve', 'Suke');
INSERT INTO utilisateurs VALUES(20631, 'parent', 'Tum.Tym631', '0W}D1i$v/H;VAf2b');
INSERT INTO parents VALUES(20631, 'Tum', 'Tym');
INSERT INTO utilisateurs VALUES(20632, 'parent', 'Juliet.Mangesol632', 'F5rl!\qm9X0v4@:i');
INSERT INTO parents VALUES(20632, 'Juliet', 'Mangesol');
INSERT INTO utilisateurs VALUES(20633, 'parent', 'Karfour.Lodevie633', 'ZW2=^Bz<+T_{K0I;');
INSERT INTO parents VALUES(20633, 'Karfour', 'Lodevie');
INSERT INTO utilisateurs VALUES(20634, 'parent', 'Patric.Livrogne634', '%T.s"VO3LknM$>o!');
INSERT INTO parents VALUES(20634, 'Patric', 'Livrogne');
INSERT INTO utilisateurs VALUES(20635, 'parent', 'Tam.Lustre635', '0:([*s|ix9WJ1u{.');
INSERT INTO parents VALUES(20635, 'Tam', 'Lustre');
INSERT INTO utilisateurs VALUES(20636, 'parent', 'Paluche.Market636', ',o:Q@D-d^+<3TS>u');
INSERT INTO parents VALUES(20636, 'Paluche', 'Market');
INSERT INTO utilisateurs VALUES(20637, 'parent', 'Meubl.Veu637', 'OJu@&KLZ;8VkBt>N');
INSERT INTO parents VALUES(20637, 'Meubl', 'Veu');
INSERT INTO utilisateurs VALUES(20638, 'parent', 'Macly.Lemoche638', 'j_KqYl<OGaRQ|>$h');
INSERT INTO parents VALUES(20638, 'Macly', 'Lemoche');
INSERT INTO utilisateurs VALUES(20639, 'parent', 'Mac.Oxlong639', '*Ip#G|^,]VT26yS/');
INSERT INTO parents VALUES(20639, 'Mac', 'Oxlong');
INSERT INTO utilisateurs VALUES(20640, 'parent', 'Ugo.Geneve640', '3R?K8=&!wI7r5sG"');
INSERT INTO parents VALUES(20640, 'Ugo', 'Geneve');
INSERT INTO utilisateurs VALUES(20641, 'parent', 'X Æ A-Ⅻ.Marat641', 'lI=|#i>]$N4T2JLn');
INSERT INTO parents VALUES(20641, 'X Æ A-Ⅻ', 'Marat');
INSERT INTO utilisateurs VALUES(20642, 'parent', 'Hugo.Nutella642', 'T84BI>Rjn<Q-=&Y:');
INSERT INTO parents VALUES(20642, 'Hugo', 'Nutella');
INSERT INTO utilisateurs VALUES(20643, 'parent', 'Thomes.Oxlong643', 'UpqsSrOTm^AL_dfu');
INSERT INTO parents VALUES(20643, 'Thomes', 'Oxlong');
INSERT INTO utilisateurs VALUES(20644, 'parent', 'Deliver.Livrogne644', '=>qfR21BOmv5Qc}S');
INSERT INTO parents VALUES(20644, 'Deliver', 'Livrogne');
INSERT INTO utilisateurs VALUES(20645, 'parent', 'Amogus.Cremanglaise645', 'jQHO_3wmysY?WF2A');
INSERT INTO parents VALUES(20645, 'Amogus', 'Cremanglaise');
INSERT INTO utilisateurs VALUES(20646, 'parent', 'Tabour.Mangesol646', 'p{Kb6.rvP-aX@s[Q');
INSERT INTO parents VALUES(20646, 'Tabour', 'Mangesol');
INSERT INTO utilisateurs VALUES(20647, 'parent', 'Sintia.Geneve647', '_y<NY7])H@|BKm4M');
INSERT INTO parents VALUES(20647, 'Sintia', 'Geneve');
INSERT INTO utilisateurs VALUES(20648, 'parent', 'Tum.Cremanglaise648', 'frQX6IPFTVxt}n,(');
INSERT INTO parents VALUES(20648, 'Tum', 'Cremanglaise');
INSERT INTO utilisateurs VALUES(20649, 'parent', 'Tym.Veu649', '2w]W&-cDC9;#IBba');
INSERT INTO parents VALUES(20649, 'Tym', 'Veu');
INSERT INTO utilisateurs VALUES(20650, 'parent', 'Chario.Vin650', 'h6[YZ|3Nlxi^w-S/');
INSERT INTO parents VALUES(20650, 'Chario', 'Vin');
INSERT INTO utilisateurs VALUES(20651, 'parent', 'Desirade.Market651', '{DZ<Yvs=o!^k#4b*');
INSERT INTO parents VALUES(20651, 'Desirade', 'Market');
INSERT INTO utilisateurs VALUES(20652, 'parent', 'Yassine.Wifi652', '|RlOInx&=[}r"M5;');
INSERT INTO parents VALUES(20652, 'Yassine', 'Wifi');
INSERT INTO utilisateurs VALUES(20653, 'parent', 'Uberite.Electrique653', 'R|]8}Uog4(9$mEHY');
INSERT INTO parents VALUES(20653, 'Uberite', 'Electrique');
INSERT INTO utilisateurs VALUES(20654, 'parent', 'Tym.Genese654', '|jk]MxW{O^bGDH.*');
INSERT INTO parents VALUES(20654, 'Tym', 'Genese');
INSERT INTO utilisateurs VALUES(20655, 'parent', 'Pablo.Unowhy655', '3bVw\EQ/^"4#):iT');
INSERT INTO parents VALUES(20655, 'Pablo', 'Unowhy');
INSERT INTO utilisateurs VALUES(20656, 'parent', 'Bernar.Bechamelle656', 'o"S3@Ks,t98u2%ik');
INSERT INTO parents VALUES(20656, 'Bernar', 'Bechamelle');
INSERT INTO utilisateurs VALUES(20657, 'parent', 'Jean-Mohammed.Pablo657', '?x=;jYMBF+g).>(D');
INSERT INTO parents VALUES(20657, 'Jean-Mohammed', 'Pablo');
INSERT INTO utilisateurs VALUES(20658, 'parent', 'Jonathan.Ou658', '2taOwI$7>n^bgf(8');
INSERT INTO parents VALUES(20658, 'Jonathan', 'Ou');
INSERT INTO utilisateurs VALUES(20659, 'parent', 'Nathanaël.Tam659', '-sj*oN.u]^Srzb$8');
INSERT INTO parents VALUES(20659, 'Nathanaël', 'Tam');
INSERT INTO utilisateurs VALUES(20660, 'parent', 'Pabo.Market660', 'Xt3J/fzaV9YPEBQc');
INSERT INTO parents VALUES(20660, 'Pabo', 'Market');
INSERT INTO utilisateurs VALUES(20661, 'parent', 'Florian.Tabulage661', '9+Qjr}M1I{q|s.T^');
INSERT INTO parents VALUES(20661, 'Florian', 'Tabulage');
INSERT INTO utilisateurs VALUES(20662, 'parent', 'Meubl.Electrique662', 'Dz.<5#b%x=p276!w');
INSERT INTO parents VALUES(20662, 'Meubl', 'Electrique');
INSERT INTO utilisateurs VALUES(20663, 'parent', 'Yassine.Descartes663', '+bj*1Ra]#c%lyqxW');
INSERT INTO parents VALUES(20663, 'Yassine', 'Descartes');
INSERT INTO utilisateurs VALUES(20664, 'parent', 'Lumineux.Azerty664', 'Tq^9\?5ib[crCu+"');
INSERT INTO parents VALUES(20664, 'Lumineux', 'Azerty');
INSERT INTO utilisateurs VALUES(20665, 'parent', 'Deliver.Gif665', 'pMjKFNvybWG!*3az');
INSERT INTO parents VALUES(20665, 'Deliver', 'Gif');
INSERT INTO utilisateurs VALUES(20666, 'parent', 'Prise.Bluetooth666', 's8tV,y6OXn%lSvE.');
INSERT INTO parents VALUES(20666, 'Prise', 'Bluetooth');
INSERT INTO utilisateurs VALUES(20667, 'parent', 'Amogus.Epiee667', 'a[wW.2s]qyv80R>}');
INSERT INTO parents VALUES(20667, 'Amogus', 'Epiee');
INSERT INTO utilisateurs VALUES(20668, 'parent', 'Etrique.Plafond668', ']RT0S"[Cko|rvP2W');
INSERT INTO parents VALUES(20668, 'Etrique', 'Plafond');
INSERT INTO utilisateurs VALUES(20669, 'parent', 'Célian.Lustre669', '45mD)>+[C=*}2(zM');
INSERT INTO parents VALUES(20669, 'Célian', 'Lustre');
INSERT INTO utilisateurs VALUES(20670, 'parent', 'Valeri.Ite670', 's"(jW\2TB[J;5._i');
INSERT INTO parents VALUES(20670, 'Valeri', 'Ite');
INSERT INTO utilisateurs VALUES(20671, 'parent', 'Jonathan.Lebron671', 'iOyb,|9z?!8#cU.P');
INSERT INTO parents VALUES(20671, 'Jonathan', 'Lebron');
INSERT INTO utilisateurs VALUES(20672, 'parent', 'Hubert-Valéry-Patrick-Stanislas.Geneve672', '[If7+9=PA<Oiq>Qr');
INSERT INTO parents VALUES(20672, 'Hubert-Valéry-Patrick-Stanislas', 'Geneve');
INSERT INTO utilisateurs VALUES(20673, 'parent', 'Jean-Mohammed.Descartes673', 'YPM|yhr@UT=?D:vG');
INSERT INTO parents VALUES(20673, 'Jean-Mohammed', 'Descartes');
INSERT INTO utilisateurs VALUES(20674, 'parent', 'Deliver.Tim674', 'oJl6h\U/d0azy$"E');
INSERT INTO parents VALUES(20674, 'Deliver', 'Tim');
INSERT INTO utilisateurs VALUES(20675, 'parent', 'Jean-Eune.Lodevie675', 'U-bw83&iaoZz/IK"');
INSERT INTO parents VALUES(20675, 'Jean-Eune', 'Lodevie');
INSERT INTO utilisateurs VALUES(20676, 'parent', 'Tom.Lodevie676', 'Oh6}J4Sm"LQX%p7!');
INSERT INTO parents VALUES(20676, 'Tom', 'Lodevie');
INSERT INTO utilisateurs VALUES(20677, 'parent', 'Romain.Musk677', 'x5,QK.B;Y}DrA*c/');
INSERT INTO parents VALUES(20677, 'Romain', 'Musk');
INSERT INTO utilisateurs VALUES(20678, 'parent', 'Loui.Ite678', '?*ktfb;^M7VAjK+-');
INSERT INTO parents VALUES(20678, 'Loui', 'Ite');
INSERT INTO utilisateurs VALUES(20679, 'parent', 'Lumineux.Moriarty679', '3q:ksW-9,!});ZHm');
INSERT INTO parents VALUES(20679, 'Lumineux', 'Moriarty');
INSERT INTO utilisateurs VALUES(20680, 'parent', 'Crapo.Genepi680', 'VBkDFo,3Pu;QH"U<');
INSERT INTO parents VALUES(20680, 'Crapo', 'Genepi');
INSERT INTO utilisateurs VALUES(20681, 'parent', 'Florian.Ou681', '3WGL[w;fF/1",}CT');
INSERT INTO parents VALUES(20681, 'Florian', 'Ou');
INSERT INTO utilisateurs VALUES(20682, 'parent', 'Tabour.Genese682', 'YRGA&1jb]HFX38o|');
INSERT INTO parents VALUES(20682, 'Tabour', 'Genese');
INSERT INTO utilisateurs VALUES(20683, 'parent', 'Nathanaël.Ou683', 'fI<Fvg.e>3)ibOGX');
INSERT INTO parents VALUES(20683, 'Nathanaël', 'Ou');
INSERT INTO utilisateurs VALUES(20684, 'parent', 'Tam.Genesis684', ']X7j/^F9y-x)_osB');
INSERT INTO parents VALUES(20684, 'Tam', 'Genesis');
INSERT INTO utilisateurs VALUES(20685, 'parent', 'Skwizy.Cremanglaise685', 'W*ozNQ6kVg"0cF]@');
INSERT INTO parents VALUES(20685, 'Skwizy', 'Cremanglaise');
INSERT INTO utilisateurs VALUES(20686, 'parent', 'Etrique.Piloti686', '$Drw2KR?%^axj\LN');
INSERT INTO parents VALUES(20686, 'Etrique', 'Piloti');
INSERT INTO utilisateurs VALUES(20687, 'parent', 'Mac.Lodevie687', '^FNsC_1;]!2Ll}Jv');
INSERT INTO parents VALUES(20687, 'Mac', 'Lodevie');
INSERT INTO utilisateurs VALUES(20688, 'parent', 'Articho.Market688', ':zK{_^pd&BajF0gL');
INSERT INTO parents VALUES(20688, 'Articho', 'Market');
INSERT INTO utilisateurs VALUES(20689, 'parent', 'Etrique.Epiee689', 'q9ck.Eszg-)y2K]j');
INSERT INTO parents VALUES(20689, 'Etrique', 'Epiee');
INSERT INTO utilisateurs VALUES(20690, 'parent', 'Valeri.Gif690', '$D:*.S6%|Q}Cfy2K');
INSERT INTO parents VALUES(20690, 'Valeri', 'Gif');
INSERT INTO utilisateurs VALUES(20691, 'parent', 'Prise.Livrogne691', 'bnmo]D42wJMf:QeR');
INSERT INTO parents VALUES(20691, 'Prise', 'Livrogne');
INSERT INTO utilisateurs VALUES(20692, 'parent', 'Jean-Mohammed.Bluetooth692', 'F9b5*x=Ao.+]Rc2a');
INSERT INTO parents VALUES(20692, 'Jean-Mohammed', 'Bluetooth');
INSERT INTO utilisateurs VALUES(20693, 'parent', 'Desirade.Pablo693', 'Q.EH}|G0j4{1aLYK');
INSERT INTO parents VALUES(20693, 'Desirade', 'Pablo');
INSERT INTO utilisateurs VALUES(20694, 'parent', 'Tum.Azerty694', 'c&T*-oSU\[=]b+xN');
INSERT INTO parents VALUES(20694, 'Tum', 'Azerty');
INSERT INTO utilisateurs VALUES(20695, 'parent', 'Bernar.Lebeau695', 'sRp]WrxfX(tU<Yab');
INSERT INTO parents VALUES(20695, 'Bernar', 'Lebeau');
INSERT INTO utilisateurs VALUES(20696, 'parent', 'Stabline.Market696', '.7(<}04xJM?RUc=b');
INSERT INTO parents VALUES(20696, 'Stabline', 'Market');
INSERT INTO utilisateurs VALUES(20697, 'parent', 'Prise.Vin697', 'Ykb|"co0jT/?*7FJ');
INSERT INTO parents VALUES(20697, 'Prise', 'Vin');
INSERT INTO utilisateurs VALUES(20698, 'parent', 'Uberite.Pabo698', ';k7V[*n,ZS51jg}M');
INSERT INTO parents VALUES(20698, 'Uberite', 'Pabo');
INSERT INTO utilisateurs VALUES(20699, 'parent', 'Romain.Livrogne699', 'LPyr45]<"=WF(9&_');
INSERT INTO parents VALUES(20699, 'Romain', 'Livrogne');
INSERT INTO utilisateurs VALUES(20700, 'parent', 'Yanni.Edupython700', 'C(v4KkY3)</B?U=V');
INSERT INTO parents VALUES(20700, 'Yanni', 'Edupython');
INSERT INTO utilisateurs VALUES(20701, 'parent', 'Thomes.Musk701', 'B49s\%T0bqG["fo(');
INSERT INTO parents VALUES(20701, 'Thomes', 'Musk');
INSERT INTO utilisateurs VALUES(20702, 'parent', 'Credito.Piloti702', 'n/Gmtv3|sKW7.D?Z');
INSERT INTO parents VALUES(20702, 'Credito', 'Piloti');
INSERT INTO utilisateurs VALUES(20703, 'parent', 'Célian.Edupython703', '$g%nr,AX\#M^od9)');
INSERT INTO parents VALUES(20703, 'Célian', 'Edupython');
INSERT INTO utilisateurs VALUES(20704, 'parent', 'Macly.Cremanglaise704', '!Mn\}x&@K9qb).Io');
INSERT INTO parents VALUES(20704, 'Macly', 'Cremanglaise');
INSERT INTO utilisateurs VALUES(20705, 'parent', 'Jean-Eune.Piloti705', 'o*!C#Y5$^Irl[c,i');
INSERT INTO parents VALUES(20705, 'Jean-Eune', 'Piloti');
INSERT INTO utilisateurs VALUES(20706, 'parent', 'Blandine.Tum706', '5[s|JA1cU4QCSw%-');
INSERT INTO parents VALUES(20706, 'Blandine', 'Tum');
INSERT INTO utilisateurs VALUES(20707, 'parent', 'Juliet.Azerty707', 'i@c>P2T#-j<}aB/)');
INSERT INTO parents VALUES(20707, 'Juliet', 'Azerty');
INSERT INTO utilisateurs VALUES(20708, 'parent', 'Stabline.Lebeau708', 'Lz@Ww5dNl)4Kqy3+');
INSERT INTO parents VALUES(20708, 'Stabline', 'Lebeau');
INSERT INTO utilisateurs VALUES(20709, 'parent', 'Jean-Mohammed.Nutella709', 'S?|6bqC+7UfF8]mV');
INSERT INTO parents VALUES(20709, 'Jean-Mohammed', 'Nutella');
INSERT INTO utilisateurs VALUES(20710, 'parent', 'Uber.Edupython710', '<^0-{$&QW,}DhyO#');
INSERT INTO parents VALUES(20710, 'Uber', 'Edupython');
INSERT INTO utilisateurs VALUES(20711, 'parent', 'Bernar.Dordebous711', 'W3U0&;D<q=P$/:t7');
INSERT INTO parents VALUES(20711, 'Bernar', 'Dordebous');
INSERT INTO utilisateurs VALUES(20712, 'parent', 'Tom.Duc de Montmorency712', 'v+wa6Aj3"^YNC%fZ');
INSERT INTO parents VALUES(20712, 'Tom', 'Duc de Montmorency');
INSERT INTO utilisateurs VALUES(20713, 'parent', 'Sintia.Tym713', '5\B?4=0J:19b,yHw');
INSERT INTO parents VALUES(20713, 'Sintia', 'Tym');
INSERT INTO utilisateurs VALUES(20714, 'parent', 'Juliet.Pablo714', 'lm+kprEVh:e{[Pw!');
INSERT INTO parents VALUES(20714, 'Juliet', 'Pablo');
INSERT INTO utilisateurs VALUES(20715, 'parent', 'Paluche.Tem715', 'dm&r_%I?9^3vE2o*');
INSERT INTO parents VALUES(20715, 'Paluche', 'Tem');
INSERT INTO utilisateurs VALUES(20716, 'parent', 'Tom.Pablo716', 'y!dvZL"J,u9fpU-Q');
INSERT INTO parents VALUES(20716, 'Tom', 'Pablo');
INSERT INTO utilisateurs VALUES(20717, 'parent', 'Etrique.Moriarty717', '5cerA!+B%E}$^<qu');
INSERT INTO parents VALUES(20717, 'Etrique', 'Moriarty');
INSERT INTO utilisateurs VALUES(20718, 'parent', 'Tum.Descartes718', '7x#NGpO,ndhg]UAJ');
INSERT INTO parents VALUES(20718, 'Tum', 'Descartes');
INSERT INTO utilisateurs VALUES(20719, 'parent', 'Thanzile.Deces719', 'x].Y<hJRT&IN*y=C');
INSERT INTO parents VALUES(20719, 'Thanzile', 'Deces');
INSERT INTO utilisateurs VALUES(20720, 'parent', 'Yanni.Duc de Montmorency720', '%P!7-CZ]p@&D3EXf');
INSERT INTO parents VALUES(20720, 'Yanni', 'Duc de Montmorency');
INSERT INTO utilisateurs VALUES(20721, 'parent', 'Yanni.Nutella721', 'b^o"[Pd@_3EmtV{5');
INSERT INTO parents VALUES(20721, 'Yanni', 'Nutella');
INSERT INTO utilisateurs VALUES(20722, 'parent', 'Hubert-Valéry-Patrick-Stanislas.Nutella722', '{Il3D!.*,hgn2JW^');
INSERT INTO parents VALUES(20722, 'Hubert-Valéry-Patrick-Stanislas', 'Nutella');
INSERT INTO utilisateurs VALUES(20723, 'parent', 'Amogus.Bechamelle723', '8F>G;1{QmUN+jbX6');
INSERT INTO parents VALUES(20723, 'Amogus', 'Bechamelle');
INSERT INTO utilisateurs VALUES(20724, 'parent', 'Célian.Deces724', '"ZV*K_jX+Nz=b|oJ');
INSERT INTO parents VALUES(20724, 'Célian', 'Deces');
INSERT INTO utilisateurs VALUES(20725, 'parent', 'Erve.Plafond725', 'Fo;@y^Tv_VDIb1e%');
INSERT INTO parents VALUES(20725, 'Erve', 'Plafond');
INSERT INTO utilisateurs VALUES(20726, 'parent', 'Sintia.Descartes726', 'dPgBtR}"|F4sy=.H');
INSERT INTO parents VALUES(20726, 'Sintia', 'Descartes');
INSERT INTO utilisateurs VALUES(20727, 'parent', 'Amogus.Tim727', ',g./@\ayh?N)3e5z');
INSERT INTO parents VALUES(20727, 'Amogus', 'Tim');
INSERT INTO utilisateurs VALUES(20728, 'parent', 'Valeri.Vin728', '(\jq/_.=B"59U7b]');
INSERT INTO parents VALUES(20728, 'Valeri', 'Vin');
INSERT INTO utilisateurs VALUES(20729, 'parent', 'Candys-Noémie.Tum729', ')r$AQ:*9OIUsVwfm');
INSERT INTO parents VALUES(20729, 'Candys-Noémie', 'Tum');
INSERT INTO utilisateurs VALUES(20730, 'parent', 'Jen.Bechamelle730', '5ge0;ZiIBlb8:$"O');
INSERT INTO parents VALUES(20730, 'Jen', 'Bechamelle');
INSERT INTO utilisateurs VALUES(20731, 'parent', 'Juliet.Please731', 'tsWSKl;@f=CmdkP%');
INSERT INTO parents VALUES(20731, 'Juliet', 'Please');
INSERT INTO utilisateurs VALUES(20732, 'parent', 'X Æ A-Ⅻ.Lemoche732', 'z,H$%4s+TvZ:ce&l');
INSERT INTO parents VALUES(20732, 'X Æ A-Ⅻ', 'Lemoche');
INSERT INTO utilisateurs VALUES(20733, 'parent', 'Deliver.Market733', 'S\F*6Xqj247[-Q!<');
INSERT INTO parents VALUES(20733, 'Deliver', 'Market');
INSERT INTO utilisateurs VALUES(20734, 'parent', 'Florian.Tem734', 's(lL;*or\=3CD>e6');
INSERT INTO parents VALUES(20734, 'Florian', 'Tem');
INSERT INTO utilisateurs VALUES(20735, 'parent', 'Stabline.Marat735', 'e?Ch*z<k&OBMPa{T');
INSERT INTO parents VALUES(20735, 'Stabline', 'Marat');
INSERT INTO utilisateurs VALUES(20736, 'parent', 'Etrique.Tum736', '&GXlE(Aprt[,\NwR');
INSERT INTO parents VALUES(20736, 'Etrique', 'Tum');
INSERT INTO utilisateurs VALUES(20737, 'parent', 'Crapo.Electrique737', '#$w_ZGIK)E\^C|Y.');
INSERT INTO parents VALUES(20737, 'Crapo', 'Electrique');
INSERT INTO utilisateurs VALUES(20738, 'parent', 'Tam.Tem738', '^QP:=_tR-k[lcsm.');
INSERT INTO parents VALUES(20738, 'Tam', 'Tem');
INSERT INTO utilisateurs VALUES(20739, 'parent', 'Candys-Noémie.Genese739', 'DlQ0xXGaP2Y+?V1k');
INSERT INTO parents VALUES(20739, 'Candys-Noémie', 'Genese');
INSERT INTO utilisateurs VALUES(20740, 'parent', 'Thanzile.Vin740', 'p{F->JU)xwYrCm[g');
INSERT INTO parents VALUES(20740, 'Thanzile', 'Vin');
INSERT INTO utilisateurs VALUES(20741, 'parent', 'Candys-Noémie.Lubrique741', 'oJB/^Ke)c_w"DR9U');
INSERT INTO parents VALUES(20741, 'Candys-Noémie', 'Lubrique');
INSERT INTO utilisateurs VALUES(20742, 'parent', 'Tam.Genepi742', '%rUP^x*$M=5LXAN>');
INSERT INTO parents VALUES(20742, 'Tam', 'Genepi');
INSERT INTO utilisateurs VALUES(20743, 'parent', 'Jean-Mohammed.Tam743', 'f)#[tZI\J76Qxq"H');
INSERT INTO parents VALUES(20743, 'Jean-Mohammed', 'Tam');
INSERT INTO utilisateurs VALUES(20744, 'parent', 'Karfour.Pablo744', 'o@ah}YW2\=1N"Lxi');
INSERT INTO parents VALUES(20744, 'Karfour', 'Pablo');
INSERT INTO utilisateurs VALUES(20745, 'parent', 'Candys-Noémie.Suroderable745', '7N/K}r?RT0GO$zp"');
INSERT INTO parents VALUES(20745, 'Candys-Noémie', 'Suroderable');
INSERT INTO utilisateurs VALUES(20746, 'parent', 'Jen.Dordebous746', '@}OI*0jvJ[z^{?Fa');
INSERT INTO parents VALUES(20746, 'Jen', 'Dordebous');
INSERT INTO utilisateurs VALUES(20747, 'parent', 'Tiri.Descartes747', 'kp,[*rx=1_0z(a%M');
INSERT INTO parents VALUES(20747, 'Tiri', 'Descartes');
INSERT INTO utilisateurs VALUES(20748, 'parent', 'Articho.Veu748', '\6$iqb.S5@L|E=j:');
INSERT INTO parents VALUES(20748, 'Articho', 'Veu');
INSERT INTO utilisateurs VALUES(20749, 'parent', 'Bernar.Tym749', 'bpzJ[,Os8A_X9SLN');
INSERT INTO parents VALUES(20749, 'Bernar', 'Tym');
INSERT INTO utilisateurs VALUES(20750, 'parent', 'Uberite.Suroderable750', 'k?o.OE=Fv)hq|xfz');
INSERT INTO parents VALUES(20750, 'Uberite', 'Suroderable');
INSERT INTO utilisateurs VALUES(20751, 'parent', 'Crapo.Lustre751', 's.D2*a_flTR![twj');
INSERT INTO parents VALUES(20751, 'Crapo', 'Lustre');
INSERT INTO utilisateurs VALUES(20752, 'parent', 'Articho.Oxlong752', '1LN9<XY3$\|4rq(m');
INSERT INTO parents VALUES(20752, 'Articho', 'Oxlong');
INSERT INTO utilisateurs VALUES(20753, 'parent', 'Tabour.Pablo753', 'LJ5K(=6CbZGd%xNM');
INSERT INTO parents VALUES(20753, 'Tabour', 'Pablo');
INSERT INTO utilisateurs VALUES(20754, 'parent', 'Candys-Noémie.Musk754', 'vB%d=aE<[3WCDo^h');
INSERT INTO parents VALUES(20754, 'Candys-Noémie', 'Musk');
INSERT INTO utilisateurs VALUES(20755, 'parent', 'Valeri.Lebeau755', 'dNQz7Rn\@AFG(Oa&');
INSERT INTO parents VALUES(20755, 'Valeri', 'Lebeau');
INSERT INTO utilisateurs VALUES(20756, 'parent', 'Maxence.Mière756', 'U1Y+Z5)wIzV>$[?]');
INSERT INTO parents VALUES(20756, 'Maxence', 'Mière');
INSERT INTO utilisateurs VALUES(20757, 'parent', 'Jean-Mohammed.Bechamelle757', '.?nU\6l{/9<w0E1b');
INSERT INTO parents VALUES(20757, 'Jean-Mohammed', 'Bechamelle');
INSERT INTO utilisateurs VALUES(20758, 'parent', 'Florian.Deces758', '6w^<OMF{)ma|G:lt');
INSERT INTO parents VALUES(20758, 'Florian', 'Deces');
INSERT INTO utilisateurs VALUES(20759, 'parent', 'Etrique.Lubrique759', 'M)\5OriHC6<d,n_c');
INSERT INTO parents VALUES(20759, 'Etrique', 'Lubrique');
INSERT INTO utilisateurs VALUES(20760, 'parent', 'Desirade.Edupython760', '@D&RI)8a31*es9[g');
INSERT INTO parents VALUES(20760, 'Desirade', 'Edupython');
INSERT INTO utilisateurs VALUES(20761, 'parent', 'Jen.Plafond761', 'J2<@Eme*-^8W)Ah%');
INSERT INTO parents VALUES(20761, 'Jen', 'Plafond');
INSERT INTO utilisateurs VALUES(20762, 'parent', 'Jean-Eune.Meurs762', 'WK%B0g=;C8mVluOQ');
INSERT INTO parents VALUES(20762, 'Jean-Eune', 'Meurs');
INSERT INTO utilisateurs VALUES(20763, 'parent', 'Tabour.Lustre763', '=Tr;vkgqO?9$yICx');
INSERT INTO parents VALUES(20763, 'Tabour', 'Lustre');
INSERT INTO utilisateurs VALUES(20764, 'parent', 'Stanyshlasse.Moriarty764', 'C0tB4e*?"!Xs@\fW');
INSERT INTO parents VALUES(20764, 'Stanyshlasse', 'Moriarty');
INSERT INTO utilisateurs VALUES(20765, 'parent', 'Florian.Pipe765', 'Fzam,/d"+GbtMI$6');
INSERT INTO parents VALUES(20765, 'Florian', 'Pipe');
INSERT INTO utilisateurs VALUES(20766, 'parent', 'Blandine.Edupython766', 'Ocf{s^0yorX<}]1n');
INSERT INTO parents VALUES(20766, 'Blandine', 'Edupython');
INSERT INTO utilisateurs VALUES(20767, 'parent', 'Loui.Gif767', 'Za=XU28{r)ltdGMo');
INSERT INTO parents VALUES(20767, 'Loui', 'Gif');
INSERT INTO utilisateurs VALUES(20768, 'parent', 'Uber.Tabulage768', '[c$RKeHC6;%:2k()');
INSERT INTO parents VALUES(20768, 'Uber', 'Tabulage');
INSERT INTO utilisateurs VALUES(20769, 'parent', 'Desirade.Bluetooth769', 'P25X/clzf]Fg1d$w');
INSERT INTO parents VALUES(20769, 'Desirade', 'Bluetooth');
INSERT INTO utilisateurs VALUES(20770, 'parent', 'Tam.Suroderable770', 'F@Lw}gGQ:k/#x0WV');
INSERT INTO parents VALUES(20770, 'Tam', 'Suroderable');
INSERT INTO utilisateurs VALUES(20771, 'parent', 'Ugo.Tim771', '+X_Z-GReclBdg1TQ');
INSERT INTO parents VALUES(20771, 'Ugo', 'Tim');
INSERT INTO utilisateurs VALUES(20772, 'parent', 'Tam.Tom772', 'Ve@IYF,dl]xBALz1');
INSERT INTO parents VALUES(20772, 'Tam', 'Tom');
INSERT INTO utilisateurs VALUES(20773, 'parent', 'Jean-Mohammed.Mière773', '3UPJ_0v$Zi7q!W"e');
INSERT INTO parents VALUES(20773, 'Jean-Mohammed', 'Mière');
INSERT INTO utilisateurs VALUES(20774, 'parent', 'X Æ A-Ⅻ.Lodevie774', '}z9kBI^_<>Dnort)');
INSERT INTO parents VALUES(20774, 'X Æ A-Ⅻ', 'Lodevie');
INSERT INTO utilisateurs VALUES(20775, 'parent', 'Yassine.Veu775', 'e+rp1hTR};3f|&2u');
INSERT INTO parents VALUES(20775, 'Yassine', 'Veu');
INSERT INTO utilisateurs VALUES(20776, 'parent', 'Hugo.Wifi776', ':KrsUG+Ty%50NV,(');
INSERT INTO parents VALUES(20776, 'Hugo', 'Wifi');
INSERT INTO utilisateurs VALUES(20777, 'parent', 'Uber.Gif777', 'l;zA.0%2|}PscRCQ');
INSERT INTO parents VALUES(20777, 'Uber', 'Gif');
INSERT INTO utilisateurs VALUES(20778, 'parent', 'Mac.Market778', 'TZOE|WoDj,+Gfh7/');
INSERT INTO parents VALUES(20778, 'Mac', 'Market');
INSERT INTO utilisateurs VALUES(20779, 'parent', 'Tum.Veu779', 'TC,9zJR/c&6[%Bjl');
INSERT INTO parents VALUES(20779, 'Tum', 'Veu');
INSERT INTO utilisateurs VALUES(20780, 'parent', 'Maxence.Deces780', 'DALE6H;R\3C[Z2?.');
INSERT INTO parents VALUES(20780, 'Maxence', 'Deces');
INSERT INTO utilisateurs VALUES(20781, 'parent', 'Tom.Edupython781', '%rCpWO\EeGXuwBj.');
INSERT INTO parents VALUES(20781, 'Tom', 'Edupython');
INSERT INTO utilisateurs VALUES(20782, 'parent', 'Meubl.Gober782', 'n+%P"SA7\FD}hp!X');
INSERT INTO parents VALUES(20782, 'Meubl', 'Gober');
INSERT INTO utilisateurs VALUES(20783, 'parent', 'Desirade.Genesis783', 'ZBGpTe=*:\7OY>9k');
INSERT INTO parents VALUES(20783, 'Desirade', 'Genesis');
INSERT INTO utilisateurs VALUES(20784, 'parent', 'Deliver.B57 PRO MAX 3500784', 'hbN$*f9Zn.#]HAi4');
INSERT INTO parents VALUES(20784, 'Deliver', 'B57 PRO MAX 3500');
INSERT INTO utilisateurs VALUES(20785, 'parent', 'Tiri.Livrogne785', 'q?n>R^]|TIsOUKEQ');
INSERT INTO parents VALUES(20785, 'Tiri', 'Livrogne');
INSERT INTO utilisateurs VALUES(20786, 'parent', 'Tam.Market786', '+F1vi0{N."I>=7%f');
INSERT INTO parents VALUES(20786, 'Tam', 'Market');
INSERT INTO utilisateurs VALUES(20787, 'parent', 'Stanyshlasse.Please787', '^6VG3-Wjgxy\&mP_');
INSERT INTO parents VALUES(20787, 'Stanyshlasse', 'Please');
INSERT INTO utilisateurs VALUES(20788, 'parent', 'Jonathan.Tim788', '8uh>oP%pZ.]Ir"y5');
INSERT INTO parents VALUES(20788, 'Jonathan', 'Tim');
INSERT INTO utilisateurs VALUES(20789, 'parent', 'Stalinslas.Azerty789', '=EtU[!xmK7PaN(>S');
INSERT INTO parents VALUES(20789, 'Stalinslas', 'Azerty');
INSERT INTO utilisateurs VALUES(20790, 'parent', 'Uberite.Qwerty790', 'l:4)7ire#Z&WU;XN');
INSERT INTO parents VALUES(20790, 'Uberite', 'Qwerty');
INSERT INTO utilisateurs VALUES(20791, 'parent', 'X Æ A-Ⅻ.Duc de Montmorency791', 'eV=S^L(HdP0,%@]Y');
INSERT INTO parents VALUES(20791, 'X Æ A-Ⅻ', 'Duc de Montmorency');
INSERT INTO utilisateurs VALUES(20792, 'parent', 'Credito.Azerty792', '5>2iTsS(.xyqg6N[');
INSERT INTO parents VALUES(20792, 'Credito', 'Azerty');
INSERT INTO utilisateurs VALUES(20793, 'parent', 'Blandine.Bluetooth793', 'gD:5YrmsJe0Cv#?&');
INSERT INTO parents VALUES(20793, 'Blandine', 'Bluetooth');
INSERT INTO utilisateurs VALUES(20794, 'parent', 'Jean-Eune.Bluetooth794', '27ciD<O6#*f\Tzpk');
INSERT INTO parents VALUES(20794, 'Jean-Eune', 'Bluetooth');
INSERT INTO utilisateurs VALUES(20795, 'parent', 'Mac.Please795', '/a<Ht%yDo|0lOu]k');
INSERT INTO parents VALUES(20795, 'Mac', 'Please');
INSERT INTO utilisateurs VALUES(20796, 'parent', 'Stabline.Deces796', '(qe{iEUN4c;98m7.');
INSERT INTO parents VALUES(20796, 'Stabline', 'Deces');
INSERT INTO utilisateurs VALUES(20797, 'parent', 'Desirade.Pabo797', 'rdXDAM\bvzV0K6k8');
INSERT INTO parents VALUES(20797, 'Desirade', 'Pabo');
INSERT INTO utilisateurs VALUES(20798, 'parent', 'Patric.Tabulage798', 'HYjk?otETS^%7<O&');
INSERT INTO parents VALUES(20798, 'Patric', 'Tabulage');
INSERT INTO utilisateurs VALUES(20799, 'parent', 'Candys-Noémie.Avion799', 'XED%(_r)\2<BM5Sd');
INSERT INTO parents VALUES(20799, 'Candys-Noémie', 'Avion');
INSERT INTO utilisateurs VALUES(20800, 'parent', 'Jen.Epiee800', 'g5SaWN?$.,Vlvo3w');
INSERT INTO parents VALUES(20800, 'Jen', 'Epiee');
INSERT INTO utilisateurs VALUES(20801, 'parent', 'Florian.Edupython801', 'gYZ]oVG3f>D#p0t$');
INSERT INTO parents VALUES(20801, 'Florian', 'Edupython');
INSERT INTO utilisateurs VALUES(20802, 'parent', 'Pabo.Cremanglaise802', 'E-+2Ccf0i5DxuqQ8');
INSERT INTO parents VALUES(20802, 'Pabo', 'Cremanglaise');
INSERT INTO utilisateurs VALUES(20803, 'parent', 'Nathanaël.Tabulage803', 'q4UFvIk236[o+^Ah');
INSERT INTO parents VALUES(20803, 'Nathanaël', 'Tabulage');
INSERT INTO utilisateurs VALUES(20804, 'parent', 'Vic.Tom804', '|wyY=hPdmI^O*;-,');
INSERT INTO parents VALUES(20804, 'Vic', 'Tom');
INSERT INTO utilisateurs VALUES(20805, 'parent', 'Uberite.Ikea805', 'S)|_pGCw<ka1V.AN');
INSERT INTO parents VALUES(20805, 'Uberite', 'Ikea');
INSERT INTO utilisateurs VALUES(20806, 'parent', 'Tom.B57 PRO MAX 3500806', 'u>KS|HQ?UXvPcMI:');
INSERT INTO parents VALUES(20806, 'Tom', 'B57 PRO MAX 3500');
INSERT INTO utilisateurs VALUES(20807, 'parent', 'Valeri.Edupython807', 'H7Rw0A%}5v#M8$\z');
INSERT INTO parents VALUES(20807, 'Valeri', 'Edupython');
INSERT INTO utilisateurs VALUES(20808, 'parent', 'Meubl.Market808', 'oa4>Ku95)z}g:F-;');
INSERT INTO parents VALUES(20808, 'Meubl', 'Market');
INSERT INTO utilisateurs VALUES(20809, 'parent', 'Karfour.Genepi809', '6dT#e{FH=DK^aqc?');
INSERT INTO parents VALUES(20809, 'Karfour', 'Genepi');
INSERT INTO utilisateurs VALUES(20810, 'parent', 'Loui.Please810', '5Kx.m_tz2p|}#R4>');
INSERT INTO parents VALUES(20810, 'Loui', 'Please');
INSERT INTO utilisateurs VALUES(20811, 'parent', 'Skwizy.Pipe811', '&ukd!}SMX9fg>/Jt');
INSERT INTO parents VALUES(20811, 'Skwizy', 'Pipe');
INSERT INTO utilisateurs VALUES(20812, 'parent', 'Valeri.Mière812', 'c0}Jp{S]6.+/lktM');
INSERT INTO parents VALUES(20812, 'Valeri', 'Mière');
INSERT INTO utilisateurs VALUES(20813, 'parent', 'Tabour.Lebron813', '9w[oKR>=lb(SJ1|.');
INSERT INTO parents VALUES(20813, 'Tabour', 'Lebron');
INSERT INTO utilisateurs VALUES(20814, 'parent', 'Pablo.Lustre814', 'p+1N2,fR%"Q;t(S4');
INSERT INTO parents VALUES(20814, 'Pablo', 'Lustre');
INSERT INTO utilisateurs VALUES(20815, 'parent', 'Desirade.Pipe815', 'ayg/_)b*RQ2x9=\r');
INSERT INTO parents VALUES(20815, 'Desirade', 'Pipe');
INSERT INTO utilisateurs VALUES(20816, 'parent', 'Yassine.Oxlong816', '2^,Bu@SRmd_.[}#s');
INSERT INTO parents VALUES(20816, 'Yassine', 'Oxlong');
INSERT INTO utilisateurs VALUES(20817, 'parent', 'Erve.Epiee817', 'S/(ic@X,-72z+I\.');
INSERT INTO parents VALUES(20817, 'Erve', 'Epiee');
INSERT INTO utilisateurs VALUES(20818, 'parent', 'Sintia.Cremanglaise818', '"xO+*Duckzt;1G6q');
INSERT INTO parents VALUES(20818, 'Sintia', 'Cremanglaise');
INSERT INTO utilisateurs VALUES(20819, 'parent', 'Ugo.Lemoche819', 'vIBK0Xl%CVSksf>G');
INSERT INTO parents VALUES(20819, 'Ugo', 'Lemoche');
INSERT INTO utilisateurs VALUES(20820, 'parent', 'Bernar.Tom820', '2EJ\PyFR4VO@]%U[');
INSERT INTO parents VALUES(20820, 'Bernar', 'Tom');
INSERT INTO utilisateurs VALUES(20821, 'parent', 'Tam.Lebeau821', 'O9"e6>R3Ex8U)M@K');
INSERT INTO parents VALUES(20821, 'Tam', 'Lebeau');
INSERT INTO utilisateurs VALUES(20822, 'parent', 'Chario.Pablo822', '@J!ey3HVj=iO\n]0');
INSERT INTO parents VALUES(20822, 'Chario', 'Pablo');
INSERT INTO utilisateurs VALUES(20823, 'parent', 'Paluche.Lodevie823', 'ey9K.YOil"JS{=I8');
INSERT INTO parents VALUES(20823, 'Paluche', 'Lodevie');
INSERT INTO utilisateurs VALUES(20824, 'parent', 'Tim.B57 PRO MAX 3500824', '%LbCFM^@!Wl/hm4*');
INSERT INTO parents VALUES(20824, 'Tim', 'B57 PRO MAX 3500');
INSERT INTO utilisateurs VALUES(20825, 'parent', 'Macly.Genesis825', 'Gj.?|e+I3>J:Ei&5');
INSERT INTO parents VALUES(20825, 'Macly', 'Genesis');
INSERT INTO utilisateurs VALUES(20826, 'parent', 'Mac.Tym826', '{2/7uyV5lr-G6H3g');
INSERT INTO parents VALUES(20826, 'Mac', 'Tym');
INSERT INTO utilisateurs VALUES(20827, 'parent', 'Juliet.Duc de Montmorency827', 'oGwZdO<ADaE;b-#[');
INSERT INTO parents VALUES(20827, 'Juliet', 'Duc de Montmorency');
INSERT INTO utilisateurs VALUES(20828, 'parent', 'Vic.Wifi828', 'l&o4{:-hYnt/GBX^');
INSERT INTO parents VALUES(20828, 'Vic', 'Wifi');
INSERT INTO utilisateurs VALUES(20829, 'parent', 'Etrique.Pipe829', '-G"Qz+;v51R7gjhM');
INSERT INTO parents VALUES(20829, 'Etrique', 'Pipe');
INSERT INTO utilisateurs VALUES(20830, 'parent', 'Florian.Genese830', '&<.kKSJBqh/DvaAu');
INSERT INTO parents VALUES(20830, 'Florian', 'Genese');
INSERT INTO utilisateurs VALUES(20831, 'parent', 'Uberite.Tem831', 'B!Q&G1.2x@w)]Cf5');
INSERT INTO parents VALUES(20831, 'Uberite', 'Tem');
INSERT INTO utilisateurs VALUES(20832, 'parent', 'Ugo.Bechamelle832', 'fbw}=/#|THz>;2rV');
INSERT INTO parents VALUES(20832, 'Ugo', 'Bechamelle');
INSERT INTO utilisateurs VALUES(20833, 'parent', 'Skwizy.Piloti833', 'o@Bb$3A[|iM-s%K8');
INSERT INTO parents VALUES(20833, 'Skwizy', 'Piloti');
INSERT INTO utilisateurs VALUES(20834, 'parent', 'Uber.Suke834', 'RgXVv3|8}*1Dyrp;');
INSERT INTO parents VALUES(20834, 'Uber', 'Suke');
INSERT INTO utilisateurs VALUES(20835, 'parent', 'Jen.Wifi835', 'v4tnf"rEQclhAdG,');
INSERT INTO parents VALUES(20835, 'Jen', 'Wifi');
INSERT INTO utilisateurs VALUES(20836, 'parent', 'Meubl.B57 PRO MAX 3500836', 'U(cfHWa{NpO.j1d,');
INSERT INTO parents VALUES(20836, 'Meubl', 'B57 PRO MAX 3500');
INSERT INTO utilisateurs VALUES(20837, 'parent', 'Juliet.Bluetooth837', 'YPj$5:lGUwe8a7(]');
INSERT INTO parents VALUES(20837, 'Juliet', 'Bluetooth');
INSERT INTO utilisateurs VALUES(20838, 'parent', 'Florian.Tom838', 'isoyD9vJn]N+;,7M');
INSERT INTO parents VALUES(20838, 'Florian', 'Tom');
INSERT INTO utilisateurs VALUES(20839, 'parent', 'Skwizy.Musk839', '$-GxlvSz@1cB}VA[');
INSERT INTO parents VALUES(20839, 'Skwizy', 'Musk');
INSERT INTO utilisateurs VALUES(20840, 'parent', 'Nathanaël.Pabo840', 'w/79$"M(nQ83_P:G');
INSERT INTO parents VALUES(20840, 'Nathanaël', 'Pabo');
INSERT INTO utilisateurs VALUES(20841, 'parent', 'Loui.Suke841', 'Nx)7?]86dhrlW1ZG');
INSERT INTO parents VALUES(20841, 'Loui', 'Suke');
INSERT INTO utilisateurs VALUES(20842, 'parent', 'Jean-Mohammed.Lodevie842', 'iyXo-J&hI{/FUPY(');
INSERT INTO parents VALUES(20842, 'Jean-Mohammed', 'Lodevie');
INSERT INTO utilisateurs VALUES(20843, 'parent', 'Uberite.Moriarty843', '6*c[8I?jBb>Hqm70');
INSERT INTO parents VALUES(20843, 'Uberite', 'Moriarty');
INSERT INTO utilisateurs VALUES(20844, 'parent', 'Candys-Noémie.Bechamelle844', 'B;YL-<kVy9:.s\f_');
INSERT INTO parents VALUES(20844, 'Candys-Noémie', 'Bechamelle');
INSERT INTO utilisateurs VALUES(20845, 'parent', 'Jean-Eune.Genesis845', '4bM:&98w"/=7j,D5');
INSERT INTO parents VALUES(20845, 'Jean-Eune', 'Genesis');
INSERT INTO utilisateurs VALUES(20846, 'parent', 'Blandine.Duc de Montmorency846', 'yH8Mjn9E5Gz<WOq1');
INSERT INTO parents VALUES(20846, 'Blandine', 'Duc de Montmorency');
INSERT INTO utilisateurs VALUES(20847, 'parent', 'Vic.Bluetooth847', 'jhf97.dEnJmIWy%X');
INSERT INTO parents VALUES(20847, 'Vic', 'Bluetooth');
INSERT INTO utilisateurs VALUES(20848, 'parent', 'Crapo.Market848', '5Zi6eT;I@<yL|=Dc');
INSERT INTO parents VALUES(20848, 'Crapo', 'Market');
INSERT INTO utilisateurs VALUES(20849, 'parent', 'Tiri.Pablo849', 'kq@_^tapr7>bv&[0');
INSERT INTO parents VALUES(20849, 'Tiri', 'Pablo');
INSERT INTO utilisateurs VALUES(20850, 'parent', 'Tam.Piloti850', ']I:^nf0O%D78?.yW');
INSERT INTO parents VALUES(20850, 'Tam', 'Piloti');
INSERT INTO utilisateurs VALUES(20851, 'parent', 'X Æ A-Ⅻ.Tam851', 'sL}"tEM{Qmw.bBp7');
INSERT INTO parents VALUES(20851, 'X Æ A-Ⅻ', 'Tam');
INSERT INTO utilisateurs VALUES(20852, 'parent', 'Tiri.Suke852', '!Eea39=8u5i%s$oF');
INSERT INTO parents VALUES(20852, 'Tiri', 'Suke');
INSERT INTO utilisateurs VALUES(20853, 'parent', 'Ugo.Nutella853', '8ljbL;y)&W+2Ae*@');
INSERT INTO parents VALUES(20853, 'Ugo', 'Nutella');
INSERT INTO utilisateurs VALUES(20854, 'parent', 'Chario.Gober854', '=1ly;@8ac7S*f:.|');
INSERT INTO parents VALUES(20854, 'Chario', 'Gober');
INSERT INTO utilisateurs VALUES(20855, 'parent', 'Erve.Vin855', 'fKG<#k^Z)a7lib}t');
INSERT INTO parents VALUES(20855, 'Erve', 'Vin');
INSERT INTO utilisateurs VALUES(20856, 'parent', 'Patric.Avion856', '5aU{tGq*d3!Pb840');
INSERT INTO parents VALUES(20856, 'Patric', 'Avion');
INSERT INTO utilisateurs VALUES(20857, 'parent', 'Thomes.Please857', '*yr2>XP=7GkYevND');
INSERT INTO parents VALUES(20857, 'Thomes', 'Please');
INSERT INTO utilisateurs VALUES(20858, 'parent', 'Patric.B57 PRO MAX 3500858', 'xK<(/sY"6jVbv#o,');
INSERT INTO parents VALUES(20858, 'Patric', 'B57 PRO MAX 3500');
INSERT INTO utilisateurs VALUES(20859, 'parent', 'Nathanaël.Suroderable859', '}5a_*WMXj3VmsA>f');
INSERT INTO parents VALUES(20859, 'Nathanaël', 'Suroderable');
INSERT INTO utilisateurs VALUES(20860, 'parent', 'Tum.Bechamelle860', 'rX!3>fZVk&dD%Y+n');
INSERT INTO parents VALUES(20860, 'Tum', 'Bechamelle');
INSERT INTO utilisateurs VALUES(20861, 'parent', 'Tym.Unowhy861', 'k/Xc&Wfw2uC?s*D(');
INSERT INTO parents VALUES(20861, 'Tym', 'Unowhy');
INSERT INTO utilisateurs VALUES(20862, 'parent', 'Tom.Qwerty862', 'T1:tV{>_OU3gph8|');
INSERT INTO parents VALUES(20862, 'Tom', 'Qwerty');
INSERT INTO utilisateurs VALUES(20863, 'parent', 'Nathanaël.Bechamelle863', '+RN!S_y)KZ80kWlJ');
INSERT INTO parents VALUES(20863, 'Nathanaël', 'Bechamelle');
INSERT INTO utilisateurs VALUES(20864, 'parent', 'Patric.Veu864', 'r%*Bcu3&l^{4dbI.');
INSERT INTO parents VALUES(20864, 'Patric', 'Veu');
INSERT INTO utilisateurs VALUES(20865, 'parent', 'Pablo.Bluetooth865', '$b53.-QxRAGVo7%n');
INSERT INTO parents VALUES(20865, 'Pablo', 'Bluetooth');
INSERT INTO utilisateurs VALUES(20866, 'parent', 'Lumineux.Marat866', 'byJ#)<f-E{,Z]2Am');
INSERT INTO parents VALUES(20866, 'Lumineux', 'Marat');
INSERT INTO utilisateurs VALUES(20867, 'parent', 'Tom.Pie867', '?bpJ=F}SqO^r2ovI');
INSERT INTO parents VALUES(20867, 'Tom', 'Pie');
INSERT INTO utilisateurs VALUES(20868, 'parent', 'Florian.Pie868', 'wB/8CRb\gD^zc4t7');
INSERT INTO parents VALUES(20868, 'Florian', 'Pie');
INSERT INTO utilisateurs VALUES(20869, 'parent', 'Mac.Pabo869', '=#aEXJ>6LDum5woQ');
INSERT INTO parents VALUES(20869, 'Mac', 'Pabo');
INSERT INTO utilisateurs VALUES(20870, 'parent', 'Sintia.Livrogne870', 'y5pg&D!lCSsz(uM/');
INSERT INTO parents VALUES(20870, 'Sintia', 'Livrogne');
INSERT INTO utilisateurs VALUES(20871, 'parent', 'Moru.Lustre871', '.9!TEoBQ+?O\#:}-');
INSERT INTO parents VALUES(20871, 'Moru', 'Lustre');
INSERT INTO utilisateurs VALUES(20872, 'parent', 'Meubl.Bluetooth872', 'lp|4&x,$i?8q6m]O');
INSERT INTO parents VALUES(20872, 'Meubl', 'Bluetooth');
INSERT INTO utilisateurs VALUES(20873, 'parent', 'Prise.Lustre873', 'W0r4t5x!HgMnFUCA');
INSERT INTO parents VALUES(20873, 'Prise', 'Lustre');
INSERT INTO utilisateurs VALUES(20874, 'parent', 'Jean-Eune.Livrogne874', '$IB"bO!ZgH=EC}rT');
INSERT INTO parents VALUES(20874, 'Jean-Eune', 'Livrogne');
INSERT INTO utilisateurs VALUES(20875, 'parent', 'Stanyshlasse.Piloti875', 'DVGb%pEyLhl(gn\9');
INSERT INTO parents VALUES(20875, 'Stanyshlasse', 'Piloti');
INSERT INTO utilisateurs VALUES(20876, 'parent', 'Skwizy.Meurs876', '],uV2FT@U/!|GC36');
INSERT INTO parents VALUES(20876, 'Skwizy', 'Meurs');
INSERT INTO utilisateurs VALUES(20877, 'parent', 'Moru.Qwerty877', 'Ro6f5mi*=;q>GKns');
INSERT INTO parents VALUES(20877, 'Moru', 'Qwerty');
INSERT INTO utilisateurs VALUES(20878, 'parent', 'Lucien.Sus878', '&3!DHJck7V_PAgj{');
INSERT INTO parents VALUES(20878, 'Lucien', 'Sus');
INSERT INTO utilisateurs VALUES(20879, 'parent', 'Jonathan.Unowhy879', 'ro,{(i9w40NCnZP@');
INSERT INTO parents VALUES(20879, 'Jonathan', 'Unowhy');
INSERT INTO utilisateurs VALUES(20880, 'parent', 'Tim.Veu880', '.tW9u-hnCjmoLF(^');
INSERT INTO parents VALUES(20880, 'Tim', 'Veu');
INSERT INTO utilisateurs VALUES(20881, 'parent', 'Amogus.Bluetooth881', '7Y:?UnF<.5,1Z{W#');
INSERT INTO parents VALUES(20881, 'Amogus', 'Bluetooth');
INSERT INTO utilisateurs VALUES(20882, 'parent', 'Tem.Nutella882', 'KA+;I|?D"gjv_tdW');
INSERT INTO parents VALUES(20882, 'Tem', 'Nutella');
INSERT INTO utilisateurs VALUES(20883, 'parent', 'Candys-Noémie.Pablo883', 'SnUfv3j&Ga;^!/WD');
INSERT INTO parents VALUES(20883, 'Candys-Noémie', 'Pablo');
INSERT INTO utilisateurs VALUES(20884, 'parent', 'Raphaël.Tem884', 'NuS}e9BYf]V?T;r|');
INSERT INTO parents VALUES(20884, 'Raphaël', 'Tem');
INSERT INTO utilisateurs VALUES(20885, 'parent', 'Meubl.Genese885', 'p+2;\9t3.cyd>gjw');
INSERT INTO parents VALUES(20885, 'Meubl', 'Genese');
INSERT INTO utilisateurs VALUES(20886, 'parent', 'X Æ A-Ⅻ.Qwerty886', '8_TYvilH}%d;LPsk');
INSERT INTO parents VALUES(20886, 'X Æ A-Ⅻ', 'Qwerty');
INSERT INTO utilisateurs VALUES(20887, 'parent', 'Valeri.Suke887', '^Z](8)d+tLq3Fl;<');
INSERT INTO parents VALUES(20887, 'Valeri', 'Suke');
INSERT INTO utilisateurs VALUES(20888, 'parent', 'Maxence.Lemoche888', 'OXs7kq2axFrZzSGP');
INSERT INTO parents VALUES(20888, 'Maxence', 'Lemoche');
INSERT INTO utilisateurs VALUES(20889, 'parent', 'Yassine.Pablo889', '>EU2vr6XldzS}TV1');
INSERT INTO parents VALUES(20889, 'Yassine', 'Pablo');
INSERT INTO utilisateurs VALUES(20890, 'parent', 'Karfour.Pie890', '#el&"5z.hq1@w-7P');
INSERT INTO parents VALUES(20890, 'Karfour', 'Pie');
INSERT INTO utilisateurs VALUES(20891, 'parent', 'Raphaël.Electrique891', '0ap|]2sejyuoxRJG');
INSERT INTO parents VALUES(20891, 'Raphaël', 'Electrique');
INSERT INTO utilisateurs VALUES(20892, 'parent', 'X Æ A-Ⅻ.Market892', 'hInZ2U!fbp+,?t_}');
INSERT INTO parents VALUES(20892, 'X Æ A-Ⅻ', 'Market');
INSERT INTO utilisateurs VALUES(20893, 'parent', 'Thanzile.Cremanglaise893', 'aC9|&^W{3\2[#Rmv');
INSERT INTO parents VALUES(20893, 'Thanzile', 'Cremanglaise');
INSERT INTO utilisateurs VALUES(20894, 'parent', 'Amogus.Gober894', '%Y/>R,q<14xN|.z]');
INSERT INTO parents VALUES(20894, 'Amogus', 'Gober');
INSERT INTO utilisateurs VALUES(20895, 'parent', 'Juliet.Bechamelle895', '%BS5=;6*2Tc7<kx:');
INSERT INTO parents VALUES(20895, 'Juliet', 'Bechamelle');
INSERT INTO utilisateurs VALUES(20896, 'parent', 'Deliver.Nutella896', 'y-.3mYTbrxU?Cj7B');
INSERT INTO parents VALUES(20896, 'Deliver', 'Nutella');
INSERT INTO utilisateurs VALUES(20897, 'parent', 'Stalinslas.Plafond897', '@1k^VK9La%6:AW\&');
INSERT INTO parents VALUES(20897, 'Stalinslas', 'Plafond');
INSERT INTO utilisateurs VALUES(20898, 'parent', 'Desirade.Vin898', 'TM%f#tWwuAEh9N-m');
INSERT INTO parents VALUES(20898, 'Desirade', 'Vin');
INSERT INTO utilisateurs VALUES(20899, 'parent', 'Florian.Cremanglaise899', '0:5J9=dwX;FCzsog');
INSERT INTO parents VALUES(20899, 'Florian', 'Cremanglaise');
INSERT INTO utilisateurs VALUES(20900, 'parent', 'Célian.Epiee900', 'udgS)#_y$oBC7^-}');
INSERT INTO parents VALUES(20900, 'Célian', 'Epiee');
INSERT INTO utilisateurs VALUES(20901, 'parent', 'Macly.Wifi901', 'M*I7Gi#Q\!t<b/.4');
INSERT INTO parents VALUES(20901, 'Macly', 'Wifi');
INSERT INTO utilisateurs VALUES(20902, 'parent', 'Paluche.Ikea902', 'hru_PRw@6GQ,9x(7');
INSERT INTO parents VALUES(20902, 'Paluche', 'Ikea');
INSERT INTO utilisateurs VALUES(20903, 'parent', 'Maxence.Electrique903', 'ibh!Jo1Xr{*_jgOq');
INSERT INTO parents VALUES(20903, 'Maxence', 'Electrique');
INSERT INTO utilisateurs VALUES(20904, 'parent', 'Tym.Tym904', 'RAd#9D=Jec.sih$C');
INSERT INTO parents VALUES(20904, 'Tym', 'Tym');
INSERT INTO utilisateurs VALUES(20905, 'parent', 'Hubert-Valéry-Patrick-Stanislas.Ikea905', 'img(\^3[y2Cb46&U');
INSERT INTO parents VALUES(20905, 'Hubert-Valéry-Patrick-Stanislas', 'Ikea');
INSERT INTO utilisateurs VALUES(20906, 'parent', 'Jean-Mohammed.Oxlong906', ',pE_(4OuwtgBG@>3');
INSERT INTO parents VALUES(20906, 'Jean-Mohammed', 'Oxlong');
INSERT INTO utilisateurs VALUES(20907, 'parent', 'Ugo.Cremanglaise907', '$<\JC6cp8/lr!P0K');
INSERT INTO parents VALUES(20907, 'Ugo', 'Cremanglaise');
INSERT INTO utilisateurs VALUES(20908, 'parent', 'Nathanaël.Avion908', 'u2q{yeb>L90*)i[H');
INSERT INTO parents VALUES(20908, 'Nathanaël', 'Avion');
INSERT INTO utilisateurs VALUES(20909, 'parent', 'Skwizy.Mière909', 'v]?xamYj}Vzl#1wC');
INSERT INTO parents VALUES(20909, 'Skwizy', 'Mière');
INSERT INTO utilisateurs VALUES(20910, 'parent', 'Paluche.Livrogne910', '_{2E;x>,o/8w=#-n');
INSERT INTO parents VALUES(20910, 'Paluche', 'Livrogne');
INSERT INTO utilisateurs VALUES(20911, 'parent', 'Skwizy.Veu911', '[z.oV&-8U;ZABk#4');
INSERT INTO parents VALUES(20911, 'Skwizy', 'Veu');
INSERT INTO utilisateurs VALUES(20912, 'parent', 'Lumineux.Vin912', '?vWP-j\;igMo(${B');
INSERT INTO parents VALUES(20912, 'Lumineux', 'Vin');
INSERT INTO utilisateurs VALUES(20913, 'parent', 'Célian.Cremanglaise913', 'i&/|UXu"J=>p^B5s');
INSERT INTO parents VALUES(20913, 'Célian', 'Cremanglaise');
INSERT INTO utilisateurs VALUES(20914, 'parent', 'Sintia.Epiee914', 'a)Xlrh>j!Bm;[4}O');
INSERT INTO parents VALUES(20914, 'Sintia', 'Epiee');
INSERT INTO utilisateurs VALUES(20915, 'parent', 'Florian.Suroderable915', '8:Or>NCy?iARVHkE');
INSERT INTO parents VALUES(20915, 'Florian', 'Suroderable');
INSERT INTO utilisateurs VALUES(20916, 'parent', 'Uber.Geneve916', '{zP9.x=_yurSem<,');
INSERT INTO parents VALUES(20916, 'Uber', 'Geneve');
INSERT INTO utilisateurs VALUES(20917, 'parent', 'Amogus.Tem917', '_6;H<^.-#w)1nlG$');
INSERT INTO parents VALUES(20917, 'Amogus', 'Tem');
INSERT INTO utilisateurs VALUES(20918, 'parent', 'Romain.Vin918', '%Le!0_Si"(4<duz:');
INSERT INTO parents VALUES(20918, 'Romain', 'Vin');
INSERT INTO utilisateurs VALUES(20919, 'parent', 'Stalinslas.Nutella919', '-d7JUp0Kqo2^NuES');
INSERT INTO parents VALUES(20919, 'Stalinslas', 'Nutella');
INSERT INTO utilisateurs VALUES(20920, 'parent', 'Jonathan.Nutella920', 'wU[Jq.a:hK-jn"/#');
INSERT INTO parents VALUES(20920, 'Jonathan', 'Nutella');
INSERT INTO utilisateurs VALUES(20921, 'parent', 'Erve.Market921', '])#UOKY^j2(W43ma');
INSERT INTO parents VALUES(20921, 'Erve', 'Market');
INSERT INTO utilisateurs VALUES(20922, 'parent', 'Thanzile.Market922', '&ki$={6MQtIUS#z,');
INSERT INTO parents VALUES(20922, 'Thanzile', 'Market');
INSERT INTO utilisateurs VALUES(20923, 'parent', 'Tim.Lodevie923', 'g;B$wx/!LGd^)]m%');
INSERT INTO parents VALUES(20923, 'Tim', 'Lodevie');
INSERT INTO utilisateurs VALUES(20924, 'parent', 'Jonathan.Pabo924', 'Z2>l=s}f"5q^VYjw');
INSERT INTO parents VALUES(20924, 'Jonathan', 'Pabo');
INSERT INTO utilisateurs VALUES(20925, 'parent', 'Yassine.Piloti925', '3Xf%yMn}NlDH,mvw');
INSERT INTO parents VALUES(20925, 'Yassine', 'Piloti');
INSERT INTO utilisateurs VALUES(20926, 'parent', 'Articho.Electrique926', 'BwIMpxS0{jYtr/Q^');
INSERT INTO parents VALUES(20926, 'Articho', 'Electrique');
INSERT INTO utilisateurs VALUES(20927, 'parent', 'Romain.Qwerty927', 'B0F{E^w}Pu>;"li#');
INSERT INTO parents VALUES(20927, 'Romain', 'Qwerty');
INSERT INTO utilisateurs VALUES(20928, 'parent', 'Tum.Tam928', '](rUQ?TC1Rpq.)MJ');
INSERT INTO parents VALUES(20928, 'Tum', 'Tam');
INSERT INTO utilisateurs VALUES(20929, 'parent', 'Moru.Pablo929', 'a!QK.iB;R_TqY^w%');
INSERT INTO parents VALUES(20929, 'Moru', 'Pablo');
INSERT INTO utilisateurs VALUES(20930, 'parent', 'Jonathan.Geneve930', 'QhgiG8y0lzZ,VYeU');
INSERT INTO parents VALUES(20930, 'Jonathan', 'Geneve');
INSERT INTO utilisateurs VALUES(20931, 'parent', 'Pabo.Qwerty931', 'u0$9|]kcZh5j;(1z');
INSERT INTO parents VALUES(20931, 'Pabo', 'Qwerty');
INSERT INTO utilisateurs VALUES(20932, 'parent', 'Moru.Tam932', '|6k"K5qZP1%0bL\I');
INSERT INTO parents VALUES(20932, 'Moru', 'Tam');
INSERT INTO utilisateurs VALUES(20933, 'parent', 'Célian.Gif933', 'H,|es6[;n]Kw20+#');
INSERT INTO parents VALUES(20933, 'Célian', 'Gif');
INSERT INTO utilisateurs VALUES(20934, 'parent', 'Loui.Wifi934', 'C#\>,a*FkdnQ7G)H');
INSERT INTO parents VALUES(20934, 'Loui', 'Wifi');
INSERT INTO utilisateurs VALUES(20935, 'parent', 'Nathanaël.Oxlong935', 'FWV"]([ASuv{^|?O');
INSERT INTO parents VALUES(20935, 'Nathanaël', 'Oxlong');
INSERT INTO utilisateurs VALUES(20936, 'parent', 'Skwizy.Genese936', 'e\aHk}&<n?0om*DN');
INSERT INTO parents VALUES(20936, 'Skwizy', 'Genese');
INSERT INTO utilisateurs VALUES(20937, 'parent', 'Mac.Unowhy937', '9M/:E+c.roPX6g>-');
INSERT INTO parents VALUES(20937, 'Mac', 'Unowhy');
INSERT INTO utilisateurs VALUES(20938, 'parent', 'Amogus.Tom938', '>=)6q/T&0%B;Zj-W');
INSERT INTO parents VALUES(20938, 'Amogus', 'Tom');
INSERT INTO utilisateurs VALUES(20939, 'parent', 'X Æ A-Ⅻ.Bechamelle939', 'w(p_olQO-:Nr,.gn');
INSERT INTO parents VALUES(20939, 'X Æ A-Ⅻ', 'Bechamelle');
INSERT INTO utilisateurs VALUES(20940, 'parent', 'Pablo.Lodevie940', 'Q(A|RCKj>aw\FP/T');
INSERT INTO parents VALUES(20940, 'Pablo', 'Lodevie');
INSERT INTO utilisateurs VALUES(20941, 'parent', 'Etrique.Tom941', 'v4#1c;G>ifP=R^J!');
INSERT INTO parents VALUES(20941, 'Etrique', 'Tom');
INSERT INTO utilisateurs VALUES(20942, 'parent', 'Tym.Qwerty942', 'TRcg9&hL-jvb1xD(');
INSERT INTO parents VALUES(20942, 'Tym', 'Qwerty');
INSERT INTO utilisateurs VALUES(20943, 'parent', 'Prise.B57 PRO MAX 3500943', ']KEY:g?l#j$_UGLJ');
INSERT INTO parents VALUES(20943, 'Prise', 'B57 PRO MAX 3500');
INSERT INTO utilisateurs VALUES(20944, 'parent', 'Ugo.Mangesol944', 'BKothe0c9=u|O:&y');
INSERT INTO parents VALUES(20944, 'Ugo', 'Mangesol');
INSERT INTO utilisateurs VALUES(20945, 'parent', 'Patric.Pipe945', '9b-;Grp?|6Ko=M}X');
INSERT INTO parents VALUES(20945, 'Patric', 'Pipe');
INSERT INTO utilisateurs VALUES(20946, 'parent', 'Jean-Eune.Duc de Montmorency946', '=,0}(W_F)"3D|{r#');
INSERT INTO parents VALUES(20946, 'Jean-Eune', 'Duc de Montmorency');
INSERT INTO utilisateurs VALUES(20947, 'parent', 'Tabour.Marat947', 'L+&>a;}YjC8KR6!*');
INSERT INTO parents VALUES(20947, 'Tabour', 'Marat');
INSERT INTO utilisateurs VALUES(20948, 'parent', 'Blandine.Pablo948', '),S&s_zg-p]kcIRL');
INSERT INTO parents VALUES(20948, 'Blandine', 'Pablo');
INSERT INTO utilisateurs VALUES(20949, 'parent', 'Tam.Genese949', '"sA\[(Z|B1w0^5ti');
INSERT INTO parents VALUES(20949, 'Tam', 'Genese');
INSERT INTO utilisateurs VALUES(20950, 'parent', 'Sintia.Pie950', 'BjA_(7i^J{!)DuW4');
INSERT INTO parents VALUES(20950, 'Sintia', 'Pie');
INSERT INTO utilisateurs VALUES(20951, 'parent', 'Thomes.Epiee951', 'T>ZE"p9/?l$x|P3g');
INSERT INTO parents VALUES(20951, 'Thomes', 'Epiee');
INSERT INTO utilisateurs VALUES(20952, 'parent', 'Uberite.Tom952', ',Pr#4v*zeMju!&wZ');
INSERT INTO parents VALUES(20952, 'Uberite', 'Tom');
INSERT INTO utilisateurs VALUES(20953, 'parent', 'Tam.Ikea953', 'Y^2AnJQ@>v5"TMlq');
INSERT INTO parents VALUES(20953, 'Tam', 'Ikea');
INSERT INTO utilisateurs VALUES(20954, 'parent', 'Skwizy.Tam954', 'rbtJ[/Zc!2N*@U,o');
INSERT INTO parents VALUES(20954, 'Skwizy', 'Tam');
INSERT INTO utilisateurs VALUES(20955, 'parent', 'Macly.Suroderable955', '3yEt*hAZ:(p1WRLT');
INSERT INTO parents VALUES(20955, 'Macly', 'Suroderable');
INSERT INTO utilisateurs VALUES(20956, 'parent', 'Florian.Musk956', '9mrY7l{!<BX[p$>4');
INSERT INTO parents VALUES(20956, 'Florian', 'Musk');
INSERT INTO utilisateurs VALUES(20957, 'parent', 'Etrique.Ou957', 'L:!Dk{w|CY$TNj@c');
INSERT INTO parents VALUES(20957, 'Etrique', 'Ou');
INSERT INTO utilisateurs VALUES(20958, 'parent', 'Valeri.Tym958', 'G:"p!;+f#KZ%cy_>');
INSERT INTO parents VALUES(20958, 'Valeri', 'Tym');
INSERT INTO utilisateurs VALUES(20959, 'parent', 'Stalinslas.Genesis959', 'tv!.MpGE5,8zou@C');
INSERT INTO parents VALUES(20959, 'Stalinslas', 'Genesis');
INSERT INTO utilisateurs VALUES(20960, 'parent', 'Jen.Qwerty960', 'ZP%BD#?C)AE"a7ny');
INSERT INTO parents VALUES(20960, 'Jen', 'Qwerty');
INSERT INTO utilisateurs VALUES(20961, 'parent', 'Stabline.Bluetooth961', ')&{?I8aY;*Fy+s.h');
INSERT INTO parents VALUES(20961, 'Stabline', 'Bluetooth');
INSERT INTO utilisateurs VALUES(20962, 'parent', 'Pabo.Mière962', 'm5#4"b{rl08/*>xM');
INSERT INTO parents VALUES(20962, 'Pabo', 'Mière');
INSERT INTO utilisateurs VALUES(20963, 'parent', 'Jean-Mohammed.Ikea963', 'tRGv/3{m@qiu$;:r');
INSERT INTO parents VALUES(20963, 'Jean-Mohammed', 'Ikea');
INSERT INTO utilisateurs VALUES(20964, 'parent', 'Deliver.Genese964', 'FoSDMbK[,0EJl7^j');
INSERT INTO parents VALUES(20964, 'Deliver', 'Genese');
INSERT INTO utilisateurs VALUES(20965, 'parent', 'Nathanaël.Mière965', 'K#C-c.Fzyn{UG^+i');
INSERT INTO parents VALUES(20965, 'Nathanaël', 'Mière');
INSERT INTO utilisateurs VALUES(20966, 'parent', 'Ugo.Lubrique966', '])*KCySg0PJna5Z%');
INSERT INTO parents VALUES(20966, 'Ugo', 'Lubrique');
INSERT INTO utilisateurs VALUES(20967, 'parent', 'Sintia.Qwerty967', '2V:d6opU>|vDS{.Z');
INSERT INTO parents VALUES(20967, 'Sintia', 'Qwerty');
INSERT INTO utilisateurs VALUES(20968, 'parent', 'Maxence.B57 PRO MAX 3500968', ',]fALZSmrukczv$8');
INSERT INTO parents VALUES(20968, 'Maxence', 'B57 PRO MAX 3500');
INSERT INTO utilisateurs VALUES(20969, 'parent', 'Uberite.Ou969', '%X:l"a][>N;k0(dK');
INSERT INTO parents VALUES(20969, 'Uberite', 'Ou');
INSERT INTO utilisateurs VALUES(20970, 'parent', 'Yanni.Tum970', '1bmF@Af&QU>cY/02');
INSERT INTO parents VALUES(20970, 'Yanni', 'Tum');
INSERT INTO utilisateurs VALUES(20971, 'parent', 'Maxence.Please971', 'skQ|3qT?zWf0C:$r');
INSERT INTO parents VALUES(20971, 'Maxence', 'Please');
INSERT INTO utilisateurs VALUES(20972, 'parent', 'Jean-Mohammed.Dordebous972', '9,|=*CNL4VWSmRXg');
INSERT INTO parents VALUES(20972, 'Jean-Mohammed', 'Dordebous');
INSERT INTO utilisateurs VALUES(20973, 'parent', 'Valeri.Meurs973', 'M$hw{^T1HraOs,zX');
INSERT INTO parents VALUES(20973, 'Valeri', 'Meurs');
INSERT INTO utilisateurs VALUES(20974, 'parent', 'Skwizy.Dordebous974', 'g5#B/Q(&\Xb"wf6C');
INSERT INTO parents VALUES(20974, 'Skwizy', 'Dordebous');
INSERT INTO utilisateurs VALUES(20975, 'parent', 'Articho.Lebron975', '-{#)4tyT6fiR"u1s');
INSERT INTO parents VALUES(20975, 'Articho', 'Lebron');
INSERT INTO utilisateurs VALUES(20976, 'parent', 'Etrique.Pabo976', 'Aa(=L.ex&+3z*:f$');
INSERT INTO parents VALUES(20976, 'Etrique', 'Pabo');
INSERT INTO utilisateurs VALUES(20977, 'parent', 'Crapo.Lebron977', 'ZrCaO\,EQ>T*q9oM');
INSERT INTO parents VALUES(20977, 'Crapo', 'Lebron');
INSERT INTO utilisateurs VALUES(20978, 'parent', 'Etrique.Lemoche978', '>0@=|wqa9YCjMzB6');
INSERT INTO parents VALUES(20978, 'Etrique', 'Lemoche');
INSERT INTO utilisateurs VALUES(20979, 'parent', 'Patric.Marat979', 'hoe2QldqKB5^9,]k');
INSERT INTO parents VALUES(20979, 'Patric', 'Marat');
INSERT INTO utilisateurs VALUES(20980, 'parent', 'Célian.Pie980', 'r=+:_XokHy(]-Wm}');
INSERT INTO parents VALUES(20980, 'Célian', 'Pie');
INSERT INTO utilisateurs VALUES(20981, 'parent', 'Florian.Epiee981', 'bIqgsrNuP{)ZzWTF');
INSERT INTO parents VALUES(20981, 'Florian', 'Epiee');
INSERT INTO utilisateurs VALUES(20982, 'parent', 'Pabo.Bechamelle982', '$p&/1g,-rOZ6txM}');
INSERT INTO parents VALUES(20982, 'Pabo', 'Bechamelle');
INSERT INTO utilisateurs VALUES(20983, 'parent', 'Jean-Eune.Mière983', '_l*r{Z1HBG=@Wtj,');
INSERT INTO parents VALUES(20983, 'Jean-Eune', 'Mière');
INSERT INTO utilisateurs VALUES(20984, 'parent', 'Paluche.Musk984', '4J%q\)hk?R{>a|1g');
INSERT INTO parents VALUES(20984, 'Paluche', 'Musk');
INSERT INTO utilisateurs VALUES(20985, 'parent', 'Nathanaël.Dordebous985', '"!V]zH6&ixY/K<$^');
INSERT INTO parents VALUES(20985, 'Nathanaël', 'Dordebous');
INSERT INTO utilisateurs VALUES(20986, 'parent', 'Thanzile.Qwerty986', '6XmO%w\:_7}sW@-E');
INSERT INTO parents VALUES(20986, 'Thanzile', 'Qwerty');
INSERT INTO utilisateurs VALUES(20987, 'parent', 'Jonathan.Mière987', 'pvPot@KIi=Tu3}g"');
INSERT INTO parents VALUES(20987, 'Jonathan', 'Mière');
INSERT INTO utilisateurs VALUES(20988, 'parent', 'Sintia.Ite988', 'i>$dV[Q?F"z^=Y6u');
INSERT INTO parents VALUES(20988, 'Sintia', 'Ite');
INSERT INTO utilisateurs VALUES(20989, 'parent', 'Hubert-Valéry-Patrick-Stanislas.Epiee989', '1S.En*;r<=i%RGdK');
INSERT INTO parents VALUES(20989, 'Hubert-Valéry-Patrick-Stanislas', 'Epiee');
INSERT INTO utilisateurs VALUES(20990, 'parent', 'Yanni.Mière990', '8G;}:>U!hsuV,{to');
INSERT INTO parents VALUES(20990, 'Yanni', 'Mière');
INSERT INTO utilisateurs VALUES(20991, 'parent', 'Pabo.Lustre991', '>BJ]xe3I?nHoPZcq');
INSERT INTO parents VALUES(20991, 'Pabo', 'Lustre');
INSERT INTO utilisateurs VALUES(20992, 'parent', 'Moru.Vin992', 'kb{.8}]oE:!$Zi[>');
INSERT INTO parents VALUES(20992, 'Moru', 'Vin');
INSERT INTO utilisateurs VALUES(20993, 'parent', 'Crapo.Lemoche993', '{(do*MxXUfeP!R:m');
INSERT INTO parents VALUES(20993, 'Crapo', 'Lemoche');
INSERT INTO utilisateurs VALUES(20994, 'parent', 'Prise.Pabo994', '5dz"F%=NU>KWSx6<');
INSERT INTO parents VALUES(20994, 'Prise', 'Pabo');
INSERT INTO utilisateurs VALUES(20995, 'parent', 'Florian.Azerty995', 'qB|\g8bV@}r?-e:=');
INSERT INTO parents VALUES(20995, 'Florian', 'Azerty');
INSERT INTO utilisateurs VALUES(20996, 'parent', 'Lumineux.Gif996', 'BW=iIHs69?YG$fob');
INSERT INTO parents VALUES(20996, 'Lumineux', 'Gif');
INSERT INTO utilisateurs VALUES(20997, 'parent', 'Bernar.Suroderable997', 'Gt,IqQAFS.Ej=c)/');
INSERT INTO parents VALUES(20997, 'Bernar', 'Suroderable');
INSERT INTO utilisateurs VALUES(20998, 'parent', 'Bernar.Cremanglaise998', '#-*V6@oXG8}agA0b');
INSERT INTO parents VALUES(20998, 'Bernar', 'Cremanglaise');
INSERT INTO utilisateurs VALUES(20999, 'parent', 'Sintia.Piloti999', ')$HV[g:xC#+-i]Ee');
INSERT INTO parents VALUES(20999, 'Sintia', 'Piloti');
INSERT INTO utilisateurs VALUES(21000, 'parent', 'Deliver.Piloti1000', 'fNVUkB,wqG;.haR!');
INSERT INTO parents VALUES(21000, 'Deliver', 'Piloti');
INSERT INTO utilisateurs VALUES(21001, 'parent', 'Yassine.Gif1001', 'Lo<q\gPzB@G?ym,J');
INSERT INTO parents VALUES(21001, 'Yassine', 'Gif');
INSERT INTO utilisateurs VALUES(21002, 'parent', 'Tym.Tom1002', 'EGnQd{_J3=o!9\}&');
INSERT INTO parents VALUES(21002, 'Tym', 'Tom');
INSERT INTO utilisateurs VALUES(21003, 'parent', 'Crapo.Geneve1003', 'nc/mRx>svZ[eTQrh');
INSERT INTO parents VALUES(21003, 'Crapo', 'Geneve');
INSERT INTO utilisateurs VALUES(21004, 'parent', 'Loui.Mangesol1004', '1Wlag}Fh?S*]iO\v');
INSERT INTO parents VALUES(21004, 'Loui', 'Mangesol');
INSERT INTO utilisateurs VALUES(21005, 'parent', 'Juliet.Pie1005', '7PIH[>aNik1)#$mx');
INSERT INTO parents VALUES(21005, 'Juliet', 'Pie');
INSERT INTO utilisateurs VALUES(21006, 'parent', 'Jean-Mohammed.Tabulage1006', 'xa%mDCYQF&hM@!w0');
INSERT INTO parents VALUES(21006, 'Jean-Mohammed', 'Tabulage');
INSERT INTO utilisateurs VALUES(21007, 'parent', 'Raphaël.Epiee1007', 'H5|aM1w>Z9;dW+/r');
INSERT INTO parents VALUES(21007, 'Raphaël', 'Epiee');
INSERT INTO utilisateurs VALUES(21008, 'parent', 'Erve.Bluetooth1008', '(-kin7f"y3=QuRBs');
INSERT INTO parents VALUES(21008, 'Erve', 'Bluetooth');
INSERT INTO utilisateurs VALUES(21009, 'parent', 'Tem.Marat1009', '$H_.ZtT3q%BWwp}M');
INSERT INTO parents VALUES(21009, 'Tem', 'Marat');
INSERT INTO utilisateurs VALUES(21010, 'parent', 'Prise.Deces1010', 's|K&u@ngVdv"B}4:');
INSERT INTO parents VALUES(21010, 'Prise', 'Deces');
INSERT INTO utilisateurs VALUES(21011, 'parent', 'Thomes.Gober1011', '}CZ4>z<D/g[u)a=B');
INSERT INTO parents VALUES(21011, 'Thomes', 'Gober');
INSERT INTO utilisateurs VALUES(21012, 'parent', 'Lucien.Ou1012', 'ecP[:nAyt=rFYx+B');
INSERT INTO parents VALUES(21012, 'Lucien', 'Ou');
INSERT INTO utilisateurs VALUES(21013, 'parent', 'Uber.Ikea1013', 'S=ylC}qzN;3O]1Yb');
INSERT INTO parents VALUES(21013, 'Uber', 'Ikea');
INSERT INTO utilisateurs VALUES(21014, 'parent', 'Prise.Lubrique1014', 'U0w_7Ou[a).JSsHi');
INSERT INTO parents VALUES(21014, 'Prise', 'Lubrique');
INSERT INTO utilisateurs VALUES(21015, 'parent', 'Tum.Lustre1015', 'pn$q(a8S2cM>AI%X');
INSERT INTO parents VALUES(21015, 'Tum', 'Lustre');
INSERT INTO utilisateurs VALUES(21016, 'parent', 'Jonathan.Lubrique1016', 'Sr[&i#XjKfh%oUeE');
INSERT INTO parents VALUES(21016, 'Jonathan', 'Lubrique');
INSERT INTO utilisateurs VALUES(21017, 'parent', 'Patric.Plafond1017', '?eIolPh]Ad+/Y6<G');
INSERT INTO parents VALUES(21017, 'Patric', 'Plafond');
INSERT INTO utilisateurs VALUES(21018, 'parent', 'Maxence.Bechamelle1018', '>ycKdBf[)AiZ9l]q');
INSERT INTO parents VALUES(21018, 'Maxence', 'Bechamelle');
INSERT INTO utilisateurs VALUES(21019, 'parent', 'Raphaël.Tim1019', '-$wPfi5^qV>Onu2b');
INSERT INTO parents VALUES(21019, 'Raphaël', 'Tim');
INSERT INTO utilisateurs VALUES(21020, 'parent', 'Erve.Veu1020', 'GL$6X.m+"Qrpe|o[');
INSERT INTO parents VALUES(21020, 'Erve', 'Veu');
INSERT INTO utilisateurs VALUES(21021, 'parent', 'Chario.Musk1021', 'bC@&sFS/]y14GU={');
INSERT INTO parents VALUES(21021, 'Chario', 'Musk');
INSERT INTO utilisateurs VALUES(21022, 'parent', 'Stanyshlasse.Meurs1022', 'sMe$fF43z25bip#&');
INSERT INTO parents VALUES(21022, 'Stanyshlasse', 'Meurs');
INSERT INTO utilisateurs VALUES(21023, 'parent', 'Jonathan.Ite1023', '?{2/h_3y4;91otGn');
INSERT INTO parents VALUES(21023, 'Jonathan', 'Ite');
INSERT INTO utilisateurs VALUES(21024, 'parent', 'Tum.Tim1024', 'bWhUm+x1wZO>3_&[');
INSERT INTO parents VALUES(21024, 'Tum', 'Tim');
INSERT INTO utilisateurs VALUES(21025, 'parent', 'Chario.Lebron1025', 'j9GcLZ/DE}S3)4=K');
INSERT INTO parents VALUES(21025, 'Chario', 'Lebron');
INSERT INTO utilisateurs VALUES(21026, 'parent', 'Prise.Tum1026', '#0;F,3"dLRa15q!E');
INSERT INTO parents VALUES(21026, 'Prise', 'Tum');
INSERT INTO utilisateurs VALUES(21027, 'parent', 'X Æ A-Ⅻ.Lubrique1027', '?:C"iwL&*yt][Gbn');
INSERT INTO parents VALUES(21027, 'X Æ A-Ⅻ', 'Lubrique');
INSERT INTO utilisateurs VALUES(21028, 'parent', 'Lucien.Suroderable1028', 'pWKbh}sz:QA*J<#_');
INSERT INTO parents VALUES(21028, 'Lucien', 'Suroderable');
INSERT INTO utilisateurs VALUES(21029, 'parent', 'Patric.Tem1029', 'bIA}&zH0w2Nhy!d(');
INSERT INTO parents VALUES(21029, 'Patric', 'Tem');
INSERT INTO utilisateurs VALUES(21030, 'parent', 'Lucien.B57 PRO MAX 35001030', 'mn2|Rp$3VoEN*Jd8');
INSERT INTO parents VALUES(21030, 'Lucien', 'B57 PRO MAX 3500');
INSERT INTO utilisateurs VALUES(21031, 'parent', 'Patric.Tom1031', 'sqG$0YiXgF<%M!7c');
INSERT INTO parents VALUES(21031, 'Patric', 'Tom');
INSERT INTO utilisateurs VALUES(21032, 'parent', 'Erve.Mière1032', 'z[f^Ba9*_=!vo-PV');
INSERT INTO parents VALUES(21032, 'Erve', 'Mière');
INSERT INTO utilisateurs VALUES(21033, 'parent', 'Erve.Piloti1033', 'b7ml[t#;*(A.Iq8L');
INSERT INTO parents VALUES(21033, 'Erve', 'Piloti');
INSERT INTO utilisateurs VALUES(21034, 'parent', 'Sintia.Mière1034', '-CpyZr&=E3Kj>QX4');
INSERT INTO parents VALUES(21034, 'Sintia', 'Mière');
INSERT INTO utilisateurs VALUES(21035, 'parent', 'Jen.Musk1035', 'Pjy/G{Rw"O\Z:0N<');
INSERT INTO parents VALUES(21035, 'Jen', 'Musk');
INSERT INTO utilisateurs VALUES(21036, 'parent', 'Raphaël.Veu1036', 'p-jW^@dby(o:[P)S');
INSERT INTO parents VALUES(21036, 'Raphaël', 'Veu');
INSERT INTO utilisateurs VALUES(21037, 'parent', 'Tiri.Mière1037', '5q6LSXT_{iosV;R^');
INSERT INTO parents VALUES(21037, 'Tiri', 'Mière');
INSERT INTO utilisateurs VALUES(21038, 'parent', 'Loui.Nutella1038', '"z}*3I8m>]g#9svA');
INSERT INTO parents VALUES(21038, 'Loui', 'Nutella');
INSERT INTO utilisateurs VALUES(21039, 'parent', 'Yanni.Musk1039', 'J4\dcv)C,?TEn=Va');
INSERT INTO parents VALUES(21039, 'Yanni', 'Musk');
INSERT INTO utilisateurs VALUES(21040, 'parent', 'Tiri.Nutella1040', '[x3(%b@S{0Hn28gR');
INSERT INTO parents VALUES(21040, 'Tiri', 'Nutella');
INSERT INTO utilisateurs VALUES(21041, 'parent', 'Loui.Epiee1041', 'bJwZ1&TIH>Y5a}3P');
INSERT INTO parents VALUES(21041, 'Loui', 'Epiee');
INSERT INTO utilisateurs VALUES(21042, 'parent', 'Uberite.Genesis1042', 'qM@Ru04jQX_ZHYay');
INSERT INTO parents VALUES(21042, 'Uberite', 'Genesis');
INSERT INTO utilisateurs VALUES(21043, 'parent', 'Skwizy.Lebron1043', 'f!{-)j<tGbCTyWp2');
INSERT INTO parents VALUES(21043, 'Skwizy', 'Lebron');
INSERT INTO utilisateurs VALUES(21044, 'parent', 'Tam.Pabo1044', ':35jP)yzedZFX$%N');
INSERT INTO parents VALUES(21044, 'Tam', 'Pabo');
INSERT INTO utilisateurs VALUES(21045, 'parent', 'Valeri.Wifi1045', 'Ut9n)&j5F3u"v=]?');
INSERT INTO parents VALUES(21045, 'Valeri', 'Wifi');
INSERT INTO utilisateurs VALUES(21046, 'parent', 'Tabour.Tym1046', 'zu/.iCG>@F<)(;&_');
INSERT INTO parents VALUES(21046, 'Tabour', 'Tym');
INSERT INTO utilisateurs VALUES(21047, 'parent', 'Skwizy.Lubrique1047', 'lsZUk+SF@y"1V42-');
INSERT INTO parents VALUES(21047, 'Skwizy', 'Lubrique');
INSERT INTO utilisateurs VALUES(21048, 'parent', 'Jean-Eune.Ou1048', 'L>M8[0<_\*pgv]Nr');
INSERT INTO parents VALUES(21048, 'Jean-Eune', 'Ou');
INSERT INTO utilisateurs VALUES(21049, 'parent', 'Patric.Lebron1049', 'OhGY<u.dB2oA:%[}');
INSERT INTO parents VALUES(21049, 'Patric', 'Lebron');
INSERT INTO utilisateurs VALUES(21050, 'parent', 'Meubl.Tem1050', 'h9z5Xrq;fpd=y\x<');
INSERT INTO parents VALUES(21050, 'Meubl', 'Tem');
INSERT INTO utilisateurs VALUES(21051, 'parent', 'Thomes.Suroderable1051', '%}OX+S.Zl=G4HnN>');
INSERT INTO parents VALUES(21051, 'Thomes', 'Suroderable');
INSERT INTO utilisateurs VALUES(21052, 'parent', 'Patric.Lubrique1052', '4THn:R7*hF+QNg2w');
INSERT INTO parents VALUES(21052, 'Patric', 'Lubrique');
INSERT INTO utilisateurs VALUES(21053, 'parent', 'Romain.Tum1053', '_ZH@}[Fx,&9<d.I(');
INSERT INTO parents VALUES(21053, 'Romain', 'Tum');
INSERT INTO utilisateurs VALUES(21054, 'parent', 'Jean-Eune.Electrique1054', '(xL?%1+-h=tbfz[Q');
INSERT INTO parents VALUES(21054, 'Jean-Eune', 'Electrique');
INSERT INTO utilisateurs VALUES(21055, 'parent', 'Valeri.Epiee1055', 'g].Lo*x@?\K+_pwc');
INSERT INTO parents VALUES(21055, 'Valeri', 'Epiee');
INSERT INTO utilisateurs VALUES(21056, 'parent', 'Macly.Veu1056', '"^iq)3{M\&Akm:wZ');
INSERT INTO parents VALUES(21056, 'Macly', 'Veu');
INSERT INTO utilisateurs VALUES(21057, 'parent', 'Uber.Veu1057', '+02@ZdeFCwA94qQt');
INSERT INTO parents VALUES(21057, 'Uber', 'Veu');
INSERT INTO utilisateurs VALUES(21058, 'parent', 'Paluche.Dordebous1058', 'W(|QltUhsHSg"#A6');
INSERT INTO parents VALUES(21058, 'Paluche', 'Dordebous');
INSERT INTO utilisateurs VALUES(21059, 'parent', 'Tom.Lebron1059', 'jELZ143Jkc6\zY*#');
INSERT INTO parents VALUES(21059, 'Tom', 'Lebron');
INSERT INTO utilisateurs VALUES(21060, 'parent', 'Ugo.Qwerty1060', '\1-WT83<Jb]N[#IO');
INSERT INTO parents VALUES(21060, 'Ugo', 'Qwerty');
INSERT INTO utilisateurs VALUES(21061, 'parent', 'Yassine.Musk1061', 'MANfT:JS0*w$,b4D');
INSERT INTO parents VALUES(21061, 'Yassine', 'Musk');
INSERT INTO utilisateurs VALUES(21062, 'parent', 'Candys-Noémie.Tim1062', '[]pZq,8=wVvmoCrk');
INSERT INTO parents VALUES(21062, 'Candys-Noémie', 'Tim');
INSERT INTO utilisateurs VALUES(21063, 'parent', 'Credito.Pie1063', 'qz-@>a<[JK(Mks/U');
INSERT INTO parents VALUES(21063, 'Credito', 'Pie');
INSERT INTO utilisateurs VALUES(21064, 'parent', 'Mac.Gober1064', '5f7r;g]I<2hW*Y$N');
INSERT INTO parents VALUES(21064, 'Mac', 'Gober');
INSERT INTO utilisateurs VALUES(21065, 'parent', 'Desirade.Deces1065', ']scNFJ3V6yov5=#+');
INSERT INTO parents VALUES(21065, 'Desirade', 'Deces');
INSERT INTO utilisateurs VALUES(21066, 'parent', 'Karfour.Genese1066', '*beH{iN_)/?gV"lr');
INSERT INTO parents VALUES(21066, 'Karfour', 'Genese');
INSERT INTO utilisateurs VALUES(21067, 'parent', 'Stalinslas.Suke1067', 'iO"SW$q}THu<dgE0');
INSERT INTO parents VALUES(21067, 'Stalinslas', 'Suke');
INSERT INTO utilisateurs VALUES(21068, 'parent', 'Tiri.Sus1068', 'p/wVS;2OyZC85!6m');
INSERT INTO parents VALUES(21068, 'Tiri', 'Sus');
INSERT INTO utilisateurs VALUES(21069, 'parent', 'Jean-Eune.Market1069', '>fgY[mA<3oGdX4xV');
INSERT INTO parents VALUES(21069, 'Jean-Eune', 'Market');
INSERT INTO utilisateurs VALUES(21070, 'parent', 'Tem.Market1070', 'l<XK.[Re]of&q)(0');
INSERT INTO parents VALUES(21070, 'Tem', 'Market');
INSERT INTO utilisateurs VALUES(21071, 'parent', 'Macly.Tym1071', '%NpG18qOT.D!+Q4a');
INSERT INTO parents VALUES(21071, 'Macly', 'Tym');
INSERT INTO utilisateurs VALUES(21072, 'parent', 'Stanyshlasse.Bechamelle1072', 'h[c=Xe2CoYu;nSGL');
INSERT INTO parents VALUES(21072, 'Stanyshlasse', 'Bechamelle');
INSERT INTO utilisateurs VALUES(21073, 'parent', 'Yassine.Lebeau1073', '"@mX6\7{YROwc5N=');
INSERT INTO parents VALUES(21073, 'Yassine', 'Lebeau');
INSERT INTO utilisateurs VALUES(21074, 'parent', 'Lucien.Bluetooth1074', 'es|9Tkxc1"}6gDG>');
INSERT INTO parents VALUES(21074, 'Lucien', 'Bluetooth');
INSERT INTO utilisateurs VALUES(21075, 'parent', 'Credito.Unowhy1075', 'Mq6bL.^=C":Gu2H0');
INSERT INTO parents VALUES(21075, 'Credito', 'Unowhy');
INSERT INTO utilisateurs VALUES(21076, 'parent', 'Blandine.Tym1076', 'b;q*dZHF7{16sa=N');
INSERT INTO parents VALUES(21076, 'Blandine', 'Tym');
INSERT INTO utilisateurs VALUES(21077, 'parent', 'Tabour.Tim1077', 'y1|3P]98?5}DO%z$');
INSERT INTO parents VALUES(21077, 'Tabour', 'Tim');
INSERT INTO utilisateurs VALUES(21078, 'parent', 'Raphaël.Tum1078', 'T2(zwtMsO|k$Y\!W');
INSERT INTO parents VALUES(21078, 'Raphaël', 'Tum');
INSERT INTO utilisateurs VALUES(21079, 'parent', 'Jonathan.Veu1079', 'D4{UPuo)@An%\GJ]');
INSERT INTO parents VALUES(21079, 'Jonathan', 'Veu');
INSERT INTO utilisateurs VALUES(21080, 'parent', 'Meubl.Moriarty1080', ':sAPc26f3[YOC<jL');
INSERT INTO parents VALUES(21080, 'Meubl', 'Moriarty');
INSERT INTO utilisateurs VALUES(21081, 'parent', 'Ugo.Ou1081', '5wFXRrTj"E};!Bt)');
INSERT INTO parents VALUES(21081, 'Ugo', 'Ou');
INSERT INTO utilisateurs VALUES(21082, 'parent', 'Chario.Plafond1082', 'kR_;8Zi^Gj!0|TSr');
INSERT INTO parents VALUES(21082, 'Chario', 'Plafond');
INSERT INTO utilisateurs VALUES(21083, 'parent', 'Tem.Tym1083', 'BHjS>zA"+}!YTXu5');
INSERT INTO parents VALUES(21083, 'Tem', 'Tym');
INSERT INTO utilisateurs VALUES(21084, 'parent', 'Prise.Genese1084', 'wC\/J^20TYz@Iq7e');
INSERT INTO parents VALUES(21084, 'Prise', 'Genese');
INSERT INTO utilisateurs VALUES(21085, 'parent', 'Paluche.Electrique1085', 'HtAbj#S{NI4l(^$G');
INSERT INTO parents VALUES(21085, 'Paluche', 'Electrique');
INSERT INTO utilisateurs VALUES(21086, 'parent', 'Jean-Eune.Unowhy1086', 'ub;1s:\.J#yoLljq');
INSERT INTO parents VALUES(21086, 'Jean-Eune', 'Unowhy');
INSERT INTO utilisateurs VALUES(21087, 'parent', 'Tiri.Bechamelle1087', '}<!jaZx)1+GBV\#(');
INSERT INTO parents VALUES(21087, 'Tiri', 'Bechamelle');
INSERT INTO utilisateurs VALUES(21088, 'parent', 'Sintia.Plafond1088', '{/).=HKQo(@y|6aI');
INSERT INTO parents VALUES(21088, 'Sintia', 'Plafond');
INSERT INTO utilisateurs VALUES(21089, 'parent', 'Chario.Tem1089', '()SUy3?#@QZ&-%z*');
INSERT INTO parents VALUES(21089, 'Chario', 'Tem');
INSERT INTO utilisateurs VALUES(21090, 'parent', 'Thanzile.Please1090', '{=(;g3Bc<R|,PFz%');
INSERT INTO parents VALUES(21090, 'Thanzile', 'Please');
INSERT INTO utilisateurs VALUES(21091, 'parent', 'Tym.Pabo1091', 'w!l@1{(B57[SG]}M');
INSERT INTO parents VALUES(21091, 'Tym', 'Pabo');
INSERT INTO utilisateurs VALUES(21092, 'parent', 'Candys-Noémie.Tem1092', '\w.7FgT$ynxdeRl?');
INSERT INTO parents VALUES(21092, 'Candys-Noémie', 'Tem');
INSERT INTO utilisateurs VALUES(21093, 'parent', 'Skwizy.B57 PRO MAX 35001093', 'u?$}KXN/,Hk1p<#m');
INSERT INTO parents VALUES(21093, 'Skwizy', 'B57 PRO MAX 3500');
INSERT INTO utilisateurs VALUES(21094, 'parent', 'Bernar.Unowhy1094', 'WcOh$Y{}#5U16kwv');
INSERT INTO parents VALUES(21094, 'Bernar', 'Unowhy');
INSERT INTO utilisateurs VALUES(21095, 'parent', 'Tim.Lustre1095', '#g5qji=\NaKen2!s');
INSERT INTO parents VALUES(21095, 'Tim', 'Lustre');
INSERT INTO utilisateurs VALUES(21096, 'parent', 'Tim.Descartes1096', 'xs8.=&@vBlW]QSqZ');
INSERT INTO parents VALUES(21096, 'Tim', 'Descartes');
INSERT INTO utilisateurs VALUES(21097, 'parent', 'Amogus.Azerty1097', 'P_GRLs(OtVn,.Mf4');
INSERT INTO parents VALUES(21097, 'Amogus', 'Azerty');
INSERT INTO utilisateurs VALUES(21098, 'parent', 'Ugo.Descartes1098', 'xKHMF<Vu8A:>PBoI');
INSERT INTO parents VALUES(21098, 'Ugo', 'Descartes');
INSERT INTO utilisateurs VALUES(21099, 'parent', 'Uberite.Lemoche1099', 'z7;y,_#Q@V^8*.ng');
INSERT INTO parents VALUES(21099, 'Uberite', 'Lemoche');
INSERT INTO utilisateurs VALUES(21100, 'parent', 'Tum.Marat1100', 'Tos7DBu^3Z,m#dxO');
INSERT INTO parents VALUES(21100, 'Tum', 'Marat');
INSERT INTO utilisateurs VALUES(21101, 'parent', 'Stanyshlasse.Ite1101', ':m{)vwb,fyxI?9SZ');
INSERT INTO parents VALUES(21101, 'Stanyshlasse', 'Ite');
INSERT INTO utilisateurs VALUES(21102, 'parent', 'Romain.Suke1102', 'Y$|r[Mf#WyeH4\7u');
INSERT INTO parents VALUES(21102, 'Romain', 'Suke');
INSERT INTO utilisateurs VALUES(21103, 'parent', 'Crapo.Piloti1103', 'yF/3U9WbC;)te^"J');
INSERT INTO parents VALUES(21103, 'Crapo', 'Piloti');
INSERT INTO utilisateurs VALUES(21104, 'parent', 'Articho.Azerty1104', ';Bw3iuJ&L,\jy%*@');
INSERT INTO parents VALUES(21104, 'Articho', 'Azerty');
INSERT INTO utilisateurs VALUES(21105, 'parent', 'Thomes.Deces1105', 't"a!y|hjMD2U@u)8');
INSERT INTO parents VALUES(21105, 'Thomes', 'Deces');
INSERT INTO utilisateurs VALUES(21106, 'parent', 'Karfour.Please1106', 'ojS3]1kV2.v\ueZ:');
INSERT INTO parents VALUES(21106, 'Karfour', 'Please');
INSERT INTO utilisateurs VALUES(21107, 'parent', 'Jean-Mohammed.Deces1107', '!2Lmt"wE8,U.kfB=');
INSERT INTO parents VALUES(21107, 'Jean-Mohammed', 'Deces');
INSERT INTO utilisateurs VALUES(21108, 'parent', 'Célian.Tum1108', '.jcX=3DJk@et4SnF');
INSERT INTO parents VALUES(21108, 'Célian', 'Tum');
INSERT INTO utilisateurs VALUES(21109, 'parent', 'Jean-Eune.Edupython1109', ']}l|KL0XnkTocAj,');
INSERT INTO parents VALUES(21109, 'Jean-Eune', 'Edupython');
INSERT INTO utilisateurs VALUES(21110, 'parent', 'Vic.Bechamelle1110', 'A=-eRO)CDdI&{kp^');
INSERT INTO parents VALUES(21110, 'Vic', 'Bechamelle');
INSERT INTO utilisateurs VALUES(21111, 'parent', 'Lucien.Deces1111', '>U!)LoKI[{Q02c?E');
INSERT INTO parents VALUES(21111, 'Lucien', 'Deces');
INSERT INTO utilisateurs VALUES(21112, 'parent', 'Hugo.Vin1112', 't6hNj!)4lr}qW]Es');
INSERT INTO parents VALUES(21112, 'Hugo', 'Vin');
INSERT INTO utilisateurs VALUES(21113, 'parent', 'Deliver.Electrique1113', 'X5UcHpI."9<d,T{?');
INSERT INTO parents VALUES(21113, 'Deliver', 'Electrique');
INSERT INTO utilisateurs VALUES(21114, 'parent', 'Uber.Plafond1114', '?2u"%;y|_a/I0Z{X');
INSERT INTO parents VALUES(21114, 'Uber', 'Plafond');
INSERT INTO utilisateurs VALUES(21115, 'parent', 'Valeri.Geneve1115', '27%Xu_OQ?E)Rs<#$');
INSERT INTO parents VALUES(21115, 'Valeri', 'Geneve');
INSERT INTO utilisateurs VALUES(21116, 'parent', 'Articho.Pabo1116', 'j@Y;30<s9T(:cn.m');
INSERT INTO parents VALUES(21116, 'Articho', 'Pabo');
INSERT INTO utilisateurs VALUES(21117, 'parent', 'Credito.Gif1117', '#-!N^"4+J><eHAKE');
INSERT INTO parents VALUES(21117, 'Credito', 'Gif');
INSERT INTO utilisateurs VALUES(21118, 'parent', 'Erve.Meurs1118', 'M47akG:U!d)><T=2');
INSERT INTO parents VALUES(21118, 'Erve', 'Meurs');
INSERT INTO utilisateurs VALUES(21119, 'parent', 'Célian.Plafond1119', 'Jy$eRx0zl@?&dw[m');
INSERT INTO parents VALUES(21119, 'Célian', 'Plafond');
INSERT INTO utilisateurs VALUES(21120, 'parent', 'Pablo.Tim1120', '6@z<$&[vqR9_;D-M');
INSERT INTO parents VALUES(21120, 'Pablo', 'Tim');
INSERT INTO utilisateurs VALUES(21121, 'parent', 'Jean-Eune.Plafond1121', '|i+?_uhS#26N&1/P');
INSERT INTO parents VALUES(21121, 'Jean-Eune', 'Plafond');
INSERT INTO utilisateurs VALUES(21122, 'parent', 'Valeri.Bluetooth1122', '1K#[8fG/MX@stnhw');
INSERT INTO parents VALUES(21122, 'Valeri', 'Bluetooth');
INSERT INTO utilisateurs VALUES(21123, 'parent', 'Tabour.Tem1123', '4[WJ"ySat{3}IO-m');
INSERT INTO parents VALUES(21123, 'Tabour', 'Tem');
INSERT INTO utilisateurs VALUES(21124, 'parent', 'Thanzile.Genese1124', '1<d\-jDR+l(oL)q:');
INSERT INTO parents VALUES(21124, 'Thanzile', 'Genese');
INSERT INTO utilisateurs VALUES(21125, 'parent', 'Tom.Tim1125', 'n$=<Fa#ecPBf6K]G');
INSERT INTO parents VALUES(21125, 'Tom', 'Tim');
INSERT INTO utilisateurs VALUES(21126, 'parent', 'Chario.Wifi1126', ';(zAUYvgeGc)2_.:');
INSERT INTO parents VALUES(21126, 'Chario', 'Wifi');
INSERT INTO utilisateurs VALUES(21127, 'parent', 'Jen.Pie1127', 'h:)nMU>RyZB9GN4E');
INSERT INTO parents VALUES(21127, 'Jen', 'Pie');
INSERT INTO utilisateurs VALUES(21128, 'parent', 'Stalinslas.Duc de Montmorency1128', '/|cTXJIpE\;!*moO');
INSERT INTO parents VALUES(21128, 'Stalinslas', 'Duc de Montmorency');
INSERT INTO utilisateurs VALUES(21129, 'parent', 'Ugo.Sus1129', 'O4J^@Irl!Po\H.z6');
INSERT INTO parents VALUES(21129, 'Ugo', 'Sus');
INSERT INTO utilisateurs VALUES(21130, 'parent', 'Tom.Tym1130', 'h6n_K2rj:)54Q/"R');
INSERT INTO parents VALUES(21130, 'Tom', 'Tym');
INSERT INTO utilisateurs VALUES(21131, 'parent', 'Tom.Please1131', 'uz;#aM}AcyO$t,Gk');
INSERT INTO parents VALUES(21131, 'Tom', 'Please');
INSERT INTO utilisateurs VALUES(21132, 'parent', 'Romain.Pabo1132', '<(-B]V3a$nUZ!6or');
INSERT INTO parents VALUES(21132, 'Romain', 'Pabo');
INSERT INTO utilisateurs VALUES(21133, 'parent', 'Jonathan.Pipe1133', 'GKxqsX9j;p#Ve<vc');
INSERT INTO parents VALUES(21133, 'Jonathan', 'Pipe');
INSERT INTO utilisateurs VALUES(21134, 'parent', 'Hugo.Lebron1134', '9gi{7pAHuwO>qacG');
INSERT INTO parents VALUES(21134, 'Hugo', 'Lebron');
INSERT INTO utilisateurs VALUES(21135, 'parent', 'Tem.B57 PRO MAX 35001135', 'e@<Zn$lA3x;vj/aJ');
INSERT INTO parents VALUES(21135, 'Tem', 'B57 PRO MAX 3500');
INSERT INTO utilisateurs VALUES(21136, 'parent', 'Prise.Gif1136', 'qa/U[hiQp\;H0*%t');
INSERT INTO parents VALUES(21136, 'Prise', 'Gif');
INSERT INTO utilisateurs VALUES(21137, 'parent', 'Pablo.Mangesol1137', 'hLzIfe+OwJ\|&P)_');
INSERT INTO parents VALUES(21137, 'Pablo', 'Mangesol');
INSERT INTO utilisateurs VALUES(21138, 'parent', 'Tim.Cremanglaise1138', 'Y9qTM6xFiu+=)<@C');
INSERT INTO parents VALUES(21138, 'Tim', 'Cremanglaise');
INSERT INTO utilisateurs VALUES(21139, 'parent', 'Candys-Noémie.Duc de Montmorency1139', '^$:G=Px*02#,HfZL');
INSERT INTO parents VALUES(21139, 'Candys-Noémie', 'Duc de Montmorency');
INSERT INTO utilisateurs VALUES(21140, 'parent', 'Hubert-Valéry-Patrick-Stanislas.Dordebous1140', 'MBN.%+S0v4nwe}]8');
INSERT INTO parents VALUES(21140, 'Hubert-Valéry-Patrick-Stanislas', 'Dordebous');
INSERT INTO utilisateurs VALUES(21141, 'parent', 'Raphaël.Gober1141', 'W/3a^%?PLs.k7xRi');
INSERT INTO parents VALUES(21141, 'Raphaël', 'Gober');
INSERT INTO utilisateurs VALUES(21142, 'parent', 'Loui.Unowhy1142', 'O(z3xwiDSaf%/rGB');
INSERT INTO parents VALUES(21142, 'Loui', 'Unowhy');
INSERT INTO utilisateurs VALUES(21143, 'parent', 'Etrique.Lebron1143', 'f3oa:{r9[eSqZyiT');
INSERT INTO parents VALUES(21143, 'Etrique', 'Lebron');
INSERT INTO utilisateurs VALUES(21144, 'parent', 'Tom.Market1144', ':=#0sXKq%1QcUk3^');
INSERT INTO parents VALUES(21144, 'Tom', 'Market');
INSERT INTO utilisateurs VALUES(21145, 'parent', 'Uber.Ite1145', 'h"9ClyKpV<q@}Tsv');
INSERT INTO parents VALUES(21145, 'Uber', 'Ite');
INSERT INTO utilisateurs VALUES(21146, 'parent', 'Romain.Please1146', 'p&*[7,Il}{%dVE0"');
INSERT INTO parents VALUES(21146, 'Romain', 'Please');
INSERT INTO utilisateurs VALUES(21147, 'parent', 'Amogus.Ite1147', '{g4)I*NoYW:A!JE]');
INSERT INTO parents VALUES(21147, 'Amogus', 'Ite');
INSERT INTO utilisateurs VALUES(21148, 'parent', 'Juliet.Edupython1148', '^xs"JFKVm;2c$4r{');
INSERT INTO parents VALUES(21148, 'Juliet', 'Edupython');
INSERT INTO utilisateurs VALUES(21149, 'parent', 'Chario.Meurs1149', '(/]6NOl\D[J{@*0^');
INSERT INTO parents VALUES(21149, 'Chario', 'Meurs');
INSERT INTO utilisateurs VALUES(21150, 'parent', 'Juliet.Genesis1150', 'hpoB*|(:t<z3M$i"');
INSERT INTO parents VALUES(21150, 'Juliet', 'Genesis');
INSERT INTO utilisateurs VALUES(21151, 'parent', 'Lumineux.Ikea1151', '*:@[%vg<U.Stu6_|');
INSERT INTO parents VALUES(21151, 'Lumineux', 'Ikea');
INSERT INTO utilisateurs VALUES(21152, 'parent', 'Crapo.Mière1152', 'MPN*1ZH_W]q$V\Tb');
INSERT INTO parents VALUES(21152, 'Crapo', 'Mière');
INSERT INTO utilisateurs VALUES(21153, 'parent', 'Blandine.Cremanglaise1153', '8rFl?w2;BV5phaSj');
INSERT INTO parents VALUES(21153, 'Blandine', 'Cremanglaise');
INSERT INTO utilisateurs VALUES(21154, 'parent', 'Uberite.Musk1154', '[1g}$M]5=Tqi*u@j');
INSERT INTO parents VALUES(21154, 'Uberite', 'Musk');
INSERT INTO utilisateurs VALUES(21155, 'parent', 'Yassine.Cremanglaise1155', '6z0HW)dKx"v7_U8V');
INSERT INTO parents VALUES(21155, 'Yassine', 'Cremanglaise');
INSERT INTO utilisateurs VALUES(21156, 'parent', 'Candys-Noémie.Meurs1156', '];Iy6TVoqf2[RAb0');
INSERT INTO parents VALUES(21156, 'Candys-Noémie', 'Meurs');
INSERT INTO utilisateurs VALUES(21157, 'parent', 'Hubert-Valéry-Patrick-Stanislas.Plafond1157', 'grB</hH.d!->@t]M');
INSERT INTO parents VALUES(21157, 'Hubert-Valéry-Patrick-Stanislas', 'Plafond');
INSERT INTO utilisateurs VALUES(21158, 'parent', 'Thanzile.Mière1158', '$jBU!q/#&:zy4aZA');
INSERT INTO parents VALUES(21158, 'Thanzile', 'Mière');
INSERT INTO utilisateurs VALUES(21159, 'parent', 'Nathanaël.Sus1159', ')8"9_To[EKIJB0*S');
INSERT INTO parents VALUES(21159, 'Nathanaël', 'Sus');
INSERT INTO utilisateurs VALUES(21160, 'parent', 'Ugo.Duc de Montmorency1160', '5T6Ml{mnpw"Z}K7g');
INSERT INTO parents VALUES(21160, 'Ugo', 'Duc de Montmorency');
INSERT INTO utilisateurs VALUES(21161, 'parent', 'Crapo.Pipe1161', 'vy[w};UQ4E3JpXV/');
INSERT INTO parents VALUES(21161, 'Crapo', 'Pipe');
INSERT INTO utilisateurs VALUES(21162, 'parent', 'Crapo.Ite1162', 'PqdGf>k|+s5X:/=4');
INSERT INTO parents VALUES(21162, 'Crapo', 'Ite');
INSERT INTO utilisateurs VALUES(21163, 'parent', 'Nathanaël.Musk1163', ';XxIf9Bs{(ocJ$a6');
INSERT INTO parents VALUES(21163, 'Nathanaël', 'Musk');
INSERT INTO utilisateurs VALUES(21164, 'parent', 'Meubl.Lemoche1164', '6@n.]zNX4ZpFaC7{');
INSERT INTO parents VALUES(21164, 'Meubl', 'Lemoche');
INSERT INTO utilisateurs VALUES(21165, 'parent', 'Tam.Pipe1165', '%HB&ex.=:A032,n>');
INSERT INTO parents VALUES(21165, 'Tam', 'Pipe');
INSERT INTO utilisateurs VALUES(21166, 'parent', 'Thanzile.Suke1166', 'v8WJ5$ExTj#tesLc');
INSERT INTO parents VALUES(21166, 'Thanzile', 'Suke');
INSERT INTO utilisateurs VALUES(21167, 'parent', 'Pabo.Piloti1167', ';bCXFB:#MU.T3tmY');
INSERT INTO parents VALUES(21167, 'Pabo', 'Piloti');
INSERT INTO utilisateurs VALUES(21168, 'parent', 'Erve.Descartes1168', '*R\.O4cgBwj]|?Ue');
INSERT INTO parents VALUES(21168, 'Erve', 'Descartes');
INSERT INTO utilisateurs VALUES(21169, 'parent', 'Romain.Ou1169', 'm<X.O_B-g*,uF"@7');
INSERT INTO parents VALUES(21169, 'Romain', 'Ou');
INSERT INTO utilisateurs VALUES(21170, 'parent', 'Jean-Mohammed.Gif1170', 'NO>.Y#I?Rdb*h^A)');
INSERT INTO parents VALUES(21170, 'Jean-Mohammed', 'Gif');
INSERT INTO utilisateurs VALUES(21171, 'parent', 'Tum.Qwerty1171', 'a"zKsyqTlG!O&CLw');
INSERT INTO parents VALUES(21171, 'Tum', 'Qwerty');
INSERT INTO utilisateurs VALUES(21172, 'parent', 'Bernar.Lubrique1172', '32"$B7q.#g)&YwaH');
INSERT INTO parents VALUES(21172, 'Bernar', 'Lubrique');
INSERT INTO utilisateurs VALUES(21173, 'parent', 'Thomes.Genepi1173', '<_cnSQAx-^;[:"o3');
INSERT INTO parents VALUES(21173, 'Thomes', 'Genepi');
INSERT INTO utilisateurs VALUES(21174, 'parent', 'Prise.Lodevie1174', '$,GtWPT4Ezw}BaOA');
INSERT INTO parents VALUES(21174, 'Prise', 'Lodevie');
INSERT INTO utilisateurs VALUES(21175, 'parent', 'Stanyshlasse.Epiee1175', '#i<|4HjTCl&AE3kB');
INSERT INTO parents VALUES(21175, 'Stanyshlasse', 'Epiee');
INSERT INTO utilisateurs VALUES(21176, 'parent', 'Deliver.Genesis1176', 'nx?DQ7fwtY5U/yoi');
INSERT INTO parents VALUES(21176, 'Deliver', 'Genesis');
INSERT INTO utilisateurs VALUES(21177, 'parent', 'Moru.Tym1177', '7#l16[<Gr!o(.3Xm');
INSERT INTO parents VALUES(21177, 'Moru', 'Tym');
INSERT INTO utilisateurs VALUES(21178, 'parent', 'Patric.Genesis1178', '+V,OtFUJPi>e&z*G');
INSERT INTO parents VALUES(21178, 'Patric', 'Genesis');
INSERT INTO utilisateurs VALUES(21179, 'parent', 'Thanzile.Gif1179', '0zQ3r5SAN9/Z\Of1');
INSERT INTO parents VALUES(21179, 'Thanzile', 'Gif');
INSERT INTO utilisateurs VALUES(21180, 'parent', 'Meubl.Please1180', '+jD#3@y=mLeJo$r,');
INSERT INTO parents VALUES(21180, 'Meubl', 'Please');
INSERT INTO utilisateurs VALUES(21181, 'parent', 'Meubl.Marat1181', 'yA_GDf4:Q=q*WN(E');
INSERT INTO parents VALUES(21181, 'Meubl', 'Marat');
INSERT INTO utilisateurs VALUES(21182, 'parent', 'Credito.Livrogne1182', ':>KH09rnaM}F.VdU');
INSERT INTO parents VALUES(21182, 'Credito', 'Livrogne');
INSERT INTO utilisateurs VALUES(21183, 'parent', 'Juliet.Genese1183', 'VB$yn^r%.A8YgMw)');
INSERT INTO parents VALUES(21183, 'Juliet', 'Genese');
INSERT INTO utilisateurs VALUES(21184, 'parent', 'Tym.Tum1184', 'VHo,^=z[k1S@]$xL');
INSERT INTO parents VALUES(21184, 'Tym', 'Tum');
INSERT INTO utilisateurs VALUES(21185, 'parent', 'Bernar.Lebron1185', 'J^71d9N%]w,6Rp4+');
INSERT INTO parents VALUES(21185, 'Bernar', 'Lebron');
INSERT INTO utilisateurs VALUES(21186, 'parent', 'Deliver.Wifi1186', '3Sbt(Ri5/CI2P4oX');
INSERT INTO parents VALUES(21186, 'Deliver', 'Wifi');
INSERT INTO utilisateurs VALUES(21187, 'parent', 'Thanzile.Dordebous1187', 'lMJZn<b7h6g+qku9');
INSERT INTO parents VALUES(21187, 'Thanzile', 'Dordebous');
INSERT INTO utilisateurs VALUES(21188, 'parent', 'Juliet.Gober1188', 'efY%gv2&,RL:NlGc');
INSERT INTO parents VALUES(21188, 'Juliet', 'Gober');
INSERT INTO utilisateurs VALUES(21189, 'parent', 'Tum.Genese1189', ')S?,>ElV3&\@X7=(');
INSERT INTO parents VALUES(21189, 'Tum', 'Genese');
INSERT INTO utilisateurs VALUES(21190, 'parent', 'Chario.Epiee1190', '>&S/Yev=k0AXJ"3D');
INSERT INTO parents VALUES(21190, 'Chario', 'Epiee');
INSERT INTO utilisateurs VALUES(21191, 'parent', 'Paluche.Epiee1191', 'Zzv(j_0xcKk<y!FX');
INSERT INTO parents VALUES(21191, 'Paluche', 'Epiee');
INSERT INTO utilisateurs VALUES(21192, 'parent', 'Lumineux.Oxlong1192', '(fI)SQP$]gm7bU,q');
INSERT INTO parents VALUES(21192, 'Lumineux', 'Oxlong');
INSERT INTO utilisateurs VALUES(21193, 'parent', 'Moru.Lebron1193', 'z1),6e2XG/SP^*[t');
INSERT INTO parents VALUES(21193, 'Moru', 'Lebron');
INSERT INTO utilisateurs VALUES(21194, 'parent', 'Patric.Electrique1194', 's|ul}p%^CT8/7L36');
INSERT INTO parents VALUES(21194, 'Patric', 'Electrique');
INSERT INTO utilisateurs VALUES(21195, 'parent', 'X Æ A-Ⅻ.Wifi1195', '8M|aF)r&,iGQ#9Ze');
INSERT INTO parents VALUES(21195, 'X Æ A-Ⅻ', 'Wifi');
INSERT INTO utilisateurs VALUES(21196, 'parent', 'Juliet.Tem1196', '={dP^_i.K>szRef&');
INSERT INTO parents VALUES(21196, 'Juliet', 'Tem');
INSERT INTO utilisateurs VALUES(21197, 'parent', 'Tabour.Musk1197', 'V6HNW5k];E7@sUl<');
INSERT INTO parents VALUES(21197, 'Tabour', 'Musk');
INSERT INTO utilisateurs VALUES(21198, 'parent', 'Jean-Mohammed.Pie1198', 'e:8k@}7(WM39|)x$');
INSERT INTO parents VALUES(21198, 'Jean-Mohammed', 'Pie');
INSERT INTO utilisateurs VALUES(21199, 'parent', 'Stanyshlasse.Tum1199', '*x,U+s/vg#iRN8@c');
INSERT INTO parents VALUES(21199, 'Stanyshlasse', 'Tum');
INSERT INTO utilisateurs VALUES(21200, 'parent', 'Blandine.Pabo1200', 'G.sgrC(W8jVeh$2v');
INSERT INTO parents VALUES(21200, 'Blandine', 'Pabo');
INSERT INTO utilisateurs VALUES(21201, 'parent', 'Thomes.Moriarty1201', 'U&!QkGT2l+-%$5c<');
INSERT INTO parents VALUES(21201, 'Thomes', 'Moriarty');
INSERT INTO utilisateurs VALUES(21202, 'parent', 'Tim.Pipe1202', 'k$[NrSR?Uj"-a/*=');
INSERT INTO parents VALUES(21202, 'Tim', 'Pipe');
INSERT INTO utilisateurs VALUES(21203, 'parent', 'Jonathan.Azerty1203', 'Oz%C!]nYT7d,R.a$');
INSERT INTO parents VALUES(21203, 'Jonathan', 'Azerty');
INSERT INTO utilisateurs VALUES(21204, 'parent', 'Tam.Descartes1204', 'Pm#;X-7uYwE)<q9j');
INSERT INTO parents VALUES(21204, 'Tam', 'Descartes');
INSERT INTO utilisateurs VALUES(21205, 'parent', 'Ugo.Suroderable1205', '"^LY%|yWvfnO(g&d');
INSERT INTO parents VALUES(21205, 'Ugo', 'Suroderable');
INSERT INTO utilisateurs VALUES(21206, 'parent', 'Hugo.Deces1206', 'khXw=V]?prv_MYiG');
INSERT INTO parents VALUES(21206, 'Hugo', 'Deces');
INSERT INTO utilisateurs VALUES(21207, 'parent', 'Hugo.Edupython1207', '%])nQA/Z[K&qB8=P');
INSERT INTO parents VALUES(21207, 'Hugo', 'Edupython');
INSERT INTO utilisateurs VALUES(21208, 'parent', 'X Æ A-Ⅻ.Sus1208', '8%hec7{OG:k2[t6+');
INSERT INTO parents VALUES(21208, 'X Æ A-Ⅻ', 'Sus');
INSERT INTO utilisateurs VALUES(21209, 'parent', 'Sintia.Ou1209', 'Owal$GF{bc+T3h"i');
INSERT INTO parents VALUES(21209, 'Sintia', 'Ou');
INSERT INTO utilisateurs VALUES(21210, 'parent', 'Amogus.Descartes1210', '|49py}xw\N;>H[CP');
INSERT INTO parents VALUES(21210, 'Amogus', 'Descartes');
INSERT INTO utilisateurs VALUES(21211, 'parent', 'Tym.Pie1211', 'ujePDL6;8_2H<Mko');
INSERT INTO parents VALUES(21211, 'Tym', 'Pie');
INSERT INTO utilisateurs VALUES(21212, 'parent', 'Jonathan.Tabulage1212', 'Pbg6najx]5fG1ivw');
INSERT INTO parents VALUES(21212, 'Jonathan', 'Tabulage');
INSERT INTO utilisateurs VALUES(21213, 'parent', 'Stabline.Plafond1213', ':|pjg<;(^]!mhzEC');
INSERT INTO parents VALUES(21213, 'Stabline', 'Plafond');
INSERT INTO utilisateurs VALUES(21214, 'parent', 'Maxence.Meurs1214', 'r(\stIz&TJa%+{vF');
INSERT INTO parents VALUES(21214, 'Maxence', 'Meurs');
INSERT INTO utilisateurs VALUES(21215, 'parent', 'Romain.Market1215', '5siZfMLyY\C?BStl');
INSERT INTO parents VALUES(21215, 'Romain', 'Market');
INSERT INTO utilisateurs VALUES(21216, 'parent', 'Tym.Bluetooth1216', 'MT?H@<nugNV7f)eW');
INSERT INTO parents VALUES(21216, 'Tym', 'Bluetooth');
INSERT INTO utilisateurs VALUES(21217, 'parent', 'Prise.Pie1217', 'd,;NxP9!(\#lj%q7');
INSERT INTO parents VALUES(21217, 'Prise', 'Pie');
INSERT INTO utilisateurs VALUES(21218, 'parent', 'Hugo.Gober1218', 'P[)d4A;h+bT%Nv,$');
INSERT INTO parents VALUES(21218, 'Hugo', 'Gober');
INSERT INTO utilisateurs VALUES(21219, 'parent', 'Pablo.Pabo1219', 'Tfu-q;+A:h54=&Cd');
INSERT INTO parents VALUES(21219, 'Pablo', 'Pabo');
INSERT INTO utilisateurs VALUES(21220, 'parent', 'Credito.Mière1220', 'Dpi23(\HUf|P@>%y');
INSERT INTO parents VALUES(21220, 'Credito', 'Mière');
INSERT INTO utilisateurs VALUES(21221, 'parent', 'Pablo.Piloti1221', '.%;_,o2vcE95]i{4');
INSERT INTO parents VALUES(21221, 'Pablo', 'Piloti');
INSERT INTO utilisateurs VALUES(21222, 'parent', 'Uber.Qwerty1222', 'gwBJY0WaQ#=-bs?x');
INSERT INTO parents VALUES(21222, 'Uber', 'Qwerty');
INSERT INTO utilisateurs VALUES(21223, 'parent', 'Tem.Lubrique1223', 'G(c!20{I.B/<zild');
INSERT INTO parents VALUES(21223, 'Tem', 'Lubrique');
INSERT INTO utilisateurs VALUES(21224, 'parent', 'Tim.Tum1224', 'D1btK|9cVN.[TXQ-');
INSERT INTO parents VALUES(21224, 'Tim', 'Tum');
INSERT INTO utilisateurs VALUES(21225, 'parent', 'Pablo.Azerty1225', 'c{R"^ZNXriL$JSMx');
INSERT INTO parents VALUES(21225, 'Pablo', 'Azerty');
INSERT INTO utilisateurs VALUES(21226, 'parent', 'Mac.Dordebous1226', '.te816@vJunKp7j=');
INSERT INTO parents VALUES(21226, 'Mac', 'Dordebous');
INSERT INTO utilisateurs VALUES(21227, 'parent', 'Tym.Gif1227', 'r5O?KM.p(+A\akQU');
INSERT INTO parents VALUES(21227, 'Tym', 'Gif');
INSERT INTO utilisateurs VALUES(21228, 'parent', 'X Æ A-Ⅻ.Descartes1228', 'joW>ei.<0w\c?hRa');
INSERT INTO parents VALUES(21228, 'X Æ A-Ⅻ', 'Descartes');
INSERT INTO utilisateurs VALUES(21229, 'parent', 'Sintia.Nutella1229', '+DmPro3K/Od"sZaX');
INSERT INTO parents VALUES(21229, 'Sintia', 'Nutella');
INSERT INTO utilisateurs VALUES(21230, 'parent', 'Tom.Dordebous1230', ':%t<{lEp?UPN=7j_');
INSERT INTO parents VALUES(21230, 'Tom', 'Dordebous');
INSERT INTO utilisateurs VALUES(21231, 'parent', 'Ugo.Genepi1231', '1ih3Q09J}#K8nOk)');
INSERT INTO parents VALUES(21231, 'Ugo', 'Genepi');
INSERT INTO utilisateurs VALUES(21232, 'parent', 'Candys-Noémie.Tom1232', 'n\f<AWyH+I]mj#|@');
INSERT INTO parents VALUES(21232, 'Candys-Noémie', 'Tom');
INSERT INTO utilisateurs VALUES(21233, 'parent', 'Paluche.Gif1233', 'PH#3]t<{}5WxTER!');
INSERT INTO parents VALUES(21233, 'Paluche', 'Gif');
INSERT INTO utilisateurs VALUES(21234, 'parent', 'Juliet.Dordebous1234', 'Sv(]o-Fd.9|hsyCA');
INSERT INTO parents VALUES(21234, 'Juliet', 'Dordebous');
INSERT INTO utilisateurs VALUES(21235, 'parent', 'X Æ A-Ⅻ.Plafond1235', '/b"Z@,%f>F<rySxG');
INSERT INTO parents VALUES(21235, 'X Æ A-Ⅻ', 'Plafond');
INSERT INTO utilisateurs VALUES(21236, 'parent', 'Karfour.Bluetooth1236', 'DP8ulLgTs7EIeG#}');
INSERT INTO parents VALUES(21236, 'Karfour', 'Bluetooth');
INSERT INTO utilisateurs VALUES(21237, 'parent', 'Hubert-Valéry-Patrick-Stanislas.Market1237', 'Og%mExN&L70k-s$z');
INSERT INTO parents VALUES(21237, 'Hubert-Valéry-Patrick-Stanislas', 'Market');
INSERT INTO utilisateurs VALUES(21238, 'parent', 'Paluche.Marat1238', '7[_k&mJ+9ylsgtTB');
INSERT INTO parents VALUES(21238, 'Paluche', 'Marat');
INSERT INTO utilisateurs VALUES(21239, 'parent', 'Jean-Eune.Deces1239', 'k!:jmp6YPJ{.7l5K');
INSERT INTO parents VALUES(21239, 'Jean-Eune', 'Deces');
INSERT INTO utilisateurs VALUES(21240, 'parent', 'Maxence.Lodevie1240', '}Z1X"Mx0+)9kEnr.');
INSERT INTO parents VALUES(21240, 'Maxence', 'Lodevie');
INSERT INTO utilisateurs VALUES(21241, 'parent', 'Tiri.Veu1241', 'Pn@AK6.l$>bQx&MS');
INSERT INTO parents VALUES(21241, 'Tiri', 'Veu');
INSERT INTO utilisateurs VALUES(21242, 'parent', 'Etrique.Pablo1242', 'b1("oe;kR7th<w+U');
INSERT INTO parents VALUES(21242, 'Etrique', 'Pablo');
INSERT INTO utilisateurs VALUES(21243, 'parent', 'Jean-Eune.Genepi1243', 'Zf#|nGd<J}4O!QB"');
INSERT INTO parents VALUES(21243, 'Jean-Eune', 'Genepi');
INSERT INTO utilisateurs VALUES(21244, 'parent', 'Valeri.Tim1244', '*e+$Q&(#i"X1@l<Z');
INSERT INTO parents VALUES(21244, 'Valeri', 'Tim');
INSERT INTO utilisateurs VALUES(21245, 'parent', 'Yanni.Avion1245', 'GtMOkSFw>CIq-=L2');
INSERT INTO parents VALUES(21245, 'Yanni', 'Avion');
INSERT INTO utilisateurs VALUES(21246, 'parent', 'Meubl.Tim1246', '<TLu0+!qgla$bUIX');
INSERT INTO parents VALUES(21246, 'Meubl', 'Tim');
INSERT INTO utilisateurs VALUES(21247, 'parent', 'Tim.Mière1247', '/f+xC3i!"FhNXbza');
INSERT INTO parents VALUES(21247, 'Tim', 'Mière');
INSERT INTO utilisateurs VALUES(21248, 'parent', 'Uber.Descartes1248', 'y2sGf-?/g0Ab+7c;');
INSERT INTO parents VALUES(21248, 'Uber', 'Descartes');
INSERT INTO utilisateurs VALUES(21249, 'parent', 'Bernar.Mangesol1249', 'Yy3#aUEAFdCf2|@_');
INSERT INTO parents VALUES(21249, 'Bernar', 'Mangesol');
INSERT INTO utilisateurs VALUES(21250, 'parent', 'Hugo.Suroderable1250', '[ME.s&I8z5u]t@=^');
INSERT INTO parents VALUES(21250, 'Hugo', 'Suroderable');
INSERT INTO utilisateurs VALUES(21251, 'parent', 'Mac.Lebron1251', '0#^=l+.aKA6zkM8}');
INSERT INTO parents VALUES(21251, 'Mac', 'Lebron');
INSERT INTO utilisateurs VALUES(21252, 'parent', 'Maxence.Tim1252', 'Jd<&Cer3Iu;YUF|P');
INSERT INTO parents VALUES(21252, 'Maxence', 'Tim');
INSERT INTO utilisateurs VALUES(21253, 'parent', 'Uberite.Nutella1253', 'kFjPz=B\4u_-SG,T');
INSERT INTO parents VALUES(21253, 'Uberite', 'Nutella');
INSERT INTO utilisateurs VALUES(21254, 'parent', 'Thanzile.Pabo1254', 's-3dKecgu,+_@M)o');
INSERT INTO parents VALUES(21254, 'Thanzile', 'Pabo');
INSERT INTO utilisateurs VALUES(21255, 'parent', 'Credito.Tam1255', 'Tw?3;B5M^NJ)}<m|');
INSERT INTO parents VALUES(21255, 'Credito', 'Tam');
INSERT INTO utilisateurs VALUES(21256, 'parent', 'Hugo.Dordebous1256', 'uGiX.@Y1tAQFd[M!');
INSERT INTO parents VALUES(21256, 'Hugo', 'Dordebous');
INSERT INTO utilisateurs VALUES(21257, 'parent', 'Yanni.Deces1257', 'M6;<&un5O(b[lre%');
INSERT INTO parents VALUES(21257, 'Yanni', 'Deces');
INSERT INTO utilisateurs VALUES(21258, 'parent', 'Macly.Pie1258', '_ix!jyY$6dnkNb>u');
INSERT INTO parents VALUES(21258, 'Macly', 'Pie');
INSERT INTO utilisateurs VALUES(21259, 'parent', 'Jen.Ou1259', 'PTzY.#54B<&@_+Xu');
INSERT INTO parents VALUES(21259, 'Jen', 'Ou');
INSERT INTO utilisateurs VALUES(21260, 'parent', 'Pabo.Lebron1260', 'S_6BH*9PvQ$?D4)N');
INSERT INTO parents VALUES(21260, 'Pabo', 'Lebron');
INSERT INTO utilisateurs VALUES(21261, 'parent', 'Tam.Geneve1261', 'jc7_hB(b1rR2D+s!');
INSERT INTO parents VALUES(21261, 'Tam', 'Geneve');
INSERT INTO utilisateurs VALUES(21262, 'parent', 'Tam.Tim1262', 'ZM-|m@iC4E5g\*Sj');
INSERT INTO parents VALUES(21262, 'Tam', 'Tim');
INSERT INTO utilisateurs VALUES(21263, 'parent', 'Amogus.Electrique1263', 'c\kK<;[MGnuwEj0m');
INSERT INTO parents VALUES(21263, 'Amogus', 'Electrique');
INSERT INTO utilisateurs VALUES(21264, 'parent', 'Stanyshlasse.Qwerty1264', 'HLZ/ilOA!R_aV]b$');
INSERT INTO parents VALUES(21264, 'Stanyshlasse', 'Qwerty');
INSERT INTO utilisateurs VALUES(21265, 'parent', 'Lucien.Ikea1265', '"&G:8n>S]w0%_Mob');
INSERT INTO parents VALUES(21265, 'Lucien', 'Ikea');
INSERT INTO utilisateurs VALUES(21266, 'parent', 'Tym.Bechamelle1266', '=|3Ox2P5aW_}Gcs(');
INSERT INTO parents VALUES(21266, 'Tym', 'Bechamelle');
INSERT INTO utilisateurs VALUES(21267, 'parent', 'Macly.Moriarty1267', 'MX>Bbf";9erWalk,');
INSERT INTO parents VALUES(21267, 'Macly', 'Moriarty');
INSERT INTO utilisateurs VALUES(21268, 'parent', 'Mac.Musk1268', 'aN]K|q5T9Ssle0o"');
INSERT INTO parents VALUES(21268, 'Mac', 'Musk');
INSERT INTO utilisateurs VALUES(21269, 'parent', 'Desirade.Tim1269', 'wbvej[p1_QH0@OL|');
INSERT INTO parents VALUES(21269, 'Desirade', 'Tim');
INSERT INTO utilisateurs VALUES(21270, 'parent', 'Tam.Sus1270', 'U/YZ,mL@5#P3[;.u');
INSERT INTO parents VALUES(21270, 'Tam', 'Sus');
INSERT INTO utilisateurs VALUES(21271, 'parent', 'Tim.Gif1271', 'zXBa4p-/SZDd+xv*');
INSERT INTO parents VALUES(21271, 'Tim', 'Gif');
INSERT INTO utilisateurs VALUES(21272, 'parent', 'Bernar.Tim1272', 'gZr)A3*/o>CylDVm');
INSERT INTO parents VALUES(21272, 'Bernar', 'Tim');
INSERT INTO utilisateurs VALUES(21273, 'parent', 'Karfour.Nutella1273', 'VXx0yac>746!<*-h');
INSERT INTO parents VALUES(21273, 'Karfour', 'Nutella');
INSERT INTO utilisateurs VALUES(21274, 'parent', 'Crapo.Descartes1274', '5Q%jp,W>_K1r":(x');
INSERT INTO parents VALUES(21274, 'Crapo', 'Descartes');
INSERT INTO utilisateurs VALUES(21275, 'parent', 'Candys-Noémie.Livrogne1275', 'O3C&+[TrS(EaU6Zt');
INSERT INTO parents VALUES(21275, 'Candys-Noémie', 'Livrogne');
INSERT INTO utilisateurs VALUES(21276, 'parent', 'Blandine.Descartes1276', 'BSoQh[VWA9)X+:>.');
INSERT INTO parents VALUES(21276, 'Blandine', 'Descartes');
INSERT INTO utilisateurs VALUES(21277, 'parent', 'Stalinslas.Gif1277', 'C\g0=ij$}6B<rYe{');
INSERT INTO parents VALUES(21277, 'Stalinslas', 'Gif');
INSERT INTO utilisateurs VALUES(21278, 'parent', 'X Æ A-Ⅻ.Ite1278', '@vRL-q:*Yexf?akt');
INSERT INTO parents VALUES(21278, 'X Æ A-Ⅻ', 'Ite');
INSERT INTO utilisateurs VALUES(21279, 'parent', 'Uberite.Tabulage1279', 'a5-K/<i[@%tF9oz+');
INSERT INTO parents VALUES(21279, 'Uberite', 'Tabulage');
INSERT INTO utilisateurs VALUES(21280, 'parent', 'Bernar.Epiee1280', 'V)}bQGDR>KlN$F?:');
INSERT INTO parents VALUES(21280, 'Bernar', 'Epiee');
INSERT INTO utilisateurs VALUES(21281, 'parent', 'Romain.Lodevie1281', 'sn|{c,1A3fZQ@=v_');
INSERT INTO parents VALUES(21281, 'Romain', 'Lodevie');
INSERT INTO utilisateurs VALUES(21282, 'parent', 'Blandine.Nutella1282', '^-mfy@RwB%A7C(?v');
INSERT INTO parents VALUES(21282, 'Blandine', 'Nutella');
INSERT INTO utilisateurs VALUES(21283, 'parent', 'Tam.Azerty1283', '?fL;atS,I<RdD)0m');
INSERT INTO parents VALUES(21283, 'Tam', 'Azerty');
INSERT INTO utilisateurs VALUES(21284, 'parent', 'Jean-Mohammed.Tum1284', 'yGPYqezM"ri&A(+X');
INSERT INTO parents VALUES(21284, 'Jean-Mohammed', 'Tum');
INSERT INTO utilisateurs VALUES(21285, 'parent', 'Hubert-Valéry-Patrick-Stanislas.Tim1285', ';v2E5$nrY^Z9#RIw');
INSERT INTO parents VALUES(21285, 'Hubert-Valéry-Patrick-Stanislas', 'Tim');
INSERT INTO utilisateurs VALUES(21286, 'parent', 'Thanzile.Plafond1286', 'q!}*Q&psoIL,.6;^');
INSERT INTO parents VALUES(21286, 'Thanzile', 'Plafond');
INSERT INTO utilisateurs VALUES(21287, 'parent', 'Amogus.Gif1287', '?o}Pxa^\L=7F:4@E');
INSERT INTO parents VALUES(21287, 'Amogus', 'Gif');
INSERT INTO utilisateurs VALUES(21288, 'parent', 'Chario.Suke1288', 'I+f^Ls$iw,jvc}Y7');
INSERT INTO parents VALUES(21288, 'Chario', 'Suke');
INSERT INTO utilisateurs VALUES(21289, 'parent', 'Tam.Moriarty1289', 'qku;".4NjZrB_aVi');
INSERT INTO parents VALUES(21289, 'Tam', 'Moriarty');
INSERT INTO utilisateurs VALUES(21290, 'parent', 'Ugo.Avion1290', 'P}-Su)Fw/\(6bkO{');
INSERT INTO parents VALUES(21290, 'Ugo', 'Avion');
INSERT INTO utilisateurs VALUES(21291, 'parent', 'Mac.Tabulage1291', '\Y0|ML:+Qe)6zHT*');
INSERT INTO parents VALUES(21291, 'Mac', 'Tabulage');
INSERT INTO utilisateurs VALUES(21292, 'parent', 'Chario.Dordebous1292', ',wd(x}+v?>DVr5n"');
INSERT INTO parents VALUES(21292, 'Chario', 'Dordebous');
INSERT INTO utilisateurs VALUES(21293, 'parent', 'Juliet.Lebeau1293', 'xcE2m#bpK5!n8w-t');
INSERT INTO parents VALUES(21293, 'Juliet', 'Lebeau');
INSERT INTO utilisateurs VALUES(21294, 'parent', 'Karfour.Piloti1294', '#}Ag,7HC4Ozlm]/8');
INSERT INTO parents VALUES(21294, 'Karfour', 'Piloti');
INSERT INTO utilisateurs VALUES(21295, 'parent', 'Tum.Genepi1295', 'hr+FgT)wK\kmIs[,');
INSERT INTO parents VALUES(21295, 'Tum', 'Genepi');
INSERT INTO utilisateurs VALUES(21296, 'parent', 'Valeri.Pabo1296', 'WL$x"Xq;^M_}YU8p');
INSERT INTO parents VALUES(21296, 'Valeri', 'Pabo');
INSERT INTO utilisateurs VALUES(21297, 'parent', 'Desirade.Meurs1297', '5k!YE}.\t:O9d&Le');
INSERT INTO parents VALUES(21297, 'Desirade', 'Meurs');
INSERT INTO utilisateurs VALUES(21298, 'parent', 'Skwizy.Lustre1298', 'RM]S;y52O39fkJ?C');
INSERT INTO parents VALUES(21298, 'Skwizy', 'Lustre');
INSERT INTO utilisateurs VALUES(21299, 'parent', 'Jonathan.Duc de Montmorency1299', 'E\Z7R&/<v.s_?Gu!');
INSERT INTO parents VALUES(21299, 'Jonathan', 'Duc de Montmorency');
INSERT INTO utilisateurs VALUES(21300, 'parent', 'Deliver.Moriarty1300', '?Q}Wp,ZBGMb+)h#/');
INSERT INTO parents VALUES(21300, 'Deliver', 'Moriarty');
INSERT INTO utilisateurs VALUES(21301, 'parent', 'Meubl.Nutella1301', '/bnmfw]eIK3HEZpq');
INSERT INTO parents VALUES(21301, 'Meubl', 'Nutella');
INSERT INTO utilisateurs VALUES(21302, 'parent', 'Juliet.Cremanglaise1302', '^Y:nE=?V<P#TMr>X');
INSERT INTO parents VALUES(21302, 'Juliet', 'Cremanglaise');
INSERT INTO utilisateurs VALUES(21303, 'parent', 'Erve.B57 PRO MAX 35001303', 'l)pJ;4d&3mW,.M7!');
INSERT INTO parents VALUES(21303, 'Erve', 'B57 PRO MAX 3500');
INSERT INTO utilisateurs VALUES(21304, 'parent', 'Desirade.Ite1304', '>o=&FPUXl8%NCJKm');
INSERT INTO parents VALUES(21304, 'Desirade', 'Ite');
INSERT INTO utilisateurs VALUES(21305, 'parent', 'Bernar.Genepi1305', 'a0N=($InJC&+HF\2');
INSERT INTO parents VALUES(21305, 'Bernar', 'Genepi');
INSERT INTO utilisateurs VALUES(21306, 'parent', 'Romain.Mière1306', '&tXf_Fyp6Q\m8c(E');
INSERT INTO parents VALUES(21306, 'Romain', 'Mière');
INSERT INTO utilisateurs VALUES(21307, 'parent', 'Ugo.Genesis1307', 'n)]0W+aw(jE=GAL?');
INSERT INTO parents VALUES(21307, 'Ugo', 'Genesis');
INSERT INTO utilisateurs VALUES(21308, 'parent', 'Tiri.Cremanglaise1308', '9?g2f*.6+;3tETn4');
INSERT INTO parents VALUES(21308, 'Tiri', 'Cremanglaise');
INSERT INTO utilisateurs VALUES(21309, 'parent', 'Candys-Noémie.Tym1309', 'R>70kWl_a3rG;K%O');
INSERT INTO parents VALUES(21309, 'Candys-Noémie', 'Tym');
INSERT INTO utilisateurs VALUES(21310, 'parent', 'Desirade.Lustre1310', 'Ua^fW-.+[rigwm_A');
INSERT INTO parents VALUES(21310, 'Desirade', 'Lustre');
INSERT INTO utilisateurs VALUES(21311, 'parent', 'Tabour.Ou1311', 'o*-{W8":CX2)._V,');
INSERT INTO parents VALUES(21311, 'Tabour', 'Ou');
INSERT INTO utilisateurs VALUES(21312, 'parent', 'Blandine.Wifi1312', 'sI!oB.@w7(M_[9AP');
INSERT INTO parents VALUES(21312, 'Blandine', 'Wifi');
INSERT INTO utilisateurs VALUES(21313, 'parent', 'Yanni.Plafond1313', 'b>=kp-2t,A$hDWOI');
INSERT INTO parents VALUES(21313, 'Yanni', 'Plafond');
INSERT INTO utilisateurs VALUES(21314, 'parent', 'Articho.Moriarty1314', 'u-vRtFBl0[EI_Xk?');
INSERT INTO parents VALUES(21314, 'Articho', 'Moriarty');
INSERT INTO utilisateurs VALUES(21315, 'parent', 'Thanzile.Meurs1315', '&V8zR=4Y1:Ps@F9H');
INSERT INTO parents VALUES(21315, 'Thanzile', 'Meurs');
INSERT INTO utilisateurs VALUES(21316, 'parent', 'Juliet.Deces1316', '/@?<V1c]L|&Bu0;>');
INSERT INTO parents VALUES(21316, 'Juliet', 'Deces');
INSERT INTO utilisateurs VALUES(21317, 'parent', 'Yanni.Livrogne1317', '#Myj_1p}La^VP2>:');
INSERT INTO parents VALUES(21317, 'Yanni', 'Livrogne');
INSERT INTO utilisateurs VALUES(21318, 'parent', 'X Æ A-Ⅻ.Meurs1318', 'UW)\<#pqvmM}?@Pf');
INSERT INTO parents VALUES(21318, 'X Æ A-Ⅻ', 'Meurs');
INSERT INTO utilisateurs VALUES(21319, 'parent', 'Lumineux.Tam1319', 'Rj)G*S^gXe3B.F!H');
INSERT INTO parents VALUES(21319, 'Lumineux', 'Tam');
INSERT INTO utilisateurs VALUES(21320, 'parent', 'Juliet.Geneve1320', '.j!W[,]:Uw4i/IHB');
INSERT INTO parents VALUES(21320, 'Juliet', 'Geneve');
INSERT INTO utilisateurs VALUES(21321, 'parent', 'Stanyshlasse.Mangesol1321', 'aFhR:8jIt3m!r6U(');
INSERT INTO parents VALUES(21321, 'Stanyshlasse', 'Mangesol');
INSERT INTO utilisateurs VALUES(21322, 'parent', 'Florian.Mangesol1322', 'Y.1u<qxnG^T_iJ{E');
INSERT INTO parents VALUES(21322, 'Florian', 'Mangesol');
INSERT INTO utilisateurs VALUES(21323, 'parent', 'Jen.Pipe1323', '#$?IL9=i8-7&dSqp');
INSERT INTO parents VALUES(21323, 'Jen', 'Pipe');
INSERT INTO utilisateurs VALUES(21324, 'parent', 'Amogus.Lustre1324', 'h)>s]F8ig9^#-n"V');
INSERT INTO parents VALUES(21324, 'Amogus', 'Lustre');
INSERT INTO utilisateurs VALUES(21325, 'parent', 'Tem.Wifi1325', '()712qs;5-0H[?"Q');
INSERT INTO parents VALUES(21325, 'Tem', 'Wifi');
INSERT INTO utilisateurs VALUES(21326, 'parent', 'Uber.Lebron1326', 'N^EOgdS9CbH17p>=');
INSERT INTO parents VALUES(21326, 'Uber', 'Lebron');
INSERT INTO utilisateurs VALUES(21327, 'parent', 'Jean-Mohammed.Genese1327', '8OZ@oEf<t]&F"Aw}');
INSERT INTO parents VALUES(21327, 'Jean-Mohammed', 'Genese');
INSERT INTO utilisateurs VALUES(21328, 'parent', 'Bernar.Livrogne1328', '!]h#yGLS2Fn*x:Zv');
INSERT INTO parents VALUES(21328, 'Bernar', 'Livrogne');
INSERT INTO utilisateurs VALUES(21329, 'parent', 'Maxence.Piloti1329', 'GQ9/Dpg<q]j,z2:l');
INSERT INTO parents VALUES(21329, 'Maxence', 'Piloti');
INSERT INTO utilisateurs VALUES(21330, 'parent', 'Skwizy.Genepi1330', 'Z<Iiv6pqeP(%c4R"');
INSERT INTO parents VALUES(21330, 'Skwizy', 'Genepi');
INSERT INTO utilisateurs VALUES(21331, 'parent', 'Stalinslas.Lubrique1331', '!([MzGa?uv6>K]H}');
INSERT INTO parents VALUES(21331, 'Stalinslas', 'Lubrique');
INSERT INTO utilisateurs VALUES(21332, 'parent', 'Uberite.Oxlong1332', '6VnO8y)0zD(XlM-N');
INSERT INTO parents VALUES(21332, 'Uberite', 'Oxlong');
INSERT INTO utilisateurs VALUES(21333, 'parent', 'Tim.Bechamelle1333', 'ed.5}lHtEN!|Z%L2');
INSERT INTO parents VALUES(21333, 'Tim', 'Bechamelle');
INSERT INTO utilisateurs VALUES(21334, 'parent', 'Vic.Descartes1334', 'u&A(R1wt8=)_-$Be');
INSERT INTO parents VALUES(21334, 'Vic', 'Descartes');
INSERT INTO utilisateurs VALUES(21335, 'parent', 'Valeri.Electrique1335', 'WF|f(J\i7Su5H]-&');
INSERT INTO parents VALUES(21335, 'Valeri', 'Electrique');
INSERT INTO utilisateurs VALUES(21336, 'parent', 'Lumineux.Lubrique1336', 'OFMTjplWZ*.@+n"Q');
INSERT INTO parents VALUES(21336, 'Lumineux', 'Lubrique');
INSERT INTO utilisateurs VALUES(21337, 'parent', 'Patric.Edupython1337', 'pq:V.5i{DkW?<Pb#');
INSERT INTO parents VALUES(21337, 'Patric', 'Edupython');
INSERT INTO utilisateurs VALUES(21338, 'parent', 'Maxence.Descartes1338', 'P5BAHsUkW0l}GXn"');
INSERT INTO parents VALUES(21338, 'Maxence', 'Descartes');
INSERT INTO utilisateurs VALUES(21339, 'parent', 'Skwizy.Genesis1339', 'n+]k)jQfE#2lg{L@');
INSERT INTO parents VALUES(21339, 'Skwizy', 'Genesis');
INSERT INTO utilisateurs VALUES(21340, 'parent', 'Ugo.Piloti1340', '*zb10P&NA_g#,$5}');
INSERT INTO parents VALUES(21340, 'Ugo', 'Piloti');
INSERT INTO utilisateurs VALUES(21341, 'parent', 'Erve.Lebeau1341', 'O+$is,qn3zt_wZ71');
INSERT INTO parents VALUES(21341, 'Erve', 'Lebeau');
INSERT INTO utilisateurs VALUES(21342, 'parent', 'Prise.Oxlong1342', 'bu7[XQNU>])y|vd*');
INSERT INTO parents VALUES(21342, 'Prise', 'Oxlong');
INSERT INTO utilisateurs VALUES(21343, 'parent', 'Thanzile.Tabulage1343', '@ux;&p6dbte,J]|9');
INSERT INTO parents VALUES(21343, 'Thanzile', 'Tabulage');
INSERT INTO utilisateurs VALUES(21344, 'parent', 'Uber.Lubrique1344', 'XVAcPZ4eCOj_Ki1g');
INSERT INTO parents VALUES(21344, 'Uber', 'Lubrique');
INSERT INTO utilisateurs VALUES(21345, 'parent', 'Karfour.Oxlong1345', ';ygHdtEh+4_S,f|p');
INSERT INTO parents VALUES(21345, 'Karfour', 'Oxlong');
INSERT INTO utilisateurs VALUES(21346, 'parent', 'Chario.Ou1346', 'NGW9K4.p8vmUg1A,');
INSERT INTO parents VALUES(21346, 'Chario', 'Ou');
INSERT INTO utilisateurs VALUES(21347, 'parent', 'Lucien.Tym1347', 'XxLV(4>&/\CsD#zN');
INSERT INTO parents VALUES(21347, 'Lucien', 'Tym');
INSERT INTO utilisateurs VALUES(21348, 'parent', 'Tum.Tabulage1348', 'As9<X^lJFwGE|ir.');
INSERT INTO parents VALUES(21348, 'Tum', 'Tabulage');
INSERT INTO utilisateurs VALUES(21349, 'parent', 'Ugo.Edupython1349', 'DPeV1Q#6_WL,EJS2');
INSERT INTO parents VALUES(21349, 'Ugo', 'Edupython');
INSERT INTO utilisateurs VALUES(21350, 'parent', 'Tim.Qwerty1350', '6<)3VqA+{([^d*0#');
INSERT INTO parents VALUES(21350, 'Tim', 'Qwerty');
INSERT INTO utilisateurs VALUES(21351, 'parent', 'Stabline.Wifi1351', 'Z|rNL)gGH31f5]&0');
INSERT INTO parents VALUES(21351, 'Stabline', 'Wifi');
INSERT INTO utilisateurs VALUES(21352, 'parent', 'Tim.Edupython1352', 'E6*GZ^,hs2lA:fF[');
INSERT INTO parents VALUES(21352, 'Tim', 'Edupython');
INSERT INTO utilisateurs VALUES(21353, 'parent', 'Stalinslas.Gober1353', 'ap1OVdHnK,fM/kTb');
INSERT INTO parents VALUES(21353, 'Stalinslas', 'Gober');
INSERT INTO utilisateurs VALUES(21354, 'parent', 'Meubl.Dordebous1354', 'XGxOiI|C1Az+k}>d');
INSERT INTO parents VALUES(21354, 'Meubl', 'Dordebous');
INSERT INTO utilisateurs VALUES(21355, 'parent', 'Bernar.Ite1355', 'RB/gtp.J7FqX(N!]');
INSERT INTO parents VALUES(21355, 'Bernar', 'Ite');
INSERT INTO utilisateurs VALUES(21356, 'parent', 'Candys-Noémie.Ite1356', 'z+g8ejd[(^m<Ha9c');
INSERT INTO parents VALUES(21356, 'Candys-Noémie', 'Ite');
INSERT INTO utilisateurs VALUES(21357, 'parent', 'Hubert-Valéry-Patrick-Stanislas.Tabulage1357', 'H>N+|DUR_.5{kv1y');
INSERT INTO parents VALUES(21357, 'Hubert-Valéry-Patrick-Stanislas', 'Tabulage');
INSERT INTO utilisateurs VALUES(21358, 'parent', 'Uberite.Plafond1358', '|]1x?3@M+Gsm.U[t');
INSERT INTO parents VALUES(21358, 'Uberite', 'Plafond');
INSERT INTO utilisateurs VALUES(21359, 'parent', 'Blandine.Geneve1359', '$qM&gvn[LJ%DOWQF');
INSERT INTO parents VALUES(21359, 'Blandine', 'Geneve');
INSERT INTO utilisateurs VALUES(21360, 'parent', 'Pablo.Tem1360', 'f5H|?U.nh3\C]yrW');
INSERT INTO parents VALUES(21360, 'Pablo', 'Tem');
INSERT INTO utilisateurs VALUES(21361, 'parent', 'Stalinslas.Moriarty1361', 'Ee&#7|@]2i$yu})4');
INSERT INTO parents VALUES(21361, 'Stalinslas', 'Moriarty');
INSERT INTO utilisateurs VALUES(21362, 'parent', 'Credito.B57 PRO MAX 35001362', '&F?S/36z40.eCnwt');
INSERT INTO parents VALUES(21362, 'Credito', 'B57 PRO MAX 3500');
INSERT INTO utilisateurs VALUES(21363, 'parent', 'Stabline.Tem1363', '"&QSJsC7BKDbTwh/');
INSERT INTO parents VALUES(21363, 'Stabline', 'Tem');
INSERT INTO utilisateurs VALUES(21364, 'parent', 'Célian.Pablo1364', '*brXe/$}y"9]5|0E');
INSERT INTO parents VALUES(21364, 'Célian', 'Pablo');
INSERT INTO utilisateurs VALUES(21365, 'parent', 'Uberite.Epiee1365', '|LAoq^MifkT/%9D{');
INSERT INTO parents VALUES(21365, 'Uberite', 'Epiee');
INSERT INTO utilisateurs VALUES(21366, 'parent', 'Jonathan.Plafond1366', 'pePqS%-J,X]ziBxt');
INSERT INTO parents VALUES(21366, 'Jonathan', 'Plafond');
INSERT INTO utilisateurs VALUES(21367, 'parent', 'Hugo.Tym1367', ',K)b/x!1ADq.k_&v');
INSERT INTO parents VALUES(21367, 'Hugo', 'Tym');
INSERT INTO utilisateurs VALUES(21368, 'parent', 'Romain.Tem1368', '?98uJSdKx0mYhf|t');
INSERT INTO parents VALUES(21368, 'Romain', 'Tem');
INSERT INTO utilisateurs VALUES(21369, 'parent', 'Tum.Electrique1369', 'AC(b!P%,2?yLJN1B');
INSERT INTO parents VALUES(21369, 'Tum', 'Electrique');
INSERT INTO utilisateurs VALUES(21370, 'parent', 'Hugo.Moriarty1370', 'cuEy+&L|$f.IeS>m');
INSERT INTO parents VALUES(21370, 'Hugo', 'Moriarty');
INSERT INTO utilisateurs VALUES(21371, 'parent', 'Thomes.Edupython1371', 'Rjth"ibxK@-_B*uv');
INSERT INTO parents VALUES(21371, 'Thomes', 'Edupython');
INSERT INTO utilisateurs VALUES(21372, 'parent', 'Chario.Deces1372', 'W+\r)DsH*<j2b@aO');
INSERT INTO parents VALUES(21372, 'Chario', 'Deces');
INSERT INTO utilisateurs VALUES(21373, 'parent', 'Tom.Livrogne1373', 'u*K$Mq@D1doV;|>W');
INSERT INTO parents VALUES(21373, 'Tom', 'Livrogne');
INSERT INTO utilisateurs VALUES(21374, 'parent', 'Pablo.Geneve1374', 'q#NuTZQa>*"nG_+K');
INSERT INTO parents VALUES(21374, 'Pablo', 'Geneve');
INSERT INTO utilisateurs VALUES(21375, 'parent', 'Prise.Pipe1375', ')ob6$qHkK<|*Xcm;');
INSERT INTO parents VALUES(21375, 'Prise', 'Pipe');
INSERT INTO utilisateurs VALUES(21376, 'parent', 'Deliver.Pablo1376', 'X!/S;NabvpuUJ%xP');
INSERT INTO parents VALUES(21376, 'Deliver', 'Pablo');
INSERT INTO utilisateurs VALUES(21377, 'parent', 'Loui.B57 PRO MAX 35001377', 'k1$-{&XpQmDMdF9%');
INSERT INTO parents VALUES(21377, 'Loui', 'B57 PRO MAX 3500');
INSERT INTO utilisateurs VALUES(21378, 'parent', 'Jean-Mohammed.Suke1378', 'Qjr?&RJ{3Du+Y;M$');
INSERT INTO parents VALUES(21378, 'Jean-Mohammed', 'Suke');
INSERT INTO utilisateurs VALUES(21379, 'parent', 'Uberite.Pie1379', 'Up*Ph6\#vZB3Tb/q');
INSERT INTO parents VALUES(21379, 'Uberite', 'Pie');
INSERT INTO utilisateurs VALUES(21380, 'parent', 'Tem.Electrique1380', '3>:w;R7H-k.Q0g}Z');
INSERT INTO parents VALUES(21380, 'Tem', 'Electrique');
INSERT INTO utilisateurs VALUES(21381, 'parent', 'Hubert-Valéry-Patrick-Stanislas.Duc de Montmorency1381', '8nY2.Zmt?Kupl]>,');
INSERT INTO parents VALUES(21381, 'Hubert-Valéry-Patrick-Stanislas', 'Duc de Montmorency');
INSERT INTO utilisateurs VALUES(21382, 'parent', 'Juliet.Genepi1382', 'N.+%5yw$-^\IWa}/');
INSERT INTO parents VALUES(21382, 'Juliet', 'Genepi');
INSERT INTO utilisateurs VALUES(21383, 'parent', 'Maxence.Ou1383', 'Uc+9Jw8#Q]/xB_Nj');
INSERT INTO parents VALUES(21383, 'Maxence', 'Ou');
INSERT INTO utilisateurs VALUES(21384, 'parent', 'Loui.Moriarty1384', 'Q^;l$6iV{?rKhYga');
INSERT INTO parents VALUES(21384, 'Loui', 'Moriarty');
INSERT INTO utilisateurs VALUES(21385, 'parent', 'Pablo.Lebeau1385', ':0R,[<-(63duGj#Y');
INSERT INTO parents VALUES(21385, 'Pablo', 'Lebeau');
INSERT INTO utilisateurs VALUES(21386, 'parent', 'Tiri.Electrique1386', 's@kMf$QS"|87:*aG');
INSERT INTO parents VALUES(21386, 'Tiri', 'Electrique');
INSERT INTO utilisateurs VALUES(21387, 'parent', 'Uberite.Please1387', ';SPX3*6@_&ckKT2?');
INSERT INTO parents VALUES(21387, 'Uberite', 'Please');
INSERT INTO utilisateurs VALUES(21388, 'parent', 'Vic.Gif1388', 'VZK)@XCp?$r^7w([');
INSERT INTO parents VALUES(21388, 'Vic', 'Gif');
INSERT INTO utilisateurs VALUES(21389, 'parent', 'Thomes.Ikea1389', '\qo%.c*IP4i=>[Of');
INSERT INTO parents VALUES(21389, 'Thomes', 'Ikea');
INSERT INTO utilisateurs VALUES(21390, 'parent', 'Yanni.Piloti1390', '5*FkQ9l[DG]?U&pI');
INSERT INTO parents VALUES(21390, 'Yanni', 'Piloti');
INSERT INTO utilisateurs VALUES(21391, 'parent', 'Credito.Ou1391', 'fy_gGD&uP*.^(U09');
INSERT INTO parents VALUES(21391, 'Credito', 'Ou');
INSERT INTO utilisateurs VALUES(21392, 'parent', 'Blandine.Azerty1392', '1Y0!u)gKw9+rHS><');
INSERT INTO parents VALUES(21392, 'Blandine', 'Azerty');
INSERT INTO utilisateurs VALUES(21393, 'parent', 'Tabour.Piloti1393', '*,;mlN/rk|?KxqD{');
INSERT INTO parents VALUES(21393, 'Tabour', 'Piloti');
INSERT INTO utilisateurs VALUES(21394, 'parent', 'Meubl.Pabo1394', 't48d3G],BZu#%x:X');
INSERT INTO parents VALUES(21394, 'Meubl', 'Pabo');
INSERT INTO utilisateurs VALUES(21395, 'parent', 'Credito.Pabo1395', '_#=S^$1vOoXNW]29');
INSERT INTO parents VALUES(21395, 'Credito', 'Pabo');
INSERT INTO utilisateurs VALUES(21396, 'parent', 'Thomes.Pablo1396', 'd:rQ=#D}]ose@)LW');
INSERT INTO parents VALUES(21396, 'Thomes', 'Pablo');
INSERT INTO utilisateurs VALUES(21397, 'parent', 'Thomes.Pabo1397', '5;ua7^,bq<Zn{R@T');
INSERT INTO parents VALUES(21397, 'Thomes', 'Pabo');
INSERT INTO utilisateurs VALUES(21398, 'parent', 'Tam.Pablo1398', '5"1y[:$Z4lpis6L@');
INSERT INTO parents VALUES(21398, 'Tam', 'Pablo');
INSERT INTO utilisateurs VALUES(21399, 'parent', 'Stabline.Pabo1399', '&a3f+xrjFSE"T{;|');
INSERT INTO parents VALUES(21399, 'Stabline', 'Pabo');
INSERT INTO utilisateurs VALUES(21400, 'parent', 'Karfour.Pabo1400', ']g2CJ)PZo$-btjF5');
INSERT INTO parents VALUES(21400, 'Karfour', 'Pabo');
INSERT INTO utilisateurs VALUES(21401, 'parent', 'Tam.Qwerty1401', 'Uy>9_4mKo\SCz-XF');
INSERT INTO parents VALUES(21401, 'Tam', 'Qwerty');
INSERT INTO utilisateurs VALUES(21402, 'parent', 'Jean-Mohammed.Tim1402', '.0up)(,V{?@bzDTg');
INSERT INTO parents VALUES(21402, 'Jean-Mohammed', 'Tim');
INSERT INTO utilisateurs VALUES(21403, 'parent', 'Articho.Qwerty1403', 'kVi^n3@K0-N2.(Ma');
INSERT INTO parents VALUES(21403, 'Articho', 'Qwerty');
INSERT INTO utilisateurs VALUES(21404, 'parent', 'Célian.Sus1404', 'd%_yrfvi)N8;6V&k');
INSERT INTO parents VALUES(21404, 'Célian', 'Sus');
INSERT INTO utilisateurs VALUES(21405, 'parent', 'Stabline.Cremanglaise1405', '/ea\6t.+&{LGz1WQ');
INSERT INTO parents VALUES(21405, 'Stabline', 'Cremanglaise');
INSERT INTO utilisateurs VALUES(21406, 'parent', 'Sintia.Azerty1406', '"gi8EwXbhkaR(C!0');
INSERT INTO parents VALUES(21406, 'Sintia', 'Azerty');
INSERT INTO utilisateurs VALUES(21407, 'parent', 'Thomes.Nutella1407', ']hRCA8q%U?Z*&k:_');
INSERT INTO parents VALUES(21407, 'Thomes', 'Nutella');
INSERT INTO utilisateurs VALUES(21408, 'parent', 'Jean-Mohammed.Azerty1408', 'kXU:o/rxY^Sc[%32');
INSERT INTO parents VALUES(21408, 'Jean-Mohammed', 'Azerty');
INSERT INTO utilisateurs VALUES(21409, 'parent', 'Lucien.Dordebous1409', '0"p+&6sm@SXJIEBH');
INSERT INTO parents VALUES(21409, 'Lucien', 'Dordebous');
INSERT INTO utilisateurs VALUES(21410, 'parent', 'Erve.Cremanglaise1410', '6,JPkhj+Ix*K^C{i');
INSERT INTO parents VALUES(21410, 'Erve', 'Cremanglaise');
INSERT INTO utilisateurs VALUES(21411, 'parent', 'Tom.Tabulage1411', 'Y6<4v/%0Q+$|JWV)');
INSERT INTO parents VALUES(21411, 'Tom', 'Tabulage');
INSERT INTO utilisateurs VALUES(21412, 'parent', 'Erve.Nutella1412', 'Q8Cl1#+7VI!iv_";');
INSERT INTO parents VALUES(21412, 'Erve', 'Nutella');
INSERT INTO utilisateurs VALUES(21413, 'parent', 'Uber.Mangesol1413', 's%&j5TV:{"8yz(;]');
INSERT INTO parents VALUES(21413, 'Uber', 'Mangesol');
INSERT INTO utilisateurs VALUES(21414, 'parent', 'Chario.Lemoche1414', 'GIb%Yh=ncovUz3!]');
INSERT INTO parents VALUES(21414, 'Chario', 'Lemoche');
INSERT INTO utilisateurs VALUES(21415, 'parent', 'Sintia.Mangesol1415', 'kJ1\&a9V_7?5WG"]');
INSERT INTO parents VALUES(21415, 'Sintia', 'Mangesol');
INSERT INTO utilisateurs VALUES(21416, 'parent', 'Ugo.Dordebous1416', '4z#*Xg$?JB&iS^7[');
INSERT INTO parents VALUES(21416, 'Ugo', 'Dordebous');
INSERT INTO utilisateurs VALUES(21417, 'parent', 'Jean-Eune.Lustre1417', 'YHiBf]{Nnz!Q(:.%');
INSERT INTO parents VALUES(21417, 'Jean-Eune', 'Lustre');
INSERT INTO utilisateurs VALUES(21418, 'parent', 'Yassine.Genese1418', '<d}Q"+KR(fh2>a=[');
INSERT INTO parents VALUES(21418, 'Yassine', 'Genese');
INSERT INTO utilisateurs VALUES(21419, 'parent', 'Raphaël.Piloti1419', 'rNVM#Y{5g;K78dhf');
INSERT INTO parents VALUES(21419, 'Raphaël', 'Piloti');
INSERT INTO utilisateurs VALUES(21420, 'parent', 'Tim.Ou1420', 'OpA]=RI2v@4X6rcH');
INSERT INTO parents VALUES(21420, 'Tim', 'Ou');
INSERT INTO utilisateurs VALUES(21421, 'parent', 'Yassine.Plafond1421', 'HG]6u^NPKvW,T-Z5');
INSERT INTO parents VALUES(21421, 'Yassine', 'Plafond');
INSERT INTO utilisateurs VALUES(21422, 'parent', 'Vic.Azerty1422', 'w[GdrvpV4MDB>f{|');
INSERT INTO parents VALUES(21422, 'Vic', 'Azerty');
INSERT INTO utilisateurs VALUES(21423, 'parent', 'Paluche.Avion1423', 'k+fmo0,.QgTnG|_d');
INSERT INTO parents VALUES(21423, 'Paluche', 'Avion');
INSERT INTO utilisateurs VALUES(21424, 'parent', 'Hubert-Valéry-Patrick-Stanislas.Oxlong1424', 'tqO4gDzVZf$F,JWQ');
INSERT INTO parents VALUES(21424, 'Hubert-Valéry-Patrick-Stanislas', 'Oxlong');
INSERT INTO utilisateurs VALUES(21425, 'parent', 'Patric.Musk1425', 'V+y52H1XRJhFn#/v');
INSERT INTO parents VALUES(21425, 'Patric', 'Musk');
INSERT INTO utilisateurs VALUES(21426, 'parent', 'Nathanaël.Meurs1426', 'qtMh=/_>7-b%HKC(');
INSERT INTO parents VALUES(21426, 'Nathanaël', 'Meurs');
INSERT INTO utilisateurs VALUES(21427, 'parent', 'Célian.Musk1427', 'v)]X/5t|0#WJq89S');
INSERT INTO parents VALUES(21427, 'Célian', 'Musk');
INSERT INTO utilisateurs VALUES(21428, 'parent', 'Tom.Suroderable1428', '3Cm{Osg7nZ|M15(G');
INSERT INTO parents VALUES(21428, 'Tom', 'Suroderable');
INSERT INTO utilisateurs VALUES(21429, 'parent', 'Skwizy.Qwerty1429', 'W&)O,%h$_71QNP[l');
INSERT INTO parents VALUES(21429, 'Skwizy', 'Qwerty');
INSERT INTO utilisateurs VALUES(21430, 'parent', 'Blandine.Ikea1430', 'nwc0AMJl6}?hUdf[');
INSERT INTO parents VALUES(21430, 'Blandine', 'Ikea');
INSERT INTO utilisateurs VALUES(21431, 'parent', 'Macly.Gober1431', 'CYRM*c[SX&/"E$x}');
INSERT INTO parents VALUES(21431, 'Macly', 'Gober');
INSERT INTO utilisateurs VALUES(21432, 'parent', 'Célian.Lubrique1432', ':.6]prDLnc"^72-V');
INSERT INTO parents VALUES(21432, 'Célian', 'Lubrique');
INSERT INTO utilisateurs VALUES(21433, 'parent', 'Yassine.Please1433', 'YZKIlJtmvq5*PO@6');
INSERT INTO parents VALUES(21433, 'Yassine', 'Please');
INSERT INTO utilisateurs VALUES(21434, 'parent', 'Tiri.Duc de Montmorency1434', 'RO-&rExYju:<cp\A');
INSERT INTO parents VALUES(21434, 'Tiri', 'Duc de Montmorency');
INSERT INTO utilisateurs VALUES(21435, 'parent', 'Bernar.Ikea1435', '^iKkQW:lnY0x{}m/');
INSERT INTO parents VALUES(21435, 'Bernar', 'Ikea');
INSERT INTO utilisateurs VALUES(21436, 'parent', 'Nathanaël.Geneve1436', '8C>_&J4exl<M{^V#');
INSERT INTO parents VALUES(21436, 'Nathanaël', 'Geneve');
INSERT INTO utilisateurs VALUES(21437, 'parent', 'Karfour.Tym1437', '>2K$UyO/,gL0bJZw');
INSERT INTO parents VALUES(21437, 'Karfour', 'Tym');
INSERT INTO utilisateurs VALUES(21438, 'parent', 'Hubert-Valéry-Patrick-Stanislas.Lustre1438', 'AT^XZC.yhR[=DmPN');
INSERT INTO parents VALUES(21438, 'Hubert-Valéry-Patrick-Stanislas', 'Lustre');
INSERT INTO utilisateurs VALUES(21439, 'parent', 'Florian.Vin1439', 'GE+ax}vV$."-qsA2');
INSERT INTO parents VALUES(21439, 'Florian', 'Vin');
INSERT INTO utilisateurs VALUES(21440, 'parent', 'X Æ A-Ⅻ.Tem1440', 'fhT^=#x]OL)<0DA(');
INSERT INTO parents VALUES(21440, 'X Æ A-Ⅻ', 'Tem');
INSERT INTO utilisateurs VALUES(21441, 'parent', 'Thanzile.Gober1441', '7z(uE*8Day0l|UTr');
INSERT INTO parents VALUES(21441, 'Thanzile', 'Gober');
INSERT INTO utilisateurs VALUES(21442, 'parent', 'Thanzile.Azerty1442', ',=-[U}Sl\!0oKGq]');
INSERT INTO parents VALUES(21442, 'Thanzile', 'Azerty');
INSERT INTO utilisateurs VALUES(21443, 'parent', 'Ugo.Plafond1443', 'Xk@YeZ?#$\LvcbQ(');
INSERT INTO parents VALUES(21443, 'Ugo', 'Plafond');
INSERT INTO utilisateurs VALUES(21444, 'parent', 'Pablo.Duc de Montmorency1444', 'W6r?Y!O_.PjtXqIm');
INSERT INTO parents VALUES(21444, 'Pablo', 'Duc de Montmorency');
INSERT INTO utilisateurs VALUES(21445, 'parent', 'Etrique.Genesis1445', '|ARMtD]b5XVlOC!L');
INSERT INTO parents VALUES(21445, 'Etrique', 'Genesis');
INSERT INTO utilisateurs VALUES(21446, 'parent', 'Jonathan.Pie1446', 'fs,T/IB*6k@A<hGD');
INSERT INTO parents VALUES(21446, 'Jonathan', 'Pie');
INSERT INTO utilisateurs VALUES(21447, 'parent', 'Meubl.Epiee1447', '<$?K]4g/CrOEVIlT');
INSERT INTO parents VALUES(21447, 'Meubl', 'Epiee');
INSERT INTO utilisateurs VALUES(21448, 'parent', 'Stabline.Descartes1448', ',jL$VKEJY;5/y[X.');
INSERT INTO parents VALUES(21448, 'Stabline', 'Descartes');
INSERT INTO utilisateurs VALUES(21449, 'parent', 'Karfour.Tim1449', 'n.C?aLx!21\<6YV#');
INSERT INTO parents VALUES(21449, 'Karfour', 'Tim');
INSERT INTO utilisateurs VALUES(21450, 'parent', 'Crapo.Veu1450', 'f5=*09_MXs8E]nyG');
INSERT INTO parents VALUES(21450, 'Crapo', 'Veu');
INSERT INTO utilisateurs VALUES(21451, 'parent', 'Lucien.Oxlong1451', 'PLpF.I^)KX>6-rQ$');
INSERT INTO parents VALUES(21451, 'Lucien', 'Oxlong');
INSERT INTO utilisateurs VALUES(21452, 'parent', 'Juliet.Livrogne1452', 'g(5*d9{UI4MlEnxN');
INSERT INTO parents VALUES(21452, 'Juliet', 'Livrogne');
INSERT INTO utilisateurs VALUES(21453, 'parent', 'Karfour.Livrogne1453', 'j%S&\y^A=kF>DZYL');
INSERT INTO parents VALUES(21453, 'Karfour', 'Livrogne');
INSERT INTO utilisateurs VALUES(21454, 'parent', 'Skwizy.Tym1454', 'ELrW<#Mo(d|Ojzgb');
INSERT INTO parents VALUES(21454, 'Skwizy', 'Tym');
INSERT INTO utilisateurs VALUES(21455, 'parent', 'Raphaël.Ite1455', 'Q(!?y./8[5@nax\1');
INSERT INTO parents VALUES(21455, 'Raphaël', 'Ite');
INSERT INTO utilisateurs VALUES(21456, 'parent', 'Hubert-Valéry-Patrick-Stanislas.Tam1456', 'MAfBcpk+v2O[6Ts@');
INSERT INTO parents VALUES(21456, 'Hubert-Valéry-Patrick-Stanislas', 'Tam');
INSERT INTO utilisateurs VALUES(21457, 'parent', 'Nathanaël.Epiee1457', 'TU-^=oL+1I%XhA,r');
INSERT INTO parents VALUES(21457, 'Nathanaël', 'Epiee');
INSERT INTO utilisateurs VALUES(21458, 'parent', 'Thanzile.Bluetooth1458', '8@;Gf-AYT#UV[rc)');
INSERT INTO parents VALUES(21458, 'Thanzile', 'Bluetooth');
INSERT INTO utilisateurs VALUES(21459, 'parent', 'Articho.Nutella1459', 'Dv3Wd#<PVsyIcm]p');
INSERT INTO parents VALUES(21459, 'Articho', 'Nutella');
INSERT INTO utilisateurs VALUES(21460, 'parent', 'Loui.Cremanglaise1460', '5Mq!&[yz3|Pves.N');
INSERT INTO parents VALUES(21460, 'Loui', 'Cremanglaise');
INSERT INTO utilisateurs VALUES(21461, 'parent', 'X Æ A-Ⅻ.Avion1461', 'Zw@2mxK=Q/U_dvF<');
INSERT INTO parents VALUES(21461, 'X Æ A-Ⅻ', 'Avion');
INSERT INTO utilisateurs VALUES(21462, 'parent', 'Nathanaël.Cremanglaise1462', 'hB=#n?<%NkJS>E+t');
INSERT INTO parents VALUES(21462, 'Nathanaël', 'Cremanglaise');
INSERT INTO utilisateurs VALUES(21463, 'parent', 'Macly.Ikea1463', 'a0/<{%"m(M@A8k]>');
INSERT INTO parents VALUES(21463, 'Macly', 'Ikea');
INSERT INTO utilisateurs VALUES(21464, 'parent', 'Tem.Descartes1464', 'Nl[R/*u+\,>7KGhv');
INSERT INTO parents VALUES(21464, 'Tem', 'Descartes');
INSERT INTO utilisateurs VALUES(21465, 'parent', 'Amogus.Genese1465', '[5Yv2c?kEi&lzjKP');
INSERT INTO parents VALUES(21465, 'Amogus', 'Genese');
INSERT INTO utilisateurs VALUES(21466, 'parent', 'Thanzile.Electrique1466', 'Iu#}Zj70]2,/q1).');
INSERT INTO parents VALUES(21466, 'Thanzile', 'Electrique');
INSERT INTO utilisateurs VALUES(21467, 'parent', 'Raphaël.Oxlong1467', '7uG&k=T(RQ)ILm:o');
INSERT INTO parents VALUES(21467, 'Raphaël', 'Oxlong');
INSERT INTO utilisateurs VALUES(21468, 'parent', 'Pablo.Descartes1468', '7.fi/a-09X$TjO{S');
INSERT INTO parents VALUES(21468, 'Pablo', 'Descartes');
INSERT INTO utilisateurs VALUES(21469, 'parent', 'Yassine.Avion1469', '^l0&p?b3y6hPgv]z');
INSERT INTO parents VALUES(21469, 'Yassine', 'Avion');
INSERT INTO utilisateurs VALUES(21470, 'parent', 'Tym.Oxlong1470', 'xk;KY98ZyDAbqVM5');
INSERT INTO parents VALUES(21470, 'Tym', 'Oxlong');
INSERT INTO utilisateurs VALUES(21471, 'parent', 'Patric.Descartes1471', 'l!?#y23@cR}DPw.W');
INSERT INTO parents VALUES(21471, 'Patric', 'Descartes');
INSERT INTO utilisateurs VALUES(21472, 'parent', 'Sintia.Electrique1472', 'PK4>L_Bv,f/bM#xe');
INSERT INTO parents VALUES(21472, 'Sintia', 'Electrique');
INSERT INTO utilisateurs VALUES(21473, 'parent', 'Karfour.Veu1473', 'q5/dNjlTh+(HI,6O');
INSERT INTO parents VALUES(21473, 'Karfour', 'Veu');
INSERT INTO utilisateurs VALUES(21474, 'parent', 'Yassine.Pabo1474', 'O@Xf}JtBd{x\T$4M');
INSERT INTO parents VALUES(21474, 'Yassine', 'Pabo');
INSERT INTO utilisateurs VALUES(21475, 'parent', 'Nathanaël.Gif1475', '\{Wv53FdN)Lul(k6');
INSERT INTO parents VALUES(21475, 'Nathanaël', 'Gif');
INSERT INTO utilisateurs VALUES(21476, 'parent', 'Karfour.Market1476', '?dgz1Nf/k6e05uFH');
INSERT INTO parents VALUES(21476, 'Karfour', 'Market');
INSERT INTO utilisateurs VALUES(21477, 'parent', 'Lucien.Electrique1477', 'kR5Ju(zd|QyVGis:');
INSERT INTO parents VALUES(21477, 'Lucien', 'Electrique');
INSERT INTO utilisateurs VALUES(21478, 'parent', 'Jean-Mohammed.Lebeau1478', 'm}G@2"tYHBvNZ_Kq');
INSERT INTO parents VALUES(21478, 'Jean-Mohammed', 'Lebeau');
INSERT INTO utilisateurs VALUES(21479, 'parent', 'Pabo.Meurs1479', '-A[7)$=xDlC46ou2');
INSERT INTO parents VALUES(21479, 'Pabo', 'Meurs');
INSERT INTO utilisateurs VALUES(21480, 'parent', 'Hubert-Valéry-Patrick-Stanislas.Tem1480', 'iRB,\<Mb>XO&evD.');
INSERT INTO parents VALUES(21480, 'Hubert-Valéry-Patrick-Stanislas', 'Tem');
INSERT INTO utilisateurs VALUES(21481, 'parent', 'Raphaël.Pie1481', '^=Y}&\Ny2c"QkH!s');
INSERT INTO parents VALUES(21481, 'Raphaël', 'Pie');
INSERT INTO utilisateurs VALUES(21482, 'parent', 'Lucien.Avion1482', 'D3bYy,EJnzvAhC}P');
INSERT INTO parents VALUES(21482, 'Lucien', 'Avion');
INSERT INTO utilisateurs VALUES(21483, 'parent', 'Tom.Cremanglaise1483', 'k}<Gm|?zSh*q5;v:');
INSERT INTO parents VALUES(21483, 'Tom', 'Cremanglaise');
INSERT INTO utilisateurs VALUES(21484, 'parent', 'Skwizy.Lebeau1484', 'v(^iKxbq{y6c-&l=');
INSERT INTO parents VALUES(21484, 'Skwizy', 'Lebeau');
INSERT INTO utilisateurs VALUES(21485, 'parent', 'Célian.Tabulage1485', '=Dul>jex)-n8q(ZQ');
INSERT INTO parents VALUES(21485, 'Célian', 'Tabulage');
INSERT INTO utilisateurs VALUES(21486, 'parent', 'Loui.Tom1486', 'K0;z?Cjf>&wFmtSi');
INSERT INTO parents VALUES(21486, 'Loui', 'Tom');
INSERT INTO utilisateurs VALUES(21487, 'parent', 'Jean-Mohammed.Tom1487', 'P}Dsbagk,v3!#+lO');
INSERT INTO parents VALUES(21487, 'Jean-Mohammed', 'Tom');
INSERT INTO utilisateurs VALUES(21488, 'parent', 'Karfour.Lemoche1488', 'EZ#i6lq(Iy_NXQpJ');
INSERT INTO parents VALUES(21488, 'Karfour', 'Lemoche');
INSERT INTO utilisateurs VALUES(21489, 'parent', 'Hubert-Valéry-Patrick-Stanislas.Livrogne1489', ',GT[#9x|YMgwo3Lr');
INSERT INTO parents VALUES(21489, 'Hubert-Valéry-Patrick-Stanislas', 'Livrogne');
INSERT INTO utilisateurs VALUES(21490, 'parent', 'Pablo.Plafond1490', 'ALPs?8}@JpHxa.1|');
INSERT INTO parents VALUES(21490, 'Pablo', 'Plafond');
INSERT INTO utilisateurs VALUES(21491, 'parent', 'Célian.Bechamelle1491', 'Zg*SoFh6=x#])Ns|');
INSERT INTO parents VALUES(21491, 'Célian', 'Bechamelle');
INSERT INTO utilisateurs VALUES(21492, 'parent', 'Tom.Epiee1492', '(4Bo"tk59+#>?.j8');
INSERT INTO parents VALUES(21492, 'Tom', 'Epiee');
INSERT INTO utilisateurs VALUES(21493, 'parent', 'Deliver.Sus1493', 'J;mb/75Ao-CQ>e_M');
INSERT INTO parents VALUES(21493, 'Deliver', 'Sus');
INSERT INTO utilisateurs VALUES(21494, 'parent', 'Amogus.Pablo1494', 'aAzK/v8F{NZ|bj_I');
INSERT INTO parents VALUES(21494, 'Amogus', 'Pablo');
INSERT INTO utilisateurs VALUES(21495, 'parent', 'Uber.Oxlong1495', 'Ew_^;gts4rym$+25');
INSERT INTO parents VALUES(21495, 'Uber', 'Oxlong');
INSERT INTO utilisateurs VALUES(21496, 'parent', 'Paluche.Moriarty1496', ')|d\fbHB[ANwO]1#');
INSERT INTO parents VALUES(21496, 'Paluche', 'Moriarty');
INSERT INTO utilisateurs VALUES(21497, 'parent', 'Credito.Ite1497', '+3u^5LO>/z)gaQo;');
INSERT INTO parents VALUES(21497, 'Credito', 'Ite');
INSERT INTO utilisateurs VALUES(21498, 'parent', 'Loui.Duc de Montmorency1498', 'hxo<\|WJ7i@:LU%S');
INSERT INTO parents VALUES(21498, 'Loui', 'Duc de Montmorency');
INSERT INTO utilisateurs VALUES(21499, 'parent', 'Tam.Bechamelle1499', 'Sz){*]<w7c.40G^X');
INSERT INTO parents VALUES(21499, 'Tam', 'Bechamelle');
INSERT INTO utilisateurs VALUES(21500, 'parent', 'Yassine.Pipe1500', 'X(QC^e|7_5?s>/HO');
INSERT INTO parents VALUES(21500, 'Yassine', 'Pipe');
INSERT INTO utilisateurs VALUES(21501, 'parent', 'Raphaël.Bluetooth1501', ':j2^rXFU9e?LOgdH');
INSERT INTO parents VALUES(21501, 'Raphaël', 'Bluetooth');
INSERT INTO utilisateurs VALUES(21502, 'parent', 'Uber.Lemoche1502', '0R]XNYO=wAT6-;uU');
INSERT INTO parents VALUES(21502, 'Uber', 'Lemoche');
INSERT INTO utilisateurs VALUES(21503, 'parent', 'Tabour.Plafond1503', '1qu/Ibrk0N]>ha{H');
INSERT INTO parents VALUES(21503, 'Tabour', 'Plafond');
INSERT INTO utilisateurs VALUES(21504, 'parent', 'Lumineux.Gober1504', '5l4f:$e<xD0NsSMV');
INSERT INTO parents VALUES(21504, 'Lumineux', 'Gober');
INSERT INTO utilisateurs VALUES(21505, 'parent', 'Valeri.Pie1505', 'fiYjzh)o?c/\R]w:');
INSERT INTO parents VALUES(21505, 'Valeri', 'Pie');
INSERT INTO utilisateurs VALUES(21506, 'parent', 'Articho.Lebeau1506', '>r-fhH3DZ{@_Yjb=');
INSERT INTO parents VALUES(21506, 'Articho', 'Lebeau');
INSERT INTO utilisateurs VALUES(21507, 'parent', 'Prise.Ou1507', 'A>w7ey/lN4[mZ<;h');
INSERT INTO parents VALUES(21507, 'Prise', 'Ou');
INSERT INTO utilisateurs VALUES(21508, 'parent', 'Stabline.Bechamelle1508', '0)oH+U*z&J@.fxr?');
INSERT INTO parents VALUES(21508, 'Stabline', 'Bechamelle');
INSERT INTO utilisateurs VALUES(21509, 'parent', 'Yanni.Tam1509', '4umi]:I.29sy5o,X');
INSERT INTO parents VALUES(21509, 'Yanni', 'Tam');
INSERT INTO utilisateurs VALUES(21510, 'parent', 'Blandine.Please1510', 'R1h)w_!.r8sg:(FC');
INSERT INTO parents VALUES(21510, 'Blandine', 'Please');
INSERT INTO utilisateurs VALUES(21511, 'parent', 'Valeri.Pipe1511', 'ROeX%D!MB5KzyGbg');
INSERT INTO parents VALUES(21511, 'Valeri', 'Pipe');
INSERT INTO utilisateurs VALUES(21512, 'parent', 'Célian.Ite1512', 'FXy07c(CGP2AuokN');
INSERT INTO parents VALUES(21512, 'Célian', 'Ite');
INSERT INTO utilisateurs VALUES(21513, 'parent', 'Juliet.Oxlong1513', '<IEwy:6Jas!bW}0#');
INSERT INTO parents VALUES(21513, 'Juliet', 'Oxlong');
INSERT INTO utilisateurs VALUES(21514, 'parent', 'Stabline.Lodevie1514', 'f,qT;|KEu!dhL&5-');
INSERT INTO parents VALUES(21514, 'Stabline', 'Lodevie');
INSERT INTO utilisateurs VALUES(21515, 'parent', 'Maxence.Genepi1515', '[d]:?c$iZ)9L@#P8');
INSERT INTO parents VALUES(21515, 'Maxence', 'Genepi');
INSERT INTO utilisateurs VALUES(21516, 'parent', 'Stabline.Lubrique1516', '_={-(#7&CSUKzNMr');
INSERT INTO parents VALUES(21516, 'Stabline', 'Lubrique');
INSERT INTO utilisateurs VALUES(21517, 'parent', 'Nathanaël.Lustre1517', 'cuqE^e/T>\xiGJLN');
INSERT INTO parents VALUES(21517, 'Nathanaël', 'Lustre');
INSERT INTO utilisateurs VALUES(21518, 'parent', 'Patric.Dordebous1518', 'o|a*}c6Gzy/5quvC');
INSERT INTO parents VALUES(21518, 'Patric', 'Dordebous');
INSERT INTO utilisateurs VALUES(21519, 'parent', 'Desirade.Oxlong1519', 'abuV%&fqy\-w{0=!');
INSERT INTO parents VALUES(21519, 'Desirade', 'Oxlong');
INSERT INTO utilisateurs VALUES(21520, 'parent', 'Erve.Oxlong1520', '40Z\=kFeK]/t>BJA');
INSERT INTO parents VALUES(21520, 'Erve', 'Oxlong');
INSERT INTO utilisateurs VALUES(21521, 'parent', 'Amogus.B57 PRO MAX 35001521', '7:R+rmpwFSy5>8<6');
INSERT INTO parents VALUES(21521, 'Amogus', 'B57 PRO MAX 3500');
INSERT INTO utilisateurs VALUES(21522, 'parent', 'Candys-Noémie.Marat1522', ']hGj#qBrO@1+zJS(');
INSERT INTO parents VALUES(21522, 'Candys-Noémie', 'Marat');
INSERT INTO utilisateurs VALUES(21523, 'parent', 'Prise.Mière1523', 'u7|ox]5l8RHX0*rS');
INSERT INTO parents VALUES(21523, 'Prise', 'Mière');
INSERT INTO utilisateurs VALUES(21524, 'parent', 'Jean-Eune.Tam1524', 'dTl+MA8Nm4CK/FI<');
INSERT INTO parents VALUES(21524, 'Jean-Eune', 'Tam');
INSERT INTO utilisateurs VALUES(21525, 'parent', 'Tym.Avion1525', 'Gn+4eW6SiRC$:I{v');
INSERT INTO parents VALUES(21525, 'Tym', 'Avion');
INSERT INTO utilisateurs VALUES(21526, 'parent', 'Blandine.Electrique1526', 'ux?foRQZ:ydg*si#');
INSERT INTO parents VALUES(21526, 'Blandine', 'Electrique');
INSERT INTO utilisateurs VALUES(21527, 'parent', 'Lucien.Edupython1527', '&EqL^9z(Di),{"QV');
INSERT INTO parents VALUES(21527, 'Lucien', 'Edupython');
INSERT INTO utilisateurs VALUES(21528, 'parent', 'Credito.Suroderable1528', 'v;}LYo|!=:*ACcTM');
INSERT INTO parents VALUES(21528, 'Credito', 'Suroderable');
INSERT INTO utilisateurs VALUES(21529, 'parent', 'Tabour.Qwerty1529', 'hRq^8a[%B<zjfb(]');
INSERT INTO parents VALUES(21529, 'Tabour', 'Qwerty');
INSERT INTO utilisateurs VALUES(21530, 'parent', 'Ugo.Moriarty1530', 'd6/PyW\oKmk>X2QN');
INSERT INTO parents VALUES(21530, 'Ugo', 'Moriarty');
INSERT INTO utilisateurs VALUES(21531, 'parent', 'Tam.Vin1531', '#,DfGsVFqj-3IM=t');
INSERT INTO parents VALUES(21531, 'Tam', 'Vin');
INSERT INTO utilisateurs VALUES(21532, 'parent', 'Juliet.Marat1532', '}=(Zng{7oj9>JS;+');
INSERT INTO parents VALUES(21532, 'Juliet', 'Marat');
INSERT INTO utilisateurs VALUES(21533, 'parent', 'Credito.Market1533', 's1HGUO<>#cE!m-pW');
INSERT INTO parents VALUES(21533, 'Credito', 'Market');
INSERT INTO utilisateurs VALUES(21534, 'parent', 'Hubert-Valéry-Patrick-Stanislas.Pablo1534', 'xi8$?Vn>#\*Hgl3v');
INSERT INTO parents VALUES(21534, 'Hubert-Valéry-Patrick-Stanislas', 'Pablo');
INSERT INTO utilisateurs VALUES(21535, 'parent', 'Juliet.Veu1535', 'Rfmy{42A:?,DWg5t');
INSERT INTO parents VALUES(21535, 'Juliet', 'Veu');
INSERT INTO utilisateurs VALUES(21536, 'parent', 'Candys-Noémie.Epiee1536', '6)yD:!CWGpAZM{0w');
INSERT INTO parents VALUES(21536, 'Candys-Noémie', 'Epiee');
INSERT INTO utilisateurs VALUES(21537, 'parent', 'Uber.Tum1537', '}Hk0Jp#|>*^x%9ow');
INSERT INTO parents VALUES(21537, 'Uber', 'Tum');
INSERT INTO utilisateurs VALUES(21538, 'parent', 'Bernar.Sus1538', 'r,VI].kd0p>SEgj[');
INSERT INTO parents VALUES(21538, 'Bernar', 'Sus');
INSERT INTO utilisateurs VALUES(21539, 'parent', 'Tiri.Lebeau1539', 'qA5xi%^{,hYwQb7O');
INSERT INTO parents VALUES(21539, 'Tiri', 'Lebeau');
INSERT INTO utilisateurs VALUES(21540, 'parent', 'Maxence.Pablo1540', 'cGO$MrL:!S]/q1^x');
INSERT INTO parents VALUES(21540, 'Maxence', 'Pablo');
INSERT INTO utilisateurs VALUES(21541, 'parent', 'Thomes.Dordebous1541', 'iakBH;1m=NlpdA:3');
INSERT INTO parents VALUES(21541, 'Thomes', 'Dordebous');
INSERT INTO utilisateurs VALUES(21542, 'parent', 'Tam.Lebron1542', 's/adpNg}TqAe)^cj');
INSERT INTO parents VALUES(21542, 'Tam', 'Lebron');
INSERT INTO utilisateurs VALUES(21543, 'parent', 'Tym.Genesis1543', 'Ye1Q);tp,(|0KH4?');
INSERT INTO parents VALUES(21543, 'Tym', 'Genesis');
INSERT INTO utilisateurs VALUES(21544, 'parent', 'Pabo.Lubrique1544', 't$UPGsvwNpL"h%6Q');
INSERT INTO parents VALUES(21544, 'Pabo', 'Lubrique');
INSERT INTO utilisateurs VALUES(21545, 'parent', 'Stabline.Moriarty1545', 'jSNPmov\*{ZrxY?e');
INSERT INTO parents VALUES(21545, 'Stabline', 'Moriarty');
INSERT INTO utilisateurs VALUES(21546, 'parent', 'Uber.Please1546', '><xv+i-8F#^t$ukw');
INSERT INTO parents VALUES(21546, 'Uber', 'Please');
INSERT INTO utilisateurs VALUES(21547, 'parent', 'Jean-Mohammed.Genesis1547', '^$B"aV&_tADj/s[v');
INSERT INTO parents VALUES(21547, 'Jean-Mohammed', 'Genesis');
INSERT INTO utilisateurs VALUES(21548, 'parent', 'Etrique.Tem1548', '@$a:owy_te.=?*PU');
INSERT INTO parents VALUES(21548, 'Etrique', 'Tem');
INSERT INTO utilisateurs VALUES(21549, 'parent', 'Tum.Piloti1549', '3+fOA[l(m*K,^d@M');
INSERT INTO parents VALUES(21549, 'Tum', 'Piloti');
INSERT INTO utilisateurs VALUES(21550, 'parent', 'Mac.Genepi1550', 'u]9r^)EczAK=5012');
INSERT INTO parents VALUES(21550, 'Mac', 'Genepi');
INSERT INTO utilisateurs VALUES(21551, 'parent', 'Tom.Tem1551', 'jEJ)d}*_&mKZXsON');
INSERT INTO parents VALUES(21551, 'Tom', 'Tem');
INSERT INTO utilisateurs VALUES(21552, 'parent', 'Yanni.Cremanglaise1552', '0c>jyQaXP<2!\B6L');
INSERT INTO parents VALUES(21552, 'Yanni', 'Cremanglaise');
INSERT INTO utilisateurs VALUES(21553, 'parent', 'Paluche.Sus1553', 'NhdWpQ<TA(5DSO6Z');
INSERT INTO parents VALUES(21553, 'Paluche', 'Sus');
INSERT INTO utilisateurs VALUES(21554, 'parent', 'Thanzile.Tam1554', '#s{*w6oIk%VlOh_=');
INSERT INTO parents VALUES(21554, 'Thanzile', 'Tam');
INSERT INTO utilisateurs VALUES(21555, 'parent', 'Valeri.Qwerty1555', 'j&)?A\1c#.+2lwkW');
INSERT INTO parents VALUES(21555, 'Valeri', 'Qwerty');
INSERT INTO utilisateurs VALUES(21556, 'parent', 'Loui.Azerty1556', '$=Rnif)J[OuWaS&.');
INSERT INTO parents VALUES(21556, 'Loui', 'Azerty');
INSERT INTO utilisateurs VALUES(21557, 'parent', 'Patric.Ite1557', 'HJ2\(+aEUxB<VdOA');
INSERT INTO parents VALUES(21557, 'Patric', 'Ite');
INSERT INTO utilisateurs VALUES(21558, 'parent', 'X Æ A-Ⅻ.Mangesol1558', '9UvOC3L\5hBuQ(ok');
INSERT INTO parents VALUES(21558, 'X Æ A-Ⅻ', 'Mangesol');
INSERT INTO utilisateurs VALUES(21559, 'parent', 'Uberite.Lebron1559', 'O,8fjh\T|a!5MZPt');
INSERT INTO parents VALUES(21559, 'Uberite', 'Lebron');
INSERT INTO utilisateurs VALUES(21560, 'parent', 'Amogus.Pipe1560', 'I+z{4@:sclNq/GL$');
INSERT INTO parents VALUES(21560, 'Amogus', 'Pipe');
INSERT INTO utilisateurs VALUES(21561, 'parent', 'Hugo.Musk1561', 'd>DVmOGF;M\P"J26');
INSERT INTO parents VALUES(21561, 'Hugo', 'Musk');
INSERT INTO utilisateurs VALUES(21562, 'parent', 'Yassine.Pie1562', 'WtI[yTYq+63NQ]m0');
INSERT INTO parents VALUES(21562, 'Yassine', 'Pie');
INSERT INTO utilisateurs VALUES(21563, 'parent', 'Tabour.Lebeau1563', 'XB]2Zy}piO-{gc\.');
INSERT INTO parents VALUES(21563, 'Tabour', 'Lebeau');
INSERT INTO utilisateurs VALUES(21564, 'parent', 'Bernar.Gober1564', 'e]3a([5;)NKbV=!T');
INSERT INTO parents VALUES(21564, 'Bernar', 'Gober');
INSERT INTO utilisateurs VALUES(21565, 'parent', 'Tum.Lubrique1565', '6nkC]pQ?l\4yD;YS');
INSERT INTO parents VALUES(21565, 'Tum', 'Lubrique');
INSERT INTO utilisateurs VALUES(21566, 'parent', 'Célian.Avion1566', 'cDYvEFsB["{?KGRi');
INSERT INTO parents VALUES(21566, 'Célian', 'Avion');
INSERT INTO utilisateurs VALUES(21567, 'parent', 'Jean-Eune.Sus1567', '3W|yR_>)!A@K=uY]');
INSERT INTO parents VALUES(21567, 'Jean-Eune', 'Sus');
INSERT INTO utilisateurs VALUES(21568, 'parent', 'Maxence.Genesis1568', 'vQ/}Aqor|=dWbl^)');
INSERT INTO parents VALUES(21568, 'Maxence', 'Genesis');
INSERT INTO utilisateurs VALUES(21569, 'parent', 'Uberite.Descartes1569', 'gp!n+/aQC#>qc<(E');
INSERT INTO parents VALUES(21569, 'Uberite', 'Descartes');
INSERT INTO utilisateurs VALUES(21570, 'parent', 'Tem.Bluetooth1570', 'l./7a"JWXSVgT@kx');
INSERT INTO parents VALUES(21570, 'Tem', 'Bluetooth');
INSERT INTO utilisateurs VALUES(21571, 'parent', 'Tam.Musk1571', 'e[it9@+d<3o#n>4L');
INSERT INTO parents VALUES(21571, 'Tam', 'Musk');
INSERT INTO utilisateurs VALUES(21572, 'parent', 'Skwizy.Geneve1572', '0m3L=48?f,pJ]hd/');
INSERT INTO parents VALUES(21572, 'Skwizy', 'Geneve');
INSERT INTO utilisateurs VALUES(21573, 'parent', 'Thanzile.Bechamelle1573', '&Of?RP^ho,b;#+lU');
INSERT INTO parents VALUES(21573, 'Thanzile', 'Bechamelle');
INSERT INTO utilisateurs VALUES(21574, 'parent', 'Mac.Bechamelle1574', 'Pu)DeMhG{wl2"K41');
INSERT INTO parents VALUES(21574, 'Mac', 'Bechamelle');
INSERT INTO utilisateurs VALUES(21575, 'parent', 'Prise.Marat1575', 'rsjIN.9!<wgM4-e?');
INSERT INTO parents VALUES(21575, 'Prise', 'Marat');
INSERT INTO utilisateurs VALUES(21576, 'parent', 'Tam.Meurs1576', '0w"4R>NdB+)aF.$!');
INSERT INTO parents VALUES(21576, 'Tam', 'Meurs');
INSERT INTO utilisateurs VALUES(21577, 'parent', 'Yassine.Epiee1577', '3Uc(D69;@al\J10r');
INSERT INTO parents VALUES(21577, 'Yassine', 'Epiee');
INSERT INTO utilisateurs VALUES(21578, 'parent', 'Thomes.Meurs1578', 'Uq>,hMcdLWZtwzE2');
INSERT INTO parents VALUES(21578, 'Thomes', 'Meurs');
INSERT INTO utilisateurs VALUES(21579, 'parent', 'Loui.Tum1579', '>J0}Bpo;1+PXig=c');
INSERT INTO parents VALUES(21579, 'Loui', 'Tum');
INSERT INTO utilisateurs VALUES(21580, 'parent', 'Sintia.Deces1580', 'P<vV=,|AomlgNS[u');
INSERT INTO parents VALUES(21580, 'Sintia', 'Deces');
INSERT INTO utilisateurs VALUES(21581, 'parent', 'Credito.Please1581', '$z-5fQ2krb6I0P>o');
INSERT INTO parents VALUES(21581, 'Credito', 'Please');
INSERT INTO utilisateurs VALUES(21582, 'parent', 'Tabour.Cremanglaise1582', 'L5}i0q(6*CU3abMo');
INSERT INTO parents VALUES(21582, 'Tabour', 'Cremanglaise');
INSERT INTO utilisateurs VALUES(21583, 'parent', 'Mac.Genesis1583', 'z$2!Abv_[P4CqIXN');
INSERT INTO parents VALUES(21583, 'Mac', 'Genesis');
INSERT INTO utilisateurs VALUES(21584, 'parent', 'Skwizy.Nutella1584', '@E-qO[^J7XR#!/,M');
INSERT INTO parents VALUES(21584, 'Skwizy', 'Nutella');
INSERT INTO utilisateurs VALUES(21585, 'parent', 'Jonathan.Tum1585', '%C720@Sc"y3$+:dE');
INSERT INTO parents VALUES(21585, 'Jonathan', 'Tum');
INSERT INTO utilisateurs VALUES(21586, 'parent', 'Stalinslas.Cremanglaise1586', 'x7([S8j],t=/UP@Q');
INSERT INTO parents VALUES(21586, 'Stalinslas', 'Cremanglaise');
INSERT INTO utilisateurs VALUES(21587, 'parent', 'Tym.B57 PRO MAX 35001587', '-4$m6!VaFO;c#E):');
INSERT INTO parents VALUES(21587, 'Tym', 'B57 PRO MAX 3500');
INSERT INTO utilisateurs VALUES(21588, 'parent', 'Tam.Tum1588', 'C2N!y=k)jYPI6Flq');
INSERT INTO parents VALUES(21588, 'Tam', 'Tum');
INSERT INTO utilisateurs VALUES(21589, 'parent', 'Yassine.Nutella1589', 'r_U,$Psez6IaZgX8');
INSERT INTO parents VALUES(21589, 'Yassine', 'Nutella');
INSERT INTO utilisateurs VALUES(21590, 'parent', 'Patric.Oxlong1590', 'Q&IL5}Tr[^R$%KpJ');
INSERT INTO parents VALUES(21590, 'Patric', 'Oxlong');
INSERT INTO utilisateurs VALUES(21591, 'parent', 'Nathanaël.Lemoche1591', ';:[X<iN4\ILhe)3O');
INSERT INTO parents VALUES(21591, 'Nathanaël', 'Lemoche');
INSERT INTO utilisateurs VALUES(21592, 'parent', 'Tiri.Genesis1592', '9Zdh[m|$sVrxgl;Q');
INSERT INTO parents VALUES(21592, 'Tiri', 'Genesis');
INSERT INTO utilisateurs VALUES(21593, 'parent', 'Pabo.Tem1593', '0z)Q@uw3TfjtN?hx');
INSERT INTO parents VALUES(21593, 'Pabo', 'Tem');
INSERT INTO utilisateurs VALUES(21594, 'parent', 'Juliet.Ite1594', '#Nz@*^uoP"B|b!%4');
INSERT INTO parents VALUES(21594, 'Juliet', 'Ite');
INSERT INTO utilisateurs VALUES(21595, 'parent', 'Vic.Lubrique1595', 'MH?t{fG-Q)5RveBl');
INSERT INTO parents VALUES(21595, 'Vic', 'Lubrique');
INSERT INTO utilisateurs VALUES(21596, 'parent', 'Stalinslas.Mangesol1596', '2@93/V_40wb{$r.v');
INSERT INTO parents VALUES(21596, 'Stalinslas', 'Mangesol');
INSERT INTO utilisateurs VALUES(21597, 'parent', 'Moru.Musk1597', 'I!%kiM$g1HQ#_5m+');
INSERT INTO parents VALUES(21597, 'Moru', 'Musk');
INSERT INTO utilisateurs VALUES(21598, 'parent', 'Valeri.Nutella1598', 'Db[xdWq:1F%8>-*P');
INSERT INTO parents VALUES(21598, 'Valeri', 'Nutella');
INSERT INTO utilisateurs VALUES(21599, 'parent', 'Tem.Vin1599', '_RK(/p.B^5\az>&7');
INSERT INTO parents VALUES(21599, 'Tem', 'Vin');
INSERT INTO utilisateurs VALUES(21600, 'parent', 'Mac.Epiee1600', 'U5u}T6pLiow%j{t_');
INSERT INTO parents VALUES(21600, 'Mac', 'Epiee');
INSERT INTO utilisateurs VALUES(21601, 'parent', 'Tom.Deces1601', 'vIoUQ|_:RW[3u.Cd');
INSERT INTO parents VALUES(21601, 'Tom', 'Deces');
INSERT INTO utilisateurs VALUES(21602, 'parent', 'Uberite.Mière1602', ':Vv<Dl*PmzITK"r+');
INSERT INTO parents VALUES(21602, 'Uberite', 'Mière');
INSERT INTO utilisateurs VALUES(21603, 'parent', 'Candys-Noémie.Qwerty1603', '(,qQS_9;zA3J+bPu');
INSERT INTO parents VALUES(21603, 'Candys-Noémie', 'Qwerty');
INSERT INTO utilisateurs VALUES(21604, 'parent', 'Tum.Genesis1604', '-!V.T7zX6i4M);5N');
INSERT INTO parents VALUES(21604, 'Tum', 'Genesis');
INSERT INTO utilisateurs VALUES(21605, 'parent', 'Credito.Dordebous1605', 'SEv=8aR,eV9YI3DQ');
INSERT INTO parents VALUES(21605, 'Credito', 'Dordebous');
INSERT INTO utilisateurs VALUES(21606, 'parent', 'Candys-Noémie.Genesis1606', 'NeYHgh\-<%wC?"(z');
INSERT INTO parents VALUES(21606, 'Candys-Noémie', 'Genesis');
INSERT INTO utilisateurs VALUES(21607, 'parent', 'Florian.Mière1607', '[G]1iQdeY^;}:|5/');
INSERT INTO parents VALUES(21607, 'Florian', 'Mière');
INSERT INTO utilisateurs VALUES(21608, 'parent', 'Tam.Ou1608', 'H|(ngXT}paQ;xEuN');
INSERT INTO parents VALUES(21608, 'Tam', 'Ou');
INSERT INTO utilisateurs VALUES(21609, 'parent', 'Articho.Genese1609', 'sTblqckm(4;jV.0^');
INSERT INTO parents VALUES(21609, 'Articho', 'Genese');
INSERT INTO utilisateurs VALUES(21610, 'parent', 'Bernar.Lustre1610', 'JvxpaV7S6rMg_"n.');
INSERT INTO parents VALUES(21610, 'Bernar', 'Lustre');
INSERT INTO utilisateurs VALUES(21611, 'parent', 'Vic.Meurs1611', '>yWdpthuq&<sCYZr');
INSERT INTO parents VALUES(21611, 'Vic', 'Meurs');
INSERT INTO utilisateurs VALUES(21612, 'parent', 'Nathanaël.Duc de Montmorency1612', 'abDzEAF(HqOXxy-W');
INSERT INTO parents VALUES(21612, 'Nathanaël', 'Duc de Montmorency');
INSERT INTO utilisateurs VALUES(21613, 'parent', 'Articho.Musk1613', './&*O0E"H<%:x+Wv');
INSERT INTO parents VALUES(21613, 'Articho', 'Musk');
INSERT INTO utilisateurs VALUES(21614, 'parent', 'Raphaël.B57 PRO MAX 35001614', 'c"8w&=3+Gm7t6zd?');
INSERT INTO parents VALUES(21614, 'Raphaël', 'B57 PRO MAX 3500');
INSERT INTO utilisateurs VALUES(21615, 'parent', 'Juliet.Avion1615', 'k;K.Lb\XD@d-u[Z]');
INSERT INTO parents VALUES(21615, 'Juliet', 'Avion');
INSERT INTO utilisateurs VALUES(21616, 'parent', 'Prise.Wifi1616', '9F%VUf(XJ/50mb!n');
INSERT INTO parents VALUES(21616, 'Prise', 'Wifi');
INSERT INTO utilisateurs VALUES(21617, 'parent', 'Pablo.Lemoche1617', '4cHF7YEj%m_#kM}l');
INSERT INTO parents VALUES(21617, 'Pablo', 'Lemoche');
INSERT INTO utilisateurs VALUES(21618, 'parent', 'Uber.Cremanglaise1618', 'aDjU?pv*ieQFhW,S');
INSERT INTO parents VALUES(21618, 'Uber', 'Cremanglaise');
INSERT INTO utilisateurs VALUES(21619, 'parent', 'Sintia.Lubrique1619', 'RK#>U;.9-3E5jrox');
INSERT INTO parents VALUES(21619, 'Sintia', 'Lubrique');
INSERT INTO utilisateurs VALUES(21620, 'parent', 'Patric.Suroderable1620', ']@ISUKF6$DM1Q8u%');
INSERT INTO parents VALUES(21620, 'Patric', 'Suroderable');
INSERT INTO utilisateurs VALUES(21621, 'parent', 'Tiri.Pipe1621', '/2c^JNH=_y$XiuKs');
INSERT INTO parents VALUES(21621, 'Tiri', 'Pipe');
INSERT INTO utilisateurs VALUES(21622, 'parent', 'Yanni.Suroderable1622', 'iV|g4cj^rL/A"_=q');
INSERT INTO parents VALUES(21622, 'Yanni', 'Suroderable');
INSERT INTO utilisateurs VALUES(21623, 'parent', 'Pabo.Genepi1623', '{?qwE_9)l=X*.KZ<');
INSERT INTO parents VALUES(21623, 'Pabo', 'Genepi');
INSERT INTO utilisateurs VALUES(21624, 'parent', 'Skwizy.Pabo1624', 'UqS$n.Ijdlzo+v%i');
INSERT INTO parents VALUES(21624, 'Skwizy', 'Pabo');
INSERT INTO utilisateurs VALUES(21625, 'parent', 'Thomes.Lebron1625', 'f&+|C<kFH{l(SNm9');
INSERT INTO parents VALUES(21625, 'Thomes', 'Lebron');
INSERT INTO utilisateurs VALUES(21626, 'parent', 'Karfour.Unowhy1626', 'P5.-(&26u\9Bv=dG');
INSERT INTO parents VALUES(21626, 'Karfour', 'Unowhy');
INSERT INTO utilisateurs VALUES(21627, 'parent', 'Jean-Eune.Moriarty1627', '*@Vpqf{+zQ<"}rPI');
INSERT INTO parents VALUES(21627, 'Jean-Eune', 'Moriarty');
INSERT INTO utilisateurs VALUES(21628, 'parent', 'Sintia.Veu1628', 'Nc5>Du-UoSXLemjb');
INSERT INTO parents VALUES(21628, 'Sintia', 'Veu');
INSERT INTO utilisateurs VALUES(21629, 'parent', 'Articho.Epiee1629', 'Axp8i$tVcwOyS9J*');
INSERT INTO parents VALUES(21629, 'Articho', 'Epiee');
INSERT INTO utilisateurs VALUES(21630, 'parent', 'Desirade.Tym1630', '&{6(BjMWqkO)!c^G');
INSERT INTO parents VALUES(21630, 'Desirade', 'Tym');
INSERT INTO utilisateurs VALUES(21631, 'parent', 'Karfour.Cremanglaise1631', 'C_kO?1DG@YEwoaz-');
INSERT INTO parents VALUES(21631, 'Karfour', 'Cremanglaise');
INSERT INTO utilisateurs VALUES(21632, 'parent', 'Florian.Ikea1632', '<9&O1F(bvnQBXHD.');
INSERT INTO parents VALUES(21632, 'Florian', 'Ikea');
INSERT INTO utilisateurs VALUES(21633, 'parent', 'Credito.Genese1633', 'aB}f#X2:p|I"TK)o');
INSERT INTO parents VALUES(21633, 'Credito', 'Genese');
INSERT INTO utilisateurs VALUES(21634, 'parent', 'Yanni.Ikea1634', 'T\wxf_|&+RS("p}U');
INSERT INTO parents VALUES(21634, 'Yanni', 'Ikea');
INSERT INTO utilisateurs VALUES(21635, 'parent', 'Thomes.Suke1635', ';(E=5)6#qr{BuUnM');
INSERT INTO parents VALUES(21635, 'Thomes', 'Suke');
INSERT INTO utilisateurs VALUES(21636, 'parent', 'Tim.Ite1636', 'wu|1ayDXt.\bF_?!');
INSERT INTO parents VALUES(21636, 'Tim', 'Ite');
INSERT INTO utilisateurs VALUES(21637, 'parent', 'Hugo.Ikea1637', 'k%bv:R]-Kmw;#A1(');
INSERT INTO parents VALUES(21637, 'Hugo', 'Ikea');
INSERT INTO utilisateurs VALUES(21638, 'parent', 'Tem.Tim1638', ',1?-HLG!%RWoTydn');
INSERT INTO parents VALUES(21638, 'Tem', 'Tim');
INSERT INTO utilisateurs VALUES(21639, 'parent', 'Desirade.Tem1639', 'wd263e/;Xth][9+0');
INSERT INTO parents VALUES(21639, 'Desirade', 'Tem');
INSERT INTO utilisateurs VALUES(21640, 'parent', 'Paluche.Tam1640', 'F)$.0=]g!NUb-Y<w');
INSERT INTO parents VALUES(21640, 'Paluche', 'Tam');
INSERT INTO utilisateurs VALUES(21641, 'parent', 'Jonathan.Lemoche1641', '&L"CBeT7k6xzPRI+');
INSERT INTO parents VALUES(21641, 'Jonathan', 'Lemoche');
INSERT INTO utilisateurs VALUES(21642, 'parent', 'Yassine.Lodevie1642', '+KF8EZr-|120lDgz');
INSERT INTO parents VALUES(21642, 'Yassine', 'Lodevie');
INSERT INTO utilisateurs VALUES(21643, 'parent', 'Ugo.Market1643', '".6\]s)E#7f>UJ}2');
INSERT INTO parents VALUES(21643, 'Ugo', 'Market');
INSERT INTO utilisateurs VALUES(21644, 'parent', 'Thomes.Tam1644', 'q&^xjMZ5AR/HgE6}');
INSERT INTO parents VALUES(21644, 'Thomes', 'Tam');
INSERT INTO utilisateurs VALUES(21645, 'parent', 'Uberite.Cremanglaise1645', '0!,a=t@UD%:lm<bB');
INSERT INTO parents VALUES(21645, 'Uberite', 'Cremanglaise');
INSERT INTO utilisateurs VALUES(21646, 'parent', 'Stalinslas.Unowhy1646', ',S1p#+%$Z!a5.0C]');
INSERT INTO parents VALUES(21646, 'Stalinslas', 'Unowhy');
INSERT INTO utilisateurs VALUES(21647, 'parent', 'Sintia.B57 PRO MAX 35001647', 'MQF57eTXs+8Lpx(V');
INSERT INTO parents VALUES(21647, 'Sintia', 'B57 PRO MAX 3500');
INSERT INTO utilisateurs VALUES(21648, 'parent', 'Lumineux.Tym1648', '"v,6)sZczLdDe9gX');
INSERT INTO parents VALUES(21648, 'Lumineux', 'Tym');
INSERT INTO utilisateurs VALUES(21649, 'parent', 'Macly.Edupython1649', 'Bh8a9ORZfd7|3uX;');
INSERT INTO parents VALUES(21649, 'Macly', 'Edupython');
INSERT INTO utilisateurs VALUES(21650, 'parent', 'Credito.Tym1650', '\qXkTOo2DA8PHYiv');
INSERT INTO parents VALUES(21650, 'Credito', 'Tym');
INSERT INTO utilisateurs VALUES(21651, 'parent', 'Jen.Tom1651', 'hJD6OYvc|CR&=Mpd');
INSERT INTO parents VALUES(21651, 'Jen', 'Tom');
INSERT INTO utilisateurs VALUES(21652, 'parent', 'Desirade.Livrogne1652', '6=9uc-^kG#OU%|g3');
INSERT INTO parents VALUES(21652, 'Desirade', 'Livrogne');
INSERT INTO utilisateurs VALUES(21653, 'parent', 'Hugo.Livrogne1653', 'h*^iQcjgWd:"6nN9');
INSERT INTO parents VALUES(21653, 'Hugo', 'Livrogne');
INSERT INTO utilisateurs VALUES(21654, 'parent', 'Raphaël.Nutella1654', 'j(-dN+C/4K>G!7%A');
INSERT INTO parents VALUES(21654, 'Raphaël', 'Nutella');
INSERT INTO utilisateurs VALUES(21655, 'parent', 'Candys-Noémie.Geneve1655', 'c,Wtl-Q9BEM@?/^(');
INSERT INTO parents VALUES(21655, 'Candys-Noémie', 'Geneve');
INSERT INTO utilisateurs VALUES(21656, 'parent', 'Etrique.Cremanglaise1656', '6hR)$t@"gL5_4b^c');
INSERT INTO parents VALUES(21656, 'Etrique', 'Cremanglaise');
INSERT INTO utilisateurs VALUES(21657, 'parent', 'Crapo.Pabo1657', 'eXTMzH+j]|N2QGZ9');
INSERT INTO parents VALUES(21657, 'Crapo', 'Pabo');
INSERT INTO utilisateurs VALUES(21658, 'parent', 'Yanni.Genese1658', '#F7@R:oX>"+_fA<r');
INSERT INTO parents VALUES(21658, 'Yanni', 'Genese');
INSERT INTO utilisateurs VALUES(21659, 'parent', 'Vic.Livrogne1659', '1ou=T8b6>L%Z3&yE');
INSERT INTO parents VALUES(21659, 'Vic', 'Livrogne');
INSERT INTO utilisateurs VALUES(21660, 'parent', 'Uberite.Avion1660', 'SfTw|5pcl]%X4It[');
INSERT INTO parents VALUES(21660, 'Uberite', 'Avion');
INSERT INTO utilisateurs VALUES(21661, 'parent', 'Meubl.Ite1661', 'h[{U()Jt+=#^_cpN');
INSERT INTO parents VALUES(21661, 'Meubl', 'Ite');
INSERT INTO utilisateurs VALUES(21662, 'parent', 'Nathanaël.Genepi1662', '"JqZI8ps;_Goh<d$');
INSERT INTO parents VALUES(21662, 'Nathanaël', 'Genepi');
INSERT INTO utilisateurs VALUES(21663, 'parent', 'Tom.Avion1663', 'nY,e;)Pl/mU34%zF');
INSERT INTO parents VALUES(21663, 'Tom', 'Avion');
INSERT INTO utilisateurs VALUES(21664, 'parent', 'Blandine.Genese1664', 'gbe@Tp)5v%8>=NsF');
INSERT INTO parents VALUES(21664, 'Blandine', 'Genese');
INSERT INTO utilisateurs VALUES(21665, 'parent', 'Bernar.Duc de Montmorency1665', '9sM5/E\i}YL{?b"!');
INSERT INTO parents VALUES(21665, 'Bernar', 'Duc de Montmorency');
INSERT INTO utilisateurs VALUES(21666, 'parent', 'Patric.Lodevie1666', '@msL,5+_ycDUo#Jq');
INSERT INTO parents VALUES(21666, 'Patric', 'Lodevie');
INSERT INTO utilisateurs VALUES(21667, 'parent', 'Tym.Ou1667', '5BuWrK)/X>{H(*.-');
INSERT INTO parents VALUES(21667, 'Tym', 'Ou');
INSERT INTO utilisateurs VALUES(21668, 'parent', 'Thanzile.Pie1668', '^wuC=Qe[&#3f%.n,');
INSERT INTO parents VALUES(21668, 'Thanzile', 'Pie');
INSERT INTO utilisateurs VALUES(21669, 'parent', 'Thanzile.Oxlong1669', '&Z4Ot1sd5$e>X)BK');
INSERT INTO parents VALUES(21669, 'Thanzile', 'Oxlong');
INSERT INTO utilisateurs VALUES(21670, 'parent', 'Tum.Pabo1670', 'ZQ<$b6*ed@}=mD:.');
INSERT INTO parents VALUES(21670, 'Tum', 'Pabo');
INSERT INTO utilisateurs VALUES(21671, 'parent', 'Nathanaël.Azerty1671', ']IFhX9ZoR&.7SOpE');
INSERT INTO parents VALUES(21671, 'Nathanaël', 'Azerty');
INSERT INTO utilisateurs VALUES(21672, 'parent', 'Tam.Livrogne1672', 'q$YcZ7F:m#H|R0t"');
INSERT INTO parents VALUES(21672, 'Tam', 'Livrogne');
INSERT INTO utilisateurs VALUES(21673, 'parent', 'Bernar.Please1673', '=I4G#[C+)&Sp8l,"');
INSERT INTO parents VALUES(21673, 'Bernar', 'Please');
INSERT INTO utilisateurs VALUES(21674, 'parent', 'Articho.Sus1674', 'M!j$T+mq*68,O]N^');
INSERT INTO parents VALUES(21674, 'Articho', 'Sus');
INSERT INTO utilisateurs VALUES(21675, 'parent', 'Deliver.Lubrique1675', '7?kBSP3<KOTEj!$p');
INSERT INTO parents VALUES(21675, 'Deliver', 'Lubrique');
INSERT INTO utilisateurs VALUES(21676, 'parent', 'Pabo.Sus1676', 'n9g>&@R6OBA+wN8D');
INSERT INTO parents VALUES(21676, 'Pabo', 'Sus');
INSERT INTO utilisateurs VALUES(21677, 'parent', 'Hugo.Veu1677', 'P{ouBGTO9NE,kA6&');
INSERT INTO parents VALUES(21677, 'Hugo', 'Veu');
INSERT INTO utilisateurs VALUES(21678, 'parent', 'Uber.Pabo1678', '8d{%gVy+rqf=ue.2');
INSERT INTO parents VALUES(21678, 'Uber', 'Pabo');
INSERT INTO utilisateurs VALUES(21679, 'parent', 'Tom.Lebeau1679', 'Wr>P;@qb\Fx]<up.');
INSERT INTO parents VALUES(21679, 'Tom', 'Lebeau');
INSERT INTO utilisateurs VALUES(21680, 'parent', 'Prise.Tim1680', ')[BHrUI,*1_M0iSp');
INSERT INTO parents VALUES(21680, 'Prise', 'Tim');
INSERT INTO utilisateurs VALUES(21681, 'parent', 'Tom.Genepi1681', '[SUkzbgm:E}=6fA^');
INSERT INTO parents VALUES(21681, 'Tom', 'Genepi');
INSERT INTO utilisateurs VALUES(21682, 'parent', 'Uber.Ou1682', 'nQI<i\yxl_/EPWH0');
INSERT INTO parents VALUES(21682, 'Uber', 'Ou');
INSERT INTO utilisateurs VALUES(21683, 'parent', 'Tem.Suroderable1683', '>;v\LlZXr"?<b/9n');
INSERT INTO parents VALUES(21683, 'Tem', 'Suroderable');
INSERT INTO utilisateurs VALUES(21684, 'parent', 'Sintia.Moriarty1684', '2:yn[xcTHjD}>=BC');
INSERT INTO parents VALUES(21684, 'Sintia', 'Moriarty');
INSERT INTO utilisateurs VALUES(21685, 'parent', 'Uberite.Veu1685', 'S2xi?GE)[Cd;Z.-U');
INSERT INTO parents VALUES(21685, 'Uberite', 'Veu');
INSERT INTO utilisateurs VALUES(21686, 'parent', 'Hugo.B57 PRO MAX 35001686', '%Wa}rj;,b&J4cVi0');
INSERT INTO parents VALUES(21686, 'Hugo', 'B57 PRO MAX 3500');
INSERT INTO utilisateurs VALUES(21687, 'parent', 'Pabo.Ikea1687', '\t6jwU;5N&#mH$>.');
INSERT INTO parents VALUES(21687, 'Pabo', 'Ikea');
INSERT INTO utilisateurs VALUES(21688, 'parent', 'Tym.Cremanglaise1688', '{B!#,5-b?3X_;JvC');
INSERT INTO parents VALUES(21688, 'Tym', 'Cremanglaise');
INSERT INTO utilisateurs VALUES(21689, 'parent', 'Macly.Tim1689', 'yNItzc=o|nL2u1ak');
INSERT INTO parents VALUES(21689, 'Macly', 'Tim');
INSERT INTO utilisateurs VALUES(21690, 'parent', 'Meubl.Lustre1690', '[Z<zL)|Yo4xn2>gv');
INSERT INTO parents VALUES(21690, 'Meubl', 'Lustre');
INSERT INTO utilisateurs VALUES(21691, 'parent', 'Jean-Eune.Tim1691', '+^_7kFN{?f/)BDL,');
INSERT INTO parents VALUES(21691, 'Jean-Eune', 'Tim');
INSERT INTO utilisateurs VALUES(21692, 'parent', 'Yassine.Tem1692', '67gGO%5n:8.S4qo0');
INSERT INTO parents VALUES(21692, 'Yassine', 'Tem');
INSERT INTO utilisateurs VALUES(21693, 'parent', 'Loui.Lebron1693', 'I2&P7c=/;C,)@rSK');
INSERT INTO parents VALUES(21693, 'Loui', 'Lebron');
INSERT INTO utilisateurs VALUES(21694, 'parent', 'Raphaël.Genesis1694', 'yo+FN:|W];g0fsP3');
INSERT INTO parents VALUES(21694, 'Raphaël', 'Genesis');
INSERT INTO utilisateurs VALUES(21695, 'parent', 'Prise.Musk1695', '=oq.|Mnw%^A/HYE!');
INSERT INTO parents VALUES(21695, 'Prise', 'Musk');
INSERT INTO utilisateurs VALUES(21696, 'parent', 'Tum.Gober1696', '1_+^{-=W/"6R:]yT');
INSERT INTO parents VALUES(21696, 'Tum', 'Gober');
INSERT INTO utilisateurs VALUES(21697, 'parent', 'Meubl.Deces1697', ';qneE@i9U)-%l2}5');
INSERT INTO parents VALUES(21697, 'Meubl', 'Deces');
INSERT INTO utilisateurs VALUES(21698, 'parent', 'Erve.Sus1698', '?Ga4NJ{)|/*"h2DK');
INSERT INTO parents VALUES(21698, 'Erve', 'Sus');
INSERT INTO utilisateurs VALUES(21699, 'parent', 'Thomes.Tom1699', '\-xokiyI+WNhsc%q');
INSERT INTO parents VALUES(21699, 'Thomes', 'Tom');
INSERT INTO utilisateurs VALUES(21700, 'parent', 'Meubl.Plafond1700', 'zdmr7WKelbyJ9u#Z');
INSERT INTO parents VALUES(21700, 'Meubl', 'Plafond');
INSERT INTO utilisateurs VALUES(21701, 'parent', 'Amogus.Livrogne1701', 'a&h0UD-Anc4(\}mu');
INSERT INTO parents VALUES(21701, 'Amogus', 'Livrogne');
INSERT INTO utilisateurs VALUES(21702, 'parent', 'Tom.Pabo1702', '?}i!z@"ndbj%:&Wm');
INSERT INTO parents VALUES(21702, 'Tom', 'Pabo');
INSERT INTO utilisateurs VALUES(21703, 'parent', 'Karfour.Epiee1703', '<,7k{K}U[TR6*bQJ');
INSERT INTO parents VALUES(21703, 'Karfour', 'Epiee');
INSERT INTO utilisateurs VALUES(21704, 'parent', 'Jonathan.Bluetooth1704', 'X,f0vz)D^N*QgEA%');
INSERT INTO parents VALUES(21704, 'Jonathan', 'Bluetooth');
INSERT INTO utilisateurs VALUES(21705, 'parent', 'Hubert-Valéry-Patrick-Stanislas.Lubrique1705', '*yW|um(D=S_{tkc/');
INSERT INTO parents VALUES(21705, 'Hubert-Valéry-Patrick-Stanislas', 'Lubrique');
INSERT INTO utilisateurs VALUES(21706, 'parent', 'Prise.Nutella1706', 'A|pS8NQ;wnY=)e3m');
INSERT INTO parents VALUES(21706, 'Prise', 'Nutella');
INSERT INTO utilisateurs VALUES(21707, 'parent', 'Jen.Avion1707', '|\d95$rcZ&3Ky4@C');
INSERT INTO parents VALUES(21707, 'Jen', 'Avion');
INSERT INTO utilisateurs VALUES(21708, 'parent', 'Tim.Tym1708', '3jBF/q{JDLMk,s\&');
INSERT INTO parents VALUES(21708, 'Tim', 'Tym');
INSERT INTO utilisateurs VALUES(21709, 'parent', 'Tabour.Edupython1709', '3jeAb2_$h}0l@G=#');
INSERT INTO parents VALUES(21709, 'Tabour', 'Edupython');
INSERT INTO utilisateurs VALUES(21710, 'parent', 'Articho.Lodevie1710', '=i,6b|@S(d9N*f;)');
INSERT INTO parents VALUES(21710, 'Articho', 'Lodevie');
INSERT INTO utilisateurs VALUES(21711, 'parent', 'Prise.Market1711', 'a:2#u)bxv+|F0c/k');
INSERT INTO parents VALUES(21711, 'Prise', 'Market');
INSERT INTO utilisateurs VALUES(21712, 'parent', 'Lucien.Musk1712', 'tADX7TxQ]4}/^%m=');
INSERT INTO parents VALUES(21712, 'Lucien', 'Musk');
INSERT INTO utilisateurs VALUES(21713, 'parent', 'Skwizy.Descartes1713', 'I<ne7(wymk;,8"V_');
INSERT INTO parents VALUES(21713, 'Skwizy', 'Descartes');
INSERT INTO utilisateurs VALUES(21714, 'parent', 'Amogus.Vin1714', 'eZu\bNt{}6sg81)z');
INSERT INTO parents VALUES(21714, 'Amogus', 'Vin');
INSERT INTO utilisateurs VALUES(21715, 'parent', 'Florian.Wifi1715', '"oT?KReFl@[E/nfI');
INSERT INTO parents VALUES(21715, 'Florian', 'Wifi');
INSERT INTO utilisateurs VALUES(21716, 'parent', 'Jean-Eune.Gober1716', 'Q/AXSJkz;B1{\jO]');
INSERT INTO parents VALUES(21716, 'Jean-Eune', 'Gober');
INSERT INTO utilisateurs VALUES(21717, 'parent', 'Articho.Edupython1717', '"4MWsG!0$-^lSx,#');
INSERT INTO parents VALUES(21717, 'Articho', 'Edupython');
INSERT INTO utilisateurs VALUES(21718, 'parent', 'Uberite.Duc de Montmorency1718', 'KUiO-?@|35;&]g.t');
INSERT INTO parents VALUES(21718, 'Uberite', 'Duc de Montmorency');
INSERT INTO utilisateurs VALUES(21719, 'parent', 'Pablo.Wifi1719', ':6R3LvTXyZ8m$|0x');
INSERT INTO parents VALUES(21719, 'Pablo', 'Wifi');
INSERT INTO utilisateurs VALUES(21720, 'parent', 'Mac.Suke1720', '^T5t=R_moUEVCNBH');
INSERT INTO parents VALUES(21720, 'Mac', 'Suke');
INSERT INTO utilisateurs VALUES(21721, 'parent', 'Pablo.Tum1721', ',KA*bu0-9f2Th?E&');
INSERT INTO parents VALUES(21721, 'Pablo', 'Tum');
INSERT INTO utilisateurs VALUES(21722, 'parent', 'Candys-Noémie.Nutella1722', '\giW8ZIu-063V4})');
INSERT INTO parents VALUES(21722, 'Candys-Noémie', 'Nutella');
INSERT INTO utilisateurs VALUES(21723, 'parent', 'Raphaël.Geneve1723', 'fU6*3o+h%Nbg)Fxw');
INSERT INTO parents VALUES(21723, 'Raphaël', 'Geneve');
INSERT INTO utilisateurs VALUES(21724, 'parent', 'Raphaël.Deces1724', 'iqL!jvhcUS:MkHB"');
INSERT INTO parents VALUES(21724, 'Raphaël', 'Deces');
INSERT INTO utilisateurs VALUES(21725, 'parent', 'Moru.Market1725', 'oI+cn#Uw(skZu{F"');
INSERT INTO parents VALUES(21725, 'Moru', 'Market');
INSERT INTO utilisateurs VALUES(21726, 'parent', 'Uberite.Lebeau1726', '8A%!>d9wK$.Z0osT');
INSERT INTO parents VALUES(21726, 'Uberite', 'Lebeau');
INSERT INTO utilisateurs VALUES(21727, 'parent', 'Romain.Gif1727', '@J+q9ej}7|W$5bU*');
INSERT INTO parents VALUES(21727, 'Romain', 'Gif');
INSERT INTO utilisateurs VALUES(21728, 'parent', 'Chario.Cremanglaise1728', '&_)hKy<woA4#(0xH');
INSERT INTO parents VALUES(21728, 'Chario', 'Cremanglaise');
INSERT INTO utilisateurs VALUES(21729, 'parent', 'Amogus.Piloti1729', 'D=$EtW^8">r6[+\%');
INSERT INTO parents VALUES(21729, 'Amogus', 'Piloti');
INSERT INTO utilisateurs VALUES(21730, 'parent', 'Jean-Eune.Suke1730', '}k+^h[)CTs<9;*6F');
INSERT INTO parents VALUES(21730, 'Jean-Eune', 'Suke');
INSERT INTO utilisateurs VALUES(21731, 'parent', 'Articho.Deces1731', 'v;jOm%C?oy849|r&');
INSERT INTO parents VALUES(21731, 'Articho', 'Deces');
INSERT INTO utilisateurs VALUES(21732, 'parent', 'Tiri.Dordebous1732', 'K=kEIcFp:\j26#wt');
INSERT INTO parents VALUES(21732, 'Tiri', 'Dordebous');
INSERT INTO utilisateurs VALUES(21733, 'parent', 'Tem.Ou1733', 'bGZql[geKD=_An3V');
INSERT INTO parents VALUES(21733, 'Tem', 'Ou');
INSERT INTO utilisateurs VALUES(21734, 'parent', 'Tim.Genesis1734', '"Ne38[vp9HCy|0@j');
INSERT INTO parents VALUES(21734, 'Tim', 'Genesis');
INSERT INTO utilisateurs VALUES(21735, 'parent', 'Prise.Genesis1735', '#2W&vigAy-t7,O3P');
INSERT INTO parents VALUES(21735, 'Prise', 'Genesis');
INSERT INTO utilisateurs VALUES(21736, 'parent', 'Vic.Ite1736', '<bJYZyaWA)F!n391');
INSERT INTO parents VALUES(21736, 'Vic', 'Ite');
INSERT INTO utilisateurs VALUES(21737, 'parent', 'Ugo.Gif1737', '1JbOprW?aq%Q*=-K');
INSERT INTO parents VALUES(21737, 'Ugo', 'Gif');
INSERT INTO utilisateurs VALUES(21738, 'parent', 'X Æ A-Ⅻ.Vin1738', 'r}$-"V@y>)P+#:u1');
INSERT INTO parents VALUES(21738, 'X Æ A-Ⅻ', 'Vin');
INSERT INTO utilisateurs VALUES(21739, 'parent', 'Maxence.Ikea1739', '"M>Rv.:ESg\bwYD5');
INSERT INTO parents VALUES(21739, 'Maxence', 'Ikea');
INSERT INTO utilisateurs VALUES(21740, 'parent', 'Juliet.Gif1740', 'l>Uq.c$LM<&i@)Kf');
INSERT INTO parents VALUES(21740, 'Juliet', 'Gif');
INSERT INTO utilisateurs VALUES(21741, 'parent', 'Uber.B57 PRO MAX 35001741', '}!Tqg;&B=f#)0H"e');
INSERT INTO parents VALUES(21741, 'Uber', 'B57 PRO MAX 3500');
INSERT INTO utilisateurs VALUES(21742, 'parent', 'Yanni.Moriarty1742', 'a&HBd.[mYkl\1];%');
INSERT INTO parents VALUES(21742, 'Yanni', 'Moriarty');
INSERT INTO utilisateurs VALUES(21743, 'parent', 'Deliver.Tam1743', '&ze>B+R]*6pot!}v');
INSERT INTO parents VALUES(21743, 'Deliver', 'Tam');
INSERT INTO utilisateurs VALUES(21744, 'parent', 'Lucien.Plafond1744', '95uedEVCPFa&xG_c');
INSERT INTO parents VALUES(21744, 'Lucien', 'Plafond');
INSERT INTO utilisateurs VALUES(21745, 'parent', 'Uberite.Lustre1745', '0%*<8NWa6$.XR>=J');
INSERT INTO parents VALUES(21745, 'Uberite', 'Lustre');
INSERT INTO utilisateurs VALUES(21746, 'parent', 'Paluche.Mière1746', 'hy:xZm^jUD8(YCsb');
INSERT INTO parents VALUES(21746, 'Paluche', 'Mière');
INSERT INTO utilisateurs VALUES(21747, 'parent', 'Patric.Market1747', '&kbM^$V>thGua"dr');
INSERT INTO parents VALUES(21747, 'Patric', 'Market');
INSERT INTO utilisateurs VALUES(21748, 'parent', 'Blandine.Gif1748', '?p}32;Z8NsClO#/e');
INSERT INTO parents VALUES(21748, 'Blandine', 'Gif');
INSERT INTO utilisateurs VALUES(21749, 'parent', 'Hugo.Qwerty1749', '-nN]/cBqR;.oFIjO');
INSERT INTO parents VALUES(21749, 'Hugo', 'Qwerty');
INSERT INTO utilisateurs VALUES(21750, 'parent', 'Stabline.Meurs1750', 'X\e,dZjiftT<rhR{');
INSERT INTO parents VALUES(21750, 'Stabline', 'Meurs');
INSERT INTO utilisateurs VALUES(21751, 'parent', 'Erve.Moriarty1751', '?Mht*#pEIB2^+FeD');
INSERT INTO parents VALUES(21751, 'Erve', 'Moriarty');
INSERT INTO utilisateurs VALUES(21752, 'parent', 'Articho.Wifi1752', '@|}Eo1L{8cZ7rSMx');
INSERT INTO parents VALUES(21752, 'Articho', 'Wifi');
INSERT INTO utilisateurs VALUES(21753, 'parent', 'Loui.Tym1753', 'pk?2|@w>n\g&t;A/');
INSERT INTO parents VALUES(21753, 'Loui', 'Tym');
INSERT INTO utilisateurs VALUES(21754, 'parent', 'Tym.Tabulage1754', '9v[QsgX2@}&rIR=m');
INSERT INTO parents VALUES(21754, 'Tym', 'Tabulage');
INSERT INTO utilisateurs VALUES(21755, 'parent', 'Articho.Geneve1755', 'zWh}_(O#!;?+C1.a');
INSERT INTO parents VALUES(21755, 'Articho', 'Geneve');
INSERT INTO utilisateurs VALUES(21756, 'parent', 'Lucien.Tam1756', 'YdMI|4i-*b7KN@"2');
INSERT INTO parents VALUES(21756, 'Lucien', 'Tam');
INSERT INTO utilisateurs VALUES(21757, 'parent', 'Raphaël.Lebeau1757', '/n72qw5CTj\@{bHt');
INSERT INTO parents VALUES(21757, 'Raphaël', 'Lebeau');
INSERT INTO utilisateurs VALUES(21758, 'parent', 'Hubert-Valéry-Patrick-Stanislas.Wifi1758', ';>9w6W*IU.H:SO_v');
INSERT INTO parents VALUES(21758, 'Hubert-Valéry-Patrick-Stanislas', 'Wifi');
INSERT INTO utilisateurs VALUES(21759, 'parent', 'Romain.Tam1759', 'v53Q:1;|0V%W}R+T');
INSERT INTO parents VALUES(21759, 'Romain', 'Tam');
INSERT INTO utilisateurs VALUES(21760, 'parent', 'Macly.Meurs1760', 'iL7o^JkRBIl#rS6W');
INSERT INTO parents VALUES(21760, 'Macly', 'Meurs');
INSERT INTO utilisateurs VALUES(21761, 'parent', 'Meubl.Avion1761', 'mC9Z)NS1xIUY;p(!');
INSERT INTO parents VALUES(21761, 'Meubl', 'Avion');
INSERT INTO utilisateurs VALUES(21762, 'parent', 'Blandine.Genesis1762', '14?W=&-iCvEres)_');
INSERT INTO parents VALUES(21762, 'Blandine', 'Genesis');
INSERT INTO utilisateurs VALUES(21763, 'parent', 'X Æ A-Ⅻ.Deces1763', 't-fCa_+6,n&hqXoZ');
INSERT INTO parents VALUES(21763, 'X Æ A-Ⅻ', 'Deces');
INSERT INTO utilisateurs VALUES(21764, 'parent', 'Sintia.Vin1764', '=aV@iw[RW7z*$+#t');
INSERT INTO parents VALUES(21764, 'Sintia', 'Vin');
INSERT INTO utilisateurs VALUES(21765, 'parent', 'Candys-Noémie.Electrique1765', '_#L8K|vQVeo]FrG"');
INSERT INTO parents VALUES(21765, 'Candys-Noémie', 'Electrique');
INSERT INTO utilisateurs VALUES(21766, 'parent', 'Desirade.Avion1766', 'I>a\|F.CABkodRpS');
INSERT INTO parents VALUES(21766, 'Desirade', 'Avion');
INSERT INTO utilisateurs VALUES(21767, 'parent', 'Blandine.Oxlong1767', '.,;98cM$j:n1d=iH');
INSERT INTO parents VALUES(21767, 'Blandine', 'Oxlong');
INSERT INTO utilisateurs VALUES(21768, 'parent', 'Pablo.Gober1768', 'oC*,B;|HdQkyiG="');
INSERT INTO parents VALUES(21768, 'Pablo', 'Gober');
INSERT INTO utilisateurs VALUES(21769, 'parent', 'Sintia.Genese1769', 'd8G0Nte(zvLZ=TnM');
INSERT INTO parents VALUES(21769, 'Sintia', 'Genese');
INSERT INTO utilisateurs VALUES(21770, 'parent', 'Amogus.Tum1770', 'Ki|qXZ$>%0wo.]?6');
INSERT INTO parents VALUES(21770, 'Amogus', 'Tum');
INSERT INTO utilisateurs VALUES(21771, 'parent', 'Loui.Veu1771', 'I1[T^#FvE5yV|(qX');
INSERT INTO parents VALUES(21771, 'Loui', 'Veu');
INSERT INTO utilisateurs VALUES(21772, 'parent', 'Maxence.Tom1772', 'eE2QZy:"@m|Fa\qu');
INSERT INTO parents VALUES(21772, 'Maxence', 'Tom');
INSERT INTO utilisateurs VALUES(21773, 'parent', 'Chario.Unowhy1773', ',#UtO>Qz?AC)\vek');
INSERT INTO parents VALUES(21773, 'Chario', 'Unowhy');
INSERT INTO utilisateurs VALUES(21774, 'parent', 'Stalinslas.Marat1774', 'drj#!oAs4"$Qq}eC');
INSERT INTO parents VALUES(21774, 'Stalinslas', 'Marat');
INSERT INTO utilisateurs VALUES(21775, 'parent', 'Macly.Lebron1775', 'otBp}=<6KM0|$R@f');
INSERT INTO parents VALUES(21775, 'Macly', 'Lebron');
INSERT INTO utilisateurs VALUES(21776, 'parent', 'Nathanaël.Ikea1776', '8Qtub[Zy)q.9,o!:');
INSERT INTO parents VALUES(21776, 'Nathanaël', 'Ikea');
INSERT INTO utilisateurs VALUES(21777, 'parent', 'Amogus.Musk1777', '}4Q|>hq*0Hb2g^/[');
INSERT INTO parents VALUES(21777, 'Amogus', 'Musk');
INSERT INTO utilisateurs VALUES(21778, 'parent', 'Jen.Market1778', 'O4aGu_nd|K"Yh:jC');
INSERT INTO parents VALUES(21778, 'Jen', 'Market');
INSERT INTO utilisateurs VALUES(21779, 'parent', 'Jonathan.B57 PRO MAX 35001779', 'YG0\g{Xc(:;Qi3eH');
INSERT INTO parents VALUES(21779, 'Jonathan', 'B57 PRO MAX 3500');
INSERT INTO utilisateurs VALUES(21780, 'parent', 'Stalinslas.Tabulage1780', '\bl(M0YOf43i-cSt');
INSERT INTO parents VALUES(21780, 'Stalinslas', 'Tabulage');
INSERT INTO utilisateurs VALUES(21781, 'parent', 'Tim.Please1781', 'ltv!e{y:f06hE_Na');
INSERT INTO parents VALUES(21781, 'Tim', 'Please');
INSERT INTO utilisateurs VALUES(21782, 'parent', 'Uberite.Wifi1782', '7xnf+;>hJ/)<?{o$');
INSERT INTO parents VALUES(21782, 'Uberite', 'Wifi');
INSERT INTO utilisateurs VALUES(21783, 'parent', 'Yanni.Marat1783', '+N(^r8dn"/%TBlOJ');
INSERT INTO parents VALUES(21783, 'Yanni', 'Marat');
INSERT INTO utilisateurs VALUES(21784, 'parent', 'Etrique.Tim1784', 'F<2m$Cv^I48Qi39*');
INSERT INTO parents VALUES(21784, 'Etrique', 'Tim');
INSERT INTO utilisateurs VALUES(21785, 'parent', 'Yanni.Lebeau1785', 'fOlN6<8hK_s=IpR,');
INSERT INTO parents VALUES(21785, 'Yanni', 'Lebeau');
INSERT INTO utilisateurs VALUES(21786, 'parent', 'Uber.Market1786', '%=yOBAe|r3()N!>D');
INSERT INTO parents VALUES(21786, 'Uber', 'Market');
INSERT INTO utilisateurs VALUES(21787, 'parent', 'Yanni.Genesis1787', ')7dlk#;$p[o:SiYW');
INSERT INTO parents VALUES(21787, 'Yanni', 'Genesis');
INSERT INTO utilisateurs VALUES(21788, 'parent', 'Candys-Noémie.Lodevie1788', 'vUQO*ck$^X)dK|}/');
INSERT INTO parents VALUES(21788, 'Candys-Noémie', 'Lodevie');
INSERT INTO utilisateurs VALUES(21789, 'parent', 'Lucien.Unowhy1789', '-:x;*{J)@/^(tna9');
INSERT INTO parents VALUES(21789, 'Lucien', 'Unowhy');
INSERT INTO utilisateurs VALUES(21790, 'parent', 'Valeri.Deces1790', '}I-l]z(.HuP1c3Vj');
INSERT INTO parents VALUES(21790, 'Valeri', 'Deces');
INSERT INTO utilisateurs VALUES(21791, 'parent', 'Célian.Vin1791', 'mqvUohZ}O[9Jj_eE');
INSERT INTO parents VALUES(21791, 'Célian', 'Vin');
INSERT INTO utilisateurs VALUES(21792, 'parent', 'Meubl.Descartes1792', 'h*iU21e)k]3B,MY/');
INSERT INTO parents VALUES(21792, 'Meubl', 'Descartes');
INSERT INTO utilisateurs VALUES(21793, 'parent', 'Florian.Moriarty1793', 'R9MP}[VxIhk";8-:');
INSERT INTO parents VALUES(21793, 'Florian', 'Moriarty');
INSERT INTO utilisateurs VALUES(21794, 'parent', 'Blandine.Vin1794', '#ro<IwvUQ}:mK|NA');
INSERT INTO parents VALUES(21794, 'Blandine', 'Vin');
INSERT INTO utilisateurs VALUES(21795, 'parent', 'Pablo.Gif1795', ')WQ%2evtLpsUu<9$');
INSERT INTO parents VALUES(21795, 'Pablo', 'Gif');
INSERT INTO utilisateurs VALUES(21796, 'parent', 'Stanyshlasse.Unowhy1796', 't[D}y%=QJ7e\Z_Fd');
INSERT INTO parents VALUES(21796, 'Stanyshlasse', 'Unowhy');
INSERT INTO utilisateurs VALUES(21797, 'parent', 'Tem.Pipe1797', 'y=&2V4G/EdF@Oau5');
INSERT INTO parents VALUES(21797, 'Tem', 'Pipe');
INSERT INTO utilisateurs VALUES(21798, 'parent', 'Macly.Avion1798', '$Up|9oIJH<)M7n(@');
INSERT INTO parents VALUES(21798, 'Macly', 'Avion');
INSERT INTO utilisateurs VALUES(21799, 'parent', 'Karfour.Marat1799', 'SD@>dV<[)1v{:LPw');
INSERT INTO parents VALUES(21799, 'Karfour', 'Marat');
INSERT INTO utilisateurs VALUES(21800, 'parent', 'Loui.Geneve1800', 'x5)G3t"e6?Z%Q-OP');
INSERT INTO parents VALUES(21800, 'Loui', 'Geneve');
INSERT INTO utilisateurs VALUES(21801, 'parent', 'Pabo.Musk1801', '-=d}{L@x^n>AX\4B');
INSERT INTO parents VALUES(21801, 'Pabo', 'Musk');
INSERT INTO utilisateurs VALUES(21802, 'parent', 'Florian.Piloti1802', 'CrHGcK.7z(}?xgO0');
INSERT INTO parents VALUES(21802, 'Florian', 'Piloti');
INSERT INTO utilisateurs VALUES(21803, 'parent', 'Sintia.Tom1803', 'Y?Gx21:5)^LdK.#=');
INSERT INTO parents VALUES(21803, 'Sintia', 'Tom');
INSERT INTO utilisateurs VALUES(21804, 'parent', 'Meubl.Tom1804', 'GWA2s1x{cSdj:m0B');
INSERT INTO parents VALUES(21804, 'Meubl', 'Tom');
INSERT INTO utilisateurs VALUES(21805, 'parent', 'Valeri.Tom1805', '&c/Cpb%kFU1>Z*,R');
INSERT INTO parents VALUES(21805, 'Valeri', 'Tom');
INSERT INTO utilisateurs VALUES(21806, 'parent', 'Thanzile.Tym1806', '+\U]<P5#Q(LWqm3>');
INSERT INTO parents VALUES(21806, 'Thanzile', 'Tym');
INSERT INTO utilisateurs VALUES(21807, 'parent', 'Juliet.Tabulage1807', '(nRo&iaxjbGm|->k');
INSERT INTO parents VALUES(21807, 'Juliet', 'Tabulage');
INSERT INTO utilisateurs VALUES(21808, 'parent', 'Juliet.Suke1808', '{y-0dR(r.ojZ["v&');
INSERT INTO parents VALUES(21808, 'Juliet', 'Suke');
INSERT INTO utilisateurs VALUES(21809, 'parent', 'Thanzile.Tem1809', 'P-p4@aZ";[Xd02mx');
INSERT INTO parents VALUES(21809, 'Thanzile', 'Tem');
INSERT INTO utilisateurs VALUES(21810, 'parent', 'Tabour.Azerty1810', 'Vfc2&M\@y3sd517D');
INSERT INTO parents VALUES(21810, 'Tabour', 'Azerty');
INSERT INTO utilisateurs VALUES(21811, 'parent', 'Tem.Tom1811', 'p<2x?-&W#NYHFIKV');
INSERT INTO parents VALUES(21811, 'Tem', 'Tom');
INSERT INTO utilisateurs VALUES(21812, 'parent', 'Desirade.Lebeau1812', ';y1{G&6Qc>jI?-@h');
INSERT INTO parents VALUES(21812, 'Desirade', 'Lebeau');
INSERT INTO utilisateurs VALUES(21813, 'parent', 'Crapo.Sus1813', '^q;*XGo}fp2dDU$b');
INSERT INTO parents VALUES(21813, 'Crapo', 'Sus');
INSERT INTO utilisateurs VALUES(21814, 'parent', 'Florian.Veu1814', 'Uz(5_]/mBt8f|pby');
INSERT INTO parents VALUES(21814, 'Florian', 'Veu');
INSERT INTO utilisateurs VALUES(21815, 'parent', 'Chario.Mière1815', ']Jlpu[TC:NxM*Lce');
INSERT INTO parents VALUES(21815, 'Chario', 'Mière');
INSERT INTO utilisateurs VALUES(21816, 'parent', 'Tim.Tabulage1816', 'rJ:60n[<Cc@E3ozS');
INSERT INTO parents VALUES(21816, 'Tim', 'Tabulage');
INSERT INTO utilisateurs VALUES(21817, 'parent', 'Credito.Bechamelle1817', 'DPG:Bd%Su>EreyI=');
INSERT INTO parents VALUES(21817, 'Credito', 'Bechamelle');
INSERT INTO utilisateurs VALUES(21818, 'parent', 'Thomes.Lodevie1818', 'd,oWKAIUaY$PBhGL');
INSERT INTO parents VALUES(21818, 'Thomes', 'Lodevie');
INSERT INTO utilisateurs VALUES(21819, 'parent', 'Skwizy.Oxlong1819', 'EqPV;s@F8SI$D653');
INSERT INTO parents VALUES(21819, 'Skwizy', 'Oxlong');
INSERT INTO utilisateurs VALUES(21820, 'parent', 'Pabo.Pipe1820', 'IJp:q-uAQ$|6"O=7');
INSERT INTO parents VALUES(21820, 'Pabo', 'Pipe');
INSERT INTO utilisateurs VALUES(21821, 'parent', 'Tem.Ite1821', 'DY(Zfvt"l@O!R+$<');
INSERT INTO parents VALUES(21821, 'Tem', 'Ite');
INSERT INTO utilisateurs VALUES(21822, 'parent', 'Yassine.Moriarty1822', 'tAFu"9yM1]:n)\k*');
INSERT INTO parents VALUES(21822, 'Yassine', 'Moriarty');
INSERT INTO utilisateurs VALUES(21823, 'parent', 'Articho.Lustre1823', 'MPJ59t}fG=Qw+?rh');
INSERT INTO parents VALUES(21823, 'Articho', 'Lustre');
INSERT INTO utilisateurs VALUES(21824, 'parent', 'Tiri.Unowhy1824', 'M_Kt<h;{%]9n|rs>');
INSERT INTO parents VALUES(21824, 'Tiri', 'Unowhy');
INSERT INTO utilisateurs VALUES(21825, 'parent', 'Tabour.Wifi1825', ':HNAr!e@nG7-Ldlv');
INSERT INTO parents VALUES(21825, 'Tabour', 'Wifi');
INSERT INTO utilisateurs VALUES(21826, 'parent', 'Thomes.Unowhy1826', '9&rv_$HhQO1.+mA6');
INSERT INTO parents VALUES(21826, 'Thomes', 'Unowhy');
INSERT INTO utilisateurs VALUES(21827, 'parent', 'Moru.Tom1827', 'u%On76DRTW>:?b*B');
INSERT INTO parents VALUES(21827, 'Moru', 'Tom');
INSERT INTO utilisateurs VALUES(21828, 'parent', 'Tom.Piloti1828', '10}Sw?;K|Gca_]2L');
INSERT INTO parents VALUES(21828, 'Tom', 'Piloti');
INSERT INTO utilisateurs VALUES(21829, 'parent', 'Jen.Genese1829', '@Qc#f"unpb)5z^W(');
INSERT INTO parents VALUES(21829, 'Jen', 'Genese');
INSERT INTO utilisateurs VALUES(21830, 'parent', 'Etrique.Tabulage1830', 'VDmh{!a>Z=;"-XxF');
INSERT INTO parents VALUES(21830, 'Etrique', 'Tabulage');
INSERT INTO utilisateurs VALUES(21831, 'parent', 'Valeri.Gober1831', 'J1CaG}T|\hks2iEX');
INSERT INTO parents VALUES(21831, 'Valeri', 'Gober');
INSERT INTO utilisateurs VALUES(21832, 'parent', 'Chario.Tam1832', 'Q$].BY9Ig!lGT=jZ');
INSERT INTO parents VALUES(21832, 'Chario', 'Tam');
INSERT INTO utilisateurs VALUES(21833, 'parent', 'Yanni.Geneve1833', '\K8L3mb[)"uPT5Ny');
INSERT INTO parents VALUES(21833, 'Yanni', 'Geneve');
INSERT INTO utilisateurs VALUES(21834, 'parent', 'Jean-Mohammed.Edupython1834', '%qUCb[9I?"0-DL2;');
INSERT INTO parents VALUES(21834, 'Jean-Mohammed', 'Edupython');
INSERT INTO utilisateurs VALUES(21835, 'parent', 'Patric.Lebeau1835', 'Q5D}Wj<g$)meVd@%');
INSERT INTO parents VALUES(21835, 'Patric', 'Lebeau');
INSERT INTO utilisateurs VALUES(21836, 'parent', 'Jonathan.Musk1836', 'MQ?5=h[fe<jwXp@T');
INSERT INTO parents VALUES(21836, 'Jonathan', 'Musk');
INSERT INTO utilisateurs VALUES(21837, 'parent', 'Macly.Pabo1837', 'zWl!E7UM=s;|wyGC');
INSERT INTO parents VALUES(21837, 'Macly', 'Pabo');
INSERT INTO utilisateurs VALUES(21838, 'parent', 'X Æ A-Ⅻ.Musk1838', '0R5oL@G{^TZbcQvM');
INSERT INTO parents VALUES(21838, 'X Æ A-Ⅻ', 'Musk');
INSERT INTO utilisateurs VALUES(21839, 'parent', 'Juliet.Mière1839', '#g:;x}z/j>!H\Sw0');
INSERT INTO parents VALUES(21839, 'Juliet', 'Mière');
INSERT INTO utilisateurs VALUES(21840, 'parent', 'X Æ A-Ⅻ.Moriarty1840', 'Kz"pe4cO3bh/g8{(');
INSERT INTO parents VALUES(21840, 'X Æ A-Ⅻ', 'Moriarty');
INSERT INTO utilisateurs VALUES(21841, 'parent', 'Tym.Suroderable1841', '*|g$fD!sd>y0w&qK');
INSERT INTO parents VALUES(21841, 'Tym', 'Suroderable');
INSERT INTO utilisateurs VALUES(21842, 'parent', 'X Æ A-Ⅻ.Unowhy1842', '<:D&76evq[?M8"=$');
INSERT INTO parents VALUES(21842, 'X Æ A-Ⅻ', 'Unowhy');
INSERT INTO utilisateurs VALUES(21843, 'parent', 'Nathanaël.Marat1843', '7z|jFAKG5ukBJH2e');
INSERT INTO parents VALUES(21843, 'Nathanaël', 'Marat');
INSERT INTO utilisateurs VALUES(21844, 'parent', 'Stalinslas.Pabo1844', 'U/T6$Lz^A.,dIKgG');
INSERT INTO parents VALUES(21844, 'Stalinslas', 'Pabo');
INSERT INTO utilisateurs VALUES(21845, 'parent', 'Karfour.Wifi1845', '<K"yXF$1Or.wx9@>');
INSERT INTO parents VALUES(21845, 'Karfour', 'Wifi');
INSERT INTO utilisateurs VALUES(21846, 'parent', 'Stanyshlasse.Avion1846', 'tYjndszRBxE!yU-.');
INSERT INTO parents VALUES(21846, 'Stanyshlasse', 'Avion');
INSERT INTO utilisateurs VALUES(21847, 'parent', 'Jen.Nutella1847', ']ouAeG_kSzl!m3PF');
INSERT INTO parents VALUES(21847, 'Jen', 'Nutella');
INSERT INTO utilisateurs VALUES(21848, 'parent', 'Stabline.Electrique1848', 'Yip<3dT95S:wvK|N');
INSERT INTO parents VALUES(21848, 'Stabline', 'Electrique');
INSERT INTO utilisateurs VALUES(21849, 'parent', 'Etrique.Sus1849', 'Lj=$JtXM(E@<a05u');
INSERT INTO parents VALUES(21849, 'Etrique', 'Sus');
INSERT INTO utilisateurs VALUES(21850, 'parent', 'Articho.Mière1850', 'J3-y;\I6<UtCzNWd');
INSERT INTO parents VALUES(21850, 'Articho', 'Mière');
INSERT INTO utilisateurs VALUES(21851, 'parent', 'Skwizy.Gif1851', 'E>9%lg;.V-WjFm2H');
INSERT INTO parents VALUES(21851, 'Skwizy', 'Gif');
INSERT INTO utilisateurs VALUES(21852, 'parent', 'Sintia.Edupython1852', '64\Bg7Z!28,#FG&k');
INSERT INTO parents VALUES(21852, 'Sintia', 'Edupython');
INSERT INTO utilisateurs VALUES(21853, 'parent', 'Deliver.Genepi1853', 'MNP_|,Zx4>@F7Tuj');
INSERT INTO parents VALUES(21853, 'Deliver', 'Genepi');
INSERT INTO utilisateurs VALUES(21854, 'parent', 'Tym.Duc de Montmorency1854', 'w<J8/Z&p7c+uvTf,');
INSERT INTO parents VALUES(21854, 'Tym', 'Duc de Montmorency');
INSERT INTO utilisateurs VALUES(21855, 'parent', 'Amogus.Avion1855', 'b/<?FP(4AB*vu5Y9');
INSERT INTO parents VALUES(21855, 'Amogus', 'Avion');
INSERT INTO utilisateurs VALUES(21856, 'parent', 'Jonathan.Gober1856', 'OLg]o5AN*%ZC<m9S');
INSERT INTO parents VALUES(21856, 'Jonathan', 'Gober');
INSERT INTO utilisateurs VALUES(21857, 'parent', 'Vic.Lebeau1857', '@lY\L^pX<igO6(V"');
INSERT INTO parents VALUES(21857, 'Vic', 'Lebeau');
INSERT INTO utilisateurs VALUES(21858, 'parent', 'Valeri.Tum1858', 'RNoXH|[&+LW0OxzB');
INSERT INTO parents VALUES(21858, 'Valeri', 'Tum');
INSERT INTO utilisateurs VALUES(21859, 'parent', 'Skwizy.Livrogne1859', 'O:6q7Ii%E|kB\sn[');
INSERT INTO parents VALUES(21859, 'Skwizy', 'Livrogne');
INSERT INTO utilisateurs VALUES(21860, 'parent', 'Jen.Tim1860', 'X96q{mOF)Cc8jk.(');
INSERT INTO parents VALUES(21860, 'Jen', 'Tim');
INSERT INTO utilisateurs VALUES(21861, 'parent', 'Ugo.Ikea1861', '-|dVs4]qLD"^g}[5');
INSERT INTO parents VALUES(21861, 'Ugo', 'Ikea');
INSERT INTO utilisateurs VALUES(21862, 'parent', 'Maxence.Tym1862', 'xdK=1PD[i-{#2@J!');
INSERT INTO parents VALUES(21862, 'Maxence', 'Tym');
INSERT INTO utilisateurs VALUES(21863, 'parent', 'Hugo.Lodevie1863', 'M\-$a^b}xy,2=tCF');
INSERT INTO parents VALUES(21863, 'Hugo', 'Lodevie');
INSERT INTO utilisateurs VALUES(21864, 'parent', 'Valeri.Lustre1864', '7G%$B]Vv9KqOmE3t');
INSERT INTO parents VALUES(21864, 'Valeri', 'Lustre');
INSERT INTO utilisateurs VALUES(21865, 'parent', 'Skwizy.Pie1865', 'dyY}"g)3[lK]u$6@');
INSERT INTO parents VALUES(21865, 'Skwizy', 'Pie');
INSERT INTO utilisateurs VALUES(21866, 'parent', 'Tem.Plafond1866', '{f;xUvHDJCF1e0:t');
INSERT INTO parents VALUES(21866, 'Tem', 'Plafond');
INSERT INTO utilisateurs VALUES(21867, 'parent', 'Tiri.Tabulage1867', 'O60t3I#yh{&%Tg^P');
INSERT INTO parents VALUES(21867, 'Tiri', 'Tabulage');
INSERT INTO utilisateurs VALUES(21868, 'parent', 'Paluche.Lubrique1868', 'Plp;{8#v)b7<i(s6');
INSERT INTO parents VALUES(21868, 'Paluche', 'Lubrique');
INSERT INTO utilisateurs VALUES(21869, 'parent', 'Blandine.Avion1869', '%|<gGhBE!is)m>Ty');
INSERT INTO parents VALUES(21869, 'Blandine', 'Avion');
INSERT INTO utilisateurs VALUES(21870, 'parent', 'Hugo.Lubrique1870', 'aniv/z\-W10bd%YP');
INSERT INTO parents VALUES(21870, 'Hugo', 'Lubrique');
INSERT INTO utilisateurs VALUES(21871, 'parent', 'Tiri.Piloti1871', 'I9H8L/{T2*Gp;Y^:');
INSERT INTO parents VALUES(21871, 'Tiri', 'Piloti');
INSERT INTO utilisateurs VALUES(21872, 'parent', 'Hugo.Descartes1872', 'E95y^f]#=}Qo6A-p');
INSERT INTO parents VALUES(21872, 'Hugo', 'Descartes');
INSERT INTO utilisateurs VALUES(21873, 'parent', 'Stanyshlasse.Descartes1873', 'DNMrJL.*q67{h2aE');
INSERT INTO parents VALUES(21873, 'Stanyshlasse', 'Descartes');
INSERT INTO utilisateurs VALUES(21874, 'parent', 'Candys-Noémie.Piloti1874', '+./DuWjeoME%B!8a');
INSERT INTO parents VALUES(21874, 'Candys-Noémie', 'Piloti');
INSERT INTO utilisateurs VALUES(21875, 'parent', 'X Æ A-Ⅻ.Pabo1875', 'FzJ[ltu}LHnN54<Q');
INSERT INTO parents VALUES(21875, 'X Æ A-Ⅻ', 'Pabo');
INSERT INTO utilisateurs VALUES(21876, 'parent', 'Tabour.Tom1876', 'V>]}t60W#T%uX-dH');
INSERT INTO parents VALUES(21876, 'Tabour', 'Tom');
INSERT INTO utilisateurs VALUES(21877, 'parent', 'Jean-Mohammed.Mangesol1877', 'RWaMZn!jDxBGK6kw');
INSERT INTO parents VALUES(21877, 'Jean-Mohammed', 'Mangesol');
INSERT INTO utilisateurs VALUES(21878, 'parent', 'Macly.Vin1878', 'oe{5m:(yWxf8\sdn');
INSERT INTO parents VALUES(21878, 'Macly', 'Vin');
INSERT INTO utilisateurs VALUES(21879, 'parent', 'Yanni.Sus1879', '9xM:C60>rUP?l51(');
INSERT INTO parents VALUES(21879, 'Yanni', 'Sus');
INSERT INTO utilisateurs VALUES(21880, 'parent', 'Maxence.Lebeau1880', '}rHDQBzvnu"<9_10');
INSERT INTO parents VALUES(21880, 'Maxence', 'Lebeau');
INSERT INTO utilisateurs VALUES(21881, 'parent', 'Juliet.Tom1881', 'tf<Cg;e#0PBI>dUZ');
INSERT INTO parents VALUES(21881, 'Juliet', 'Tom');
INSERT INTO utilisateurs VALUES(21882, 'parent', 'Tiri.Marat1882', 'Nq5G.a7%04#(ZD_k');
INSERT INTO parents VALUES(21882, 'Tiri', 'Marat');
INSERT INTO utilisateurs VALUES(21883, 'parent', 'Mac.Tam1883', 'OWrQ|,N/X$_on%[Y');
INSERT INTO parents VALUES(21883, 'Mac', 'Tam');
INSERT INTO utilisateurs VALUES(21884, 'parent', 'Uber.Tim1884', 'qhw$\Ok{9*3rsX!M');
INSERT INTO parents VALUES(21884, 'Uber', 'Tim');
INSERT INTO utilisateurs VALUES(21885, 'parent', 'Hubert-Valéry-Patrick-Stanislas.Cremanglaise1885', 'f270z_I$CF8tHcdh');
INSERT INTO parents VALUES(21885, 'Hubert-Valéry-Patrick-Stanislas', 'Cremanglaise');
INSERT INTO utilisateurs VALUES(21886, 'parent', 'Uberite.Genese1886', 'g]MoA"kn-w$_HJ[L');
INSERT INTO parents VALUES(21886, 'Uberite', 'Genese');
INSERT INTO utilisateurs VALUES(21887, 'parent', 'Romain.Bluetooth1887', '_=rE#}\f$K&8L@WY');
INSERT INTO parents VALUES(21887, 'Romain', 'Bluetooth');
INSERT INTO utilisateurs VALUES(21888, 'parent', 'Meubl.Sus1888', 'b1mo6/<Sh,_na*U8');
INSERT INTO parents VALUES(21888, 'Meubl', 'Sus');
INSERT INTO utilisateurs VALUES(21889, 'parent', 'Nathanaël.Pipe1889', 'eW&>@t*bo#c,H3Oi');
INSERT INTO parents VALUES(21889, 'Nathanaël', 'Pipe');
INSERT INTO utilisateurs VALUES(21890, 'parent', 'Tym.Suke1890', 'Xw&sjz\E_G.DBl?I');
INSERT INTO parents VALUES(21890, 'Tym', 'Suke');
INSERT INTO utilisateurs VALUES(21891, 'parent', 'Florian.Genepi1891', 'i.Iy_OqTHd<$Kx/%');
INSERT INTO parents VALUES(21891, 'Florian', 'Genepi');
INSERT INTO utilisateurs VALUES(21892, 'parent', 'Meubl.Suroderable1892', 'k[dM=8CGb<,SZ]!*');
INSERT INTO parents VALUES(21892, 'Meubl', 'Suroderable');
INSERT INTO utilisateurs VALUES(21893, 'parent', 'Tam.Suke1893', 'n1hYp%k"8=MiFGOg');
INSERT INTO parents VALUES(21893, 'Tam', 'Suke');
INSERT INTO utilisateurs VALUES(21894, 'parent', 'Hubert-Valéry-Patrick-Stanislas.Edupython1894', '-8mW%xioD{<y"M>N');
INSERT INTO parents VALUES(21894, 'Hubert-Valéry-Patrick-Stanislas', 'Edupython');
INSERT INTO utilisateurs VALUES(21895, 'parent', 'Loui.Plafond1895', '*ya{n&MTDX5:rHxe');
INSERT INTO parents VALUES(21895, 'Loui', 'Plafond');
INSERT INTO utilisateurs VALUES(21896, 'parent', 'Raphaël.Suroderable1896', 'j8&<o7c3G;UigX|=');
INSERT INTO parents VALUES(21896, 'Raphaël', 'Suroderable');
INSERT INTO utilisateurs VALUES(21897, 'parent', 'Articho.Pipe1897', 'A[%8It^LZ{}FTq;j');
INSERT INTO parents VALUES(21897, 'Articho', 'Pipe');
INSERT INTO utilisateurs VALUES(21898, 'parent', 'Deliver.Marat1898', 'ezK0m}Qa&_hMJ:Ec');
INSERT INTO parents VALUES(21898, 'Deliver', 'Marat');
INSERT INTO utilisateurs VALUES(21899, 'parent', 'Mac.Pablo1899', 'XR;LD:|l>CuW4QH*');
INSERT INTO parents VALUES(21899, 'Mac', 'Pablo');
INSERT INTO utilisateurs VALUES(21900, 'parent', 'Mac.Wifi1900', 'HM)(3m\iE2?"&:x!');
INSERT INTO parents VALUES(21900, 'Mac', 'Wifi');
INSERT INTO utilisateurs VALUES(21901, 'parent', 'Pabo.Ou1901', 'XY9E7$/z8NH@b4>l');
INSERT INTO parents VALUES(21901, 'Pabo', 'Ou');
INSERT INTO utilisateurs VALUES(21902, 'parent', 'Tim.Musk1902', 'x7uGqv.lABJ-k*61');
INSERT INTO parents VALUES(21902, 'Tim', 'Musk');
INSERT INTO utilisateurs VALUES(21903, 'parent', 'Credito.Lemoche1903', '.y}uw8vkP>$C4=WF');
INSERT INTO parents VALUES(21903, 'Credito', 'Lemoche');
INSERT INTO utilisateurs VALUES(21904, 'parent', 'Tum.Please1904', 'OWVN\Zf$:x#I.wrb');
INSERT INTO parents VALUES(21904, 'Tum', 'Please');
INSERT INTO utilisateurs VALUES(21905, 'parent', 'Pabo.Plafond1905', '"+Nt&r#9:vQdY\=h');
INSERT INTO parents VALUES(21905, 'Pabo', 'Plafond');
INSERT INTO utilisateurs VALUES(21906, 'parent', 'Yanni.Wifi1906', '2]=vGl6)iho$!c,I');
INSERT INTO parents VALUES(21906, 'Yanni', 'Wifi');
INSERT INTO utilisateurs VALUES(21907, 'parent', 'Paluche.Unowhy1907', '+}bsW#-_"]@l9|,.');
INSERT INTO parents VALUES(21907, 'Paluche', 'Unowhy');
INSERT INTO utilisateurs VALUES(21908, 'parent', 'Uberite.Dordebous1908', '!N-9h+TL]U*{zw<E');
INSERT INTO parents VALUES(21908, 'Uberite', 'Dordebous');
INSERT INTO utilisateurs VALUES(21909, 'parent', 'Juliet.Ou1909', 'Y(0n?[LvUH3dTFP6');
INSERT INTO parents VALUES(21909, 'Juliet', 'Ou');
INSERT INTO utilisateurs VALUES(21910, 'parent', 'Tam.Lodevie1910', 'TXe1@<%,#Z_-rKVw');
INSERT INTO parents VALUES(21910, 'Tam', 'Lodevie');
INSERT INTO utilisateurs VALUES(21911, 'parent', 'Yassine.Lemoche1911', 'uTBo$v*g5rahzVFC');
INSERT INTO parents VALUES(21911, 'Yassine', 'Lemoche');
INSERT INTO utilisateurs VALUES(21912, 'parent', 'Sintia.Suroderable1912', 'P>-gF$kI0|7r1Ah5');
INSERT INTO parents VALUES(21912, 'Sintia', 'Suroderable');
INSERT INTO utilisateurs VALUES(21913, 'parent', 'Maxence.Tum1913', 'yY@kTn]F1Uc\W/7O');
INSERT INTO parents VALUES(21913, 'Maxence', 'Tum');
INSERT INTO utilisateurs VALUES(21914, 'parent', 'Lucien.Wifi1914', 'Gz?%gqd{!2a@kPvT');
INSERT INTO parents VALUES(21914, 'Lucien', 'Wifi');
INSERT INTO utilisateurs VALUES(21915, 'parent', 'Loui.Bechamelle1915', 'qc_CL*phK-?2{!}%');
INSERT INTO parents VALUES(21915, 'Loui', 'Bechamelle');
INSERT INTO utilisateurs VALUES(21916, 'parent', 'Tum.Ikea1916', ';Wq8[^"UL7Q*)sCF');
INSERT INTO parents VALUES(21916, 'Tum', 'Ikea');
INSERT INTO utilisateurs VALUES(21917, 'parent', 'Tem.Duc de Montmorency1917', '@c7qG:|\!ZhL;.m8');
INSERT INTO parents VALUES(21917, 'Tem', 'Duc de Montmorency');
INSERT INTO utilisateurs VALUES(21918, 'parent', 'Stalinslas.Qwerty1918', 'W=pU<6Fq(i,E"jA?');
INSERT INTO parents VALUES(21918, 'Stalinslas', 'Qwerty');
INSERT INTO utilisateurs VALUES(21919, 'parent', 'Raphaël.Market1919', 'qM#Jls4SV}i]jX@H');
INSERT INTO parents VALUES(21919, 'Raphaël', 'Market');
INSERT INTO utilisateurs VALUES(21920, 'parent', 'Lumineux.Dordebous1920', '4!aLeZvU<7;6DE5t');
INSERT INTO parents VALUES(21920, 'Lumineux', 'Dordebous');
INSERT INTO utilisateurs VALUES(21921, 'parent', 'X Æ A-Ⅻ.B57 PRO MAX 35001921', 'u{,4i_v*+n52QOdj');
INSERT INTO parents VALUES(21921, 'X Æ A-Ⅻ', 'B57 PRO MAX 3500');
INSERT INTO utilisateurs VALUES(21922, 'parent', 'Crapo.Cremanglaise1922', 'W:QCS%iH\zr*kBZF');
INSERT INTO parents VALUES(21922, 'Crapo', 'Cremanglaise');
INSERT INTO utilisateurs VALUES(21923, 'parent', 'Tabour.Dordebous1923', 'T=0^r,[6evzcn{l)');
INSERT INTO parents VALUES(21923, 'Tabour', 'Dordebous');
INSERT INTO utilisateurs VALUES(21924, 'parent', 'Loui.Pie1924', '=DX>zJr^8U%L,3QP');
INSERT INTO parents VALUES(21924, 'Loui', 'Pie');
INSERT INTO utilisateurs VALUES(21925, 'parent', 'Tym.Geneve1925', 'kb,rpnCdV^8R)s_D');
INSERT INTO parents VALUES(21925, 'Tym', 'Geneve');
INSERT INTO utilisateurs VALUES(21926, 'parent', 'Tym.Pablo1926', 'C"nFD?K7\(*1!L9#');
INSERT INTO parents VALUES(21926, 'Tym', 'Pablo');
INSERT INTO utilisateurs VALUES(21927, 'parent', 'Tim.Tom1927', 'kdP!"vs2l]ru4MDZ');
INSERT INTO parents VALUES(21927, 'Tim', 'Tom');
INSERT INTO utilisateurs VALUES(21928, 'parent', 'Stalinslas.Edupython1928', '^l02d!$%6|bQu,nY');
INSERT INTO parents VALUES(21928, 'Stalinslas', 'Edupython');
INSERT INTO utilisateurs VALUES(21929, 'parent', 'Juliet.Lodevie1929', 'aQOkuqb5^mYi9!C4');
INSERT INTO parents VALUES(21929, 'Juliet', 'Lodevie');
INSERT INTO utilisateurs VALUES(21930, 'parent', 'Erve.Ite1930', '2iLwr{v$BkFc.qQ(');
INSERT INTO parents VALUES(21930, 'Erve', 'Ite');
INSERT INTO utilisateurs VALUES(21931, 'parent', 'Vic.Mangesol1931', 'a)UyNbK{?nJwlBS1');
INSERT INTO parents VALUES(21931, 'Vic', 'Mangesol');
INSERT INTO utilisateurs VALUES(21932, 'parent', 'Chario.Marat1932', '+)g:_$EOzbT-wB{n');
INSERT INTO parents VALUES(21932, 'Chario', 'Marat');
INSERT INTO utilisateurs VALUES(21933, 'parent', 'Mac.Marat1933', '(8Egcy[kC+]G%xiO');
INSERT INTO parents VALUES(21933, 'Mac', 'Marat');
INSERT INTO utilisateurs VALUES(21934, 'parent', 'Stalinslas.Wifi1934', 'k,WmZ)r=fVo+|X&v');
INSERT INTO parents VALUES(21934, 'Stalinslas', 'Wifi');
INSERT INTO utilisateurs VALUES(21935, 'parent', 'Florian.Meurs1935', 'Uq[JA9$cS6d_^WCi');
INSERT INTO parents VALUES(21935, 'Florian', 'Meurs');
INSERT INTO utilisateurs VALUES(21936, 'parent', 'Tim.Pie1936', ')bF$iB/IsClKPWr@');
INSERT INTO parents VALUES(21936, 'Tim', 'Pie');
INSERT INTO utilisateurs VALUES(21937, 'parent', 'Yanni.Dordebous1937', '@i=v\^-I_!(QMD7s');
INSERT INTO parents VALUES(21937, 'Yanni', 'Dordebous');
INSERT INTO utilisateurs VALUES(21938, 'parent', 'Credito.Mangesol1938', '*K=:MrgkVC/x03,"');
INSERT INTO parents VALUES(21938, 'Credito', 'Mangesol');
INSERT INTO utilisateurs VALUES(21939, 'parent', 'Jen.Deces1939', 'QUPF@!aq)[|1Ve&*');
INSERT INTO parents VALUES(21939, 'Jen', 'Deces');
INSERT INTO utilisateurs VALUES(21940, 'parent', 'Etrique.Descartes1940', '{;<b0-o=2Udm&H#>');
INSERT INTO parents VALUES(21940, 'Etrique', 'Descartes');
INSERT INTO utilisateurs VALUES(21941, 'parent', 'Hugo.Genesis1941', 'BJ6x(F1y@TX/U.w}');
INSERT INTO parents VALUES(21941, 'Hugo', 'Genesis');
INSERT INTO utilisateurs VALUES(21942, 'parent', 'Hugo.Marat1942', '_pBA]0$wZXgn|!Ws');
INSERT INTO parents VALUES(21942, 'Hugo', 'Marat');
INSERT INTO utilisateurs VALUES(21943, 'parent', 'Tem.Lemoche1943', ':t3c>v1<qjHV]\$R');
INSERT INTO parents VALUES(21943, 'Tem', 'Lemoche');
INSERT INTO utilisateurs VALUES(21944, 'parent', 'Valeri.Lemoche1944', '@qMKV?9>T%nE;lAN');
INSERT INTO parents VALUES(21944, 'Valeri', 'Lemoche');
INSERT INTO utilisateurs VALUES(21945, 'parent', 'Prise.Avion1945', 'v:["i=K#OskTwP%@');
INSERT INTO parents VALUES(21945, 'Prise', 'Avion');
INSERT INTO utilisateurs VALUES(21946, 'parent', 'Articho.Lemoche1946', 'g{+;GK&*fPD7da09');
INSERT INTO parents VALUES(21946, 'Articho', 'Lemoche');
INSERT INTO utilisateurs VALUES(21947, 'parent', 'Mac.Genese1947', '\RKZJSH&*t<W2dnv');
INSERT INTO parents VALUES(21947, 'Mac', 'Genese');
INSERT INTO utilisateurs VALUES(21948, 'parent', 'Ugo.Unowhy1948', ':Il,K_}!BV%^Ce4=');
INSERT INTO parents VALUES(21948, 'Ugo', 'Unowhy');
INSERT INTO utilisateurs VALUES(21949, 'parent', 'Tam.Plafond1949', 'Ou82%az+];S@nt1"');
INSERT INTO parents VALUES(21949, 'Tam', 'Plafond');
INSERT INTO utilisateurs VALUES(21950, 'parent', 'Stabline.Tabulage1950', 'd)8}:Z1|e;uW5H*G');
INSERT INTO parents VALUES(21950, 'Stabline', 'Tabulage');
INSERT INTO utilisateurs VALUES(21951, 'parent', 'Jen.Unowhy1951', '-nctsR{LeCQ*b^<2');
INSERT INTO parents VALUES(21951, 'Jen', 'Unowhy');
INSERT INTO utilisateurs VALUES(21952, 'parent', 'Yassine.Tym1952', 'MT>^Xb+W:_Alt\sQ');
INSERT INTO parents VALUES(21952, 'Yassine', 'Tym');
INSERT INTO utilisateurs VALUES(21953, 'parent', 'Vic.Cremanglaise1953', 'c(_u+z{tD;]<b%=l');
INSERT INTO parents VALUES(21953, 'Vic', 'Cremanglaise');
INSERT INTO utilisateurs VALUES(21954, 'parent', 'Ugo.Oxlong1954', 'iI5zRd#?n^D*tPr"');
INSERT INTO parents VALUES(21954, 'Ugo', 'Oxlong');
INSERT INTO utilisateurs VALUES(21955, 'parent', 'Célian.Mangesol1955', 'yw;3a6nuTSIjcko5');
INSERT INTO parents VALUES(21955, 'Célian', 'Mangesol');
INSERT INTO utilisateurs VALUES(21956, 'parent', 'Tiri.Musk1956', 'lCF8>x)@Gz#iVgqL');
INSERT INTO parents VALUES(21956, 'Tiri', 'Musk');
INSERT INTO utilisateurs VALUES(21957, 'parent', 'Tabour.Lodevie1957', '-ysI*q8?Lv3${ci|');
INSERT INTO parents VALUES(21957, 'Tabour', 'Lodevie');
INSERT INTO utilisateurs VALUES(21958, 'parent', 'Credito.Veu1958', '&@W%/JFu+h\qKrlD');
INSERT INTO parents VALUES(21958, 'Credito', 'Veu');
INSERT INTO utilisateurs VALUES(21959, 'parent', 'Etrique.Bechamelle1959', '5n}iICSZo)*P>|w%');
INSERT INTO parents VALUES(21959, 'Etrique', 'Bechamelle');
INSERT INTO utilisateurs VALUES(21960, 'parent', 'Célian.Tim1960', 'Ki,{y!AL9h+d[msC');
INSERT INTO parents VALUES(21960, 'Célian', 'Tim');
INSERT INTO utilisateurs VALUES(21961, 'parent', 'Tym.Livrogne1961', 'E+Wq(CXUv\fI8*Q<');
INSERT INTO parents VALUES(21961, 'Tym', 'Livrogne');
INSERT INTO utilisateurs VALUES(21962, 'parent', 'X Æ A-Ⅻ.Lebron1962', '!GW<)wo9T.bQ[a4d');
INSERT INTO parents VALUES(21962, 'X Æ A-Ⅻ', 'Lebron');
INSERT INTO utilisateurs VALUES(21963, 'parent', 'Lumineux.Pie1963', 'y)Ri/0Lcu_&U9C>A');
INSERT INTO parents VALUES(21963, 'Lumineux', 'Pie');
INSERT INTO utilisateurs VALUES(21964, 'parent', 'Yanni.B57 PRO MAX 35001964', 'xj<Jt&,VBI@0Pzuc');
INSERT INTO parents VALUES(21964, 'Yanni', 'B57 PRO MAX 3500');
INSERT INTO utilisateurs VALUES(21965, 'parent', 'Uber.Tem1965', 'APM{0[LHz+Z5]2QJ');
INSERT INTO parents VALUES(21965, 'Uber', 'Tem');
INSERT INTO utilisateurs VALUES(21966, 'parent', 'Erve.Wifi1966', 'eF]Di;a&v7R.p![^');
INSERT INTO parents VALUES(21966, 'Erve', 'Wifi');
INSERT INTO utilisateurs VALUES(21967, 'parent', 'Tam.Epiee1967', '5_Qg!UZB=o(1FG4{');
INSERT INTO parents VALUES(21967, 'Tam', 'Epiee');
INSERT INTO utilisateurs VALUES(21968, 'parent', 'Uber.Moriarty1968', '%b-M3y#g;C5!(A]G');
INSERT INTO parents VALUES(21968, 'Uber', 'Moriarty');
INSERT INTO utilisateurs VALUES(21969, 'parent', 'Prise.Edupython1969', 'yZd#3AT5lL/J}]?i');
INSERT INTO parents VALUES(21969, 'Prise', 'Edupython');
INSERT INTO utilisateurs VALUES(21970, 'parent', 'Tym.Epiee1970', 'XO,&7bSiol<*M+5W');
INSERT INTO parents VALUES(21970, 'Tym', 'Epiee');
INSERT INTO utilisateurs VALUES(21971, 'parent', 'Bernar.Vin1971', '3|jvwSf4Xh$9M.LA');
INSERT INTO parents VALUES(21971, 'Bernar', 'Vin');
INSERT INTO utilisateurs VALUES(21972, 'parent', 'Moru.Wifi1972', '!6o]Xz0PW2|$MkA+');
INSERT INTO parents VALUES(21972, 'Moru', 'Wifi');
INSERT INTO utilisateurs VALUES(21973, 'parent', 'Célian.Tom1973', 'dw<yYo&s^HV%bn+)');
INSERT INTO parents VALUES(21973, 'Célian', 'Tom');
INSERT INTO utilisateurs VALUES(21974, 'parent', 'Meubl.Qwerty1974', 'VO(-ryE5T\@7CNHR');
INSERT INTO parents VALUES(21974, 'Meubl', 'Qwerty');
INSERT INTO utilisateurs VALUES(21975, 'parent', 'Crapo.B57 PRO MAX 35001975', 'Bbu%FLh8[ZY{q4^d');
INSERT INTO parents VALUES(21975, 'Crapo', 'B57 PRO MAX 3500');
INSERT INTO utilisateurs VALUES(21976, 'parent', 'Jean-Mohammed.Meurs1976', 'Jx8<:Z}aWud(i/[F');
INSERT INTO parents VALUES(21976, 'Jean-Mohammed', 'Meurs');
INSERT INTO utilisateurs VALUES(21977, 'parent', 'Hubert-Valéry-Patrick-Stanislas.Mière1977', 'oqu[*9klshm\RKF}');
INSERT INTO parents VALUES(21977, 'Hubert-Valéry-Patrick-Stanislas', 'Mière');
INSERT INTO utilisateurs VALUES(21978, 'parent', 'Paluche.Pabo1978', '9{(8Nnw7j|=WJg6;');
INSERT INTO parents VALUES(21978, 'Paluche', 'Pabo');
INSERT INTO utilisateurs VALUES(21979, 'parent', 'Karfour.Musk1979', '}OI-hq[fB/6Gg8w#');
INSERT INTO parents VALUES(21979, 'Karfour', 'Musk');
INSERT INTO utilisateurs VALUES(21980, 'parent', 'Meubl.Musk1980', '2Q0a8:g_6@dJXN];');
INSERT INTO parents VALUES(21980, 'Meubl', 'Musk');
INSERT INTO utilisateurs VALUES(21981, 'parent', 'Jen.Livrogne1981', 'Z4Qy1[t/u^R%6eJA');
INSERT INTO parents VALUES(21981, 'Jen', 'Livrogne');
INSERT INTO utilisateurs VALUES(21982, 'parent', 'Tim.Lebron1982', '$XfFV*RDboi60y:S');
INSERT INTO parents VALUES(21982, 'Tim', 'Lebron');
INSERT INTO utilisateurs VALUES(21983, 'parent', 'Meubl.Tam1983', '20oDI*PaN"T.%97s');
INSERT INTO parents VALUES(21983, 'Meubl', 'Tam');
INSERT INTO utilisateurs VALUES(21984, 'parent', 'Tam.Gober1984', 'S?7A"(VOLzY\9b{4');
INSERT INTO parents VALUES(21984, 'Tam', 'Gober');
INSERT INTO utilisateurs VALUES(21985, 'parent', 'Stalinslas.Vin1985', '>GJE$1%cNOxt#]u_');
INSERT INTO parents VALUES(21985, 'Stalinslas', 'Vin');
INSERT INTO utilisateurs VALUES(21986, 'parent', 'Tabour.Bluetooth1986', 'J)3h/;s2OT?Wudnc');
INSERT INTO parents VALUES(21986, 'Tabour', 'Bluetooth');
INSERT INTO utilisateurs VALUES(21987, 'parent', 'Credito.Genesis1987', ']oCzgB^O2bIN*"li');
INSERT INTO parents VALUES(21987, 'Credito', 'Genesis');
INSERT INTO utilisateurs VALUES(21988, 'parent', 'Lucien.Cremanglaise1988', '7ZhDR{U=P+Sfdv(M');
INSERT INTO parents VALUES(21988, 'Lucien', 'Cremanglaise');
INSERT INTO utilisateurs VALUES(21989, 'parent', 'Blandine.Lebeau1989', '%igzlOS[1wZ)CtsU');
INSERT INTO parents VALUES(21989, 'Blandine', 'Lebeau');
INSERT INTO utilisateurs VALUES(21990, 'parent', 'Lumineux.B57 PRO MAX 35001990', 'e)%v[g&#j{X2W+o^');
INSERT INTO parents VALUES(21990, 'Lumineux', 'B57 PRO MAX 3500');
INSERT INTO utilisateurs VALUES(21991, 'parent', 'Jen.Descartes1991', '^Ff5:b-86QBT4_\#');
INSERT INTO parents VALUES(21991, 'Jen', 'Descartes');
INSERT INTO utilisateurs VALUES(21992, 'parent', 'Raphaël.Lemoche1992', 'bVkR[p,>xK.^IDzf');
INSERT INTO parents VALUES(21992, 'Raphaël', 'Lemoche');
INSERT INTO utilisateurs VALUES(21993, 'parent', 'Stalinslas.Ikea1993', 'Ag^GtU?N.:WQ"o>H');
INSERT INTO parents VALUES(21993, 'Stalinslas', 'Ikea');
INSERT INTO utilisateurs VALUES(21994, 'parent', 'Nathanaël.Mangesol1994', '1y*VQ,P]X_?+vKBS');
INSERT INTO parents VALUES(21994, 'Nathanaël', 'Mangesol');
INSERT INTO utilisateurs VALUES(21995, 'parent', 'Erve.Tem1995', '=+?D"5m,czKbukN%');
INSERT INTO parents VALUES(21995, 'Erve', 'Tem');
INSERT INTO utilisateurs VALUES(21996, 'parent', 'Pablo.Ou1996', 'cd{]TuO%tjGxZqg-');
INSERT INTO parents VALUES(21996, 'Pablo', 'Ou');
INSERT INTO utilisateurs VALUES(21997, 'parent', 'Lucien.Mangesol1997', 'JDzv10s6aV5A"Hcm');
INSERT INTO parents VALUES(21997, 'Lucien', 'Mangesol');
INSERT INTO utilisateurs VALUES(21998, 'parent', 'Crapo.Vin1998', '(:5DbEF#1&d=?)V4');
INSERT INTO parents VALUES(21998, 'Crapo', 'Vin');
INSERT INTO utilisateurs VALUES(21999, 'parent', 'Meubl.Wifi1999', 'F[-_#5X\RSZqlAVG');
INSERT INTO parents VALUES(21999, 'Meubl', 'Wifi');
INSERT INTO utilisateurs VALUES(22000, 'parent', 'Ugo.Gober2000', 'sw:^TCO(V1-GQb>)');
INSERT INTO parents VALUES(22000, 'Ugo', 'Gober');
INSERT INTO utilisateurs VALUES(22001, 'parent', 'Stanyshlasse.Ikea2001', 'XbP>1yzY-sV*Qmx(');
INSERT INTO parents VALUES(22001, 'Stanyshlasse', 'Ikea');
INSERT INTO utilisateurs VALUES(22002, 'parent', 'Yanni.Meurs2002', '>$RX&ykA]=I3vKD/');
INSERT INTO parents VALUES(22002, 'Yanni', 'Meurs');
INSERT INTO utilisateurs VALUES(22003, 'parent', 'Yanni.Lustre2003', 'd%u28?Le3+*#"cDG');
INSERT INTO parents VALUES(22003, 'Yanni', 'Lustre');
INSERT INTO utilisateurs VALUES(22004, 'parent', 'Skwizy.Tabulage2004', 'T]-6_ZqW%LuP8Ifw');
INSERT INTO parents VALUES(22004, 'Skwizy', 'Tabulage');
INSERT INTO utilisateurs VALUES(22005, 'parent', 'Thanzile.Epiee2005', 'S#k?)=R-u42L&FJ8');
INSERT INTO parents VALUES(22005, 'Thanzile', 'Epiee');
INSERT INTO utilisateurs VALUES(22006, 'parent', 'Moru.Duc de Montmorency2006', '+n/@%R*5e9_8ljCE');
INSERT INTO parents VALUES(22006, 'Moru', 'Duc de Montmorency');
INSERT INTO utilisateurs VALUES(22007, 'parent', 'Loui.Lubrique2007', ':56?>IWivnx<z-lT');
INSERT INTO parents VALUES(22007, 'Loui', 'Lubrique');
INSERT INTO utilisateurs VALUES(22008, 'parent', 'Yanni.Veu2008', '\#d$i7uDX:E4k!&^');
INSERT INTO parents VALUES(22008, 'Yanni', 'Veu');
INSERT INTO utilisateurs VALUES(22009, 'parent', 'Prise.Piloti2009', 'J$QYv2k-VhC1s%&8');
INSERT INTO parents VALUES(22009, 'Prise', 'Piloti');
INSERT INTO utilisateurs VALUES(22010, 'parent', 'Erve.Tum2010', 'o9<|W8]mLc->l)d}');
INSERT INTO parents VALUES(22010, 'Erve', 'Tum');
INSERT INTO utilisateurs VALUES(22011, 'parent', 'Articho.Tum2011', '+|O#9@M%4>\bosWE');
INSERT INTO parents VALUES(22011, 'Articho', 'Tum');
INSERT INTO utilisateurs VALUES(22012, 'parent', 'Karfour.Tabulage2012', 'iw"^4\)PWdNfU+lb');
INSERT INTO parents VALUES(22012, 'Karfour', 'Tabulage');
INSERT INTO utilisateurs VALUES(22013, 'parent', 'Loui.Suroderable2013', '\fG#{.Iz7p<]}D=g');
INSERT INTO parents VALUES(22013, 'Loui', 'Suroderable');
INSERT INTO utilisateurs VALUES(22014, 'parent', 'Romain.Genese2014', 'ZD[$?K7UNeH;\Qx1');
INSERT INTO parents VALUES(22014, 'Romain', 'Genese');
INSERT INTO utilisateurs VALUES(22015, 'parent', 'Jean-Eune.Lemoche2015', 'qd,(3;9b+g7f.|nW');
INSERT INTO parents VALUES(22015, 'Jean-Eune', 'Lemoche');
INSERT INTO utilisateurs VALUES(22016, 'parent', 'Jean-Eune.Pabo2016', '5t{gWd@XF_an%\s&');
INSERT INTO parents VALUES(22016, 'Jean-Eune', 'Pabo');
INSERT INTO utilisateurs VALUES(22017, 'parent', 'Pablo.Avion2017', 'zYm]^P-D&[|}T"a=');
INSERT INTO parents VALUES(22017, 'Pablo', 'Avion');
INSERT INTO utilisateurs VALUES(22018, 'parent', 'Skwizy.Bechamelle2018', 'dZn>?CoqAJz[hkR4');
INSERT INTO parents VALUES(22018, 'Skwizy', 'Bechamelle');
INSERT INTO utilisateurs VALUES(22019, 'parent', 'Yassine.Tom2019', 'b:(^Ik.X<vPf$>7j');
INSERT INTO parents VALUES(22019, 'Yassine', 'Tom');
INSERT INTO utilisateurs VALUES(22020, 'parent', 'Deliver.Vin2020', 'Oh;jCu^L]#Vc@l(E');
INSERT INTO parents VALUES(22020, 'Deliver', 'Vin');
INSERT INTO utilisateurs VALUES(22021, 'parent', 'Tom.Lubrique2021', 'Xt+q|kMsx;fIJW^#');
INSERT INTO parents VALUES(22021, 'Tom', 'Lubrique');
INSERT INTO utilisateurs VALUES(22022, 'parent', 'Pablo.Tym2022', '[l$:u>xn,ZGd.q8S');
INSERT INTO parents VALUES(22022, 'Pablo', 'Tym');
INSERT INTO utilisateurs VALUES(22023, 'parent', 'Maxence.Avion2023', '&wi:_Y?lJ|xqgc7j');
INSERT INTO parents VALUES(22023, 'Maxence', 'Avion');
INSERT INTO utilisateurs VALUES(22024, 'parent', 'Thomes.Tem2024', '-hkFC3XuWUbz6+}>');
INSERT INTO parents VALUES(22024, 'Thomes', 'Tem');
INSERT INTO utilisateurs VALUES(22025, 'parent', 'Lumineux.Descartes2025', '?9nHJcS\"D$|y{*^');
INSERT INTO parents VALUES(22025, 'Lumineux', 'Descartes');
INSERT INTO utilisateurs VALUES(22026, 'parent', 'Etrique.Pie2026', '(yl}K%@zU.aF_30p');
INSERT INTO parents VALUES(22026, 'Etrique', 'Pie');
INSERT INTO utilisateurs VALUES(22027, 'parent', 'Valeri.Descartes2027', '0k+6Q;@>273WD}uU');
INSERT INTO parents VALUES(22027, 'Valeri', 'Descartes');
INSERT INTO utilisateurs VALUES(22028, 'parent', 'Thanzile.Tom2028', 'ZB6b\mG<)k}c2[9H');
INSERT INTO parents VALUES(22028, 'Thanzile', 'Tom');
INSERT INTO utilisateurs VALUES(22029, 'parent', 'Meubl.Cremanglaise2029', 'wbm\0rSa*^v1(8MK');
INSERT INTO parents VALUES(22029, 'Meubl', 'Cremanglaise');
INSERT INTO utilisateurs VALUES(22030, 'parent', 'Raphaël.Lodevie2030', 'H|U@GSe:AL[y)+gO');
INSERT INTO parents VALUES(22030, 'Raphaël', 'Lodevie');
INSERT INTO utilisateurs VALUES(22031, 'parent', 'Pabo.Lebeau2031', 'ciNo,(<XC;p8J.d?');
INSERT INTO parents VALUES(22031, 'Pabo', 'Lebeau');
INSERT INTO utilisateurs VALUES(22032, 'parent', 'Tum.Avion2032', 'fHye&3\.qD7]r6[b');
INSERT INTO parents VALUES(22032, 'Tum', 'Avion');
INSERT INTO utilisateurs VALUES(22033, 'parent', 'Hubert-Valéry-Patrick-Stanislas.Lebeau2033', 'Jpf*\^{r,jBC/uEU');
INSERT INTO parents VALUES(22033, 'Hubert-Valéry-Patrick-Stanislas', 'Lebeau');
INSERT INTO utilisateurs VALUES(22034, 'parent', 'Articho.B57 PRO MAX 35002034', 'fwxPz6u#^NH$g/Ya');
INSERT INTO parents VALUES(22034, 'Articho', 'B57 PRO MAX 3500');
INSERT INTO utilisateurs VALUES(22035, 'parent', 'Raphaël.Gif2035', 'XkIQ*+>.SOnu$1C[');
INSERT INTO parents VALUES(22035, 'Raphaël', 'Gif');
INSERT INTO utilisateurs VALUES(22036, 'parent', 'Tam.Edupython2036', 'xfDL}BF;Ip9bGa,|');
INSERT INTO parents VALUES(22036, 'Tam', 'Edupython');
INSERT INTO utilisateurs VALUES(22037, 'parent', 'Tim.Genepi2037', '-qVhLwBQolv;W+Dn');
INSERT INTO parents VALUES(22037, 'Tim', 'Genepi');
INSERT INTO utilisateurs VALUES(22038, 'parent', 'Karfour.Meurs2038', '7r]BC!M.woYnSKgT');
INSERT INTO parents VALUES(22038, 'Karfour', 'Meurs');
INSERT INTO utilisateurs VALUES(22039, 'parent', 'Credito.Plafond2039', 'g>4Bv(J_Y;I|kS&s');
INSERT INTO parents VALUES(22039, 'Credito', 'Plafond');
INSERT INTO utilisateurs VALUES(22040, 'parent', 'Meubl.Piloti2040', 'T+fvK*N=DRn9&@mU');
INSERT INTO parents VALUES(22040, 'Meubl', 'Piloti');
INSERT INTO utilisateurs VALUES(22041, 'parent', 'Tim.Ikea2041', 'G{"FC?\l2}dxsAc,');
INSERT INTO parents VALUES(22041, 'Tim', 'Ikea');
INSERT INTO utilisateurs VALUES(22042, 'parent', 'Juliet.Unowhy2042', ',RTd[pcQs/;bz(IL');
INSERT INTO parents VALUES(22042, 'Juliet', 'Unowhy');
INSERT INTO utilisateurs VALUES(22043, 'parent', 'Deliver.Deces2043', '/Y^)$*24!pmcJ_#{');
INSERT INTO parents VALUES(22043, 'Deliver', 'Deces');
INSERT INTO utilisateurs VALUES(22044, 'parent', 'Romain.Plafond2044', 'IegbL&<1t6z.YX^W');
INSERT INTO parents VALUES(22044, 'Romain', 'Plafond');
INSERT INTO utilisateurs VALUES(22045, 'parent', 'Jen.Pablo2045', 'W-+9rz/EsVb)">Ik');
INSERT INTO parents VALUES(22045, 'Jen', 'Pablo');
INSERT INTO utilisateurs VALUES(22046, 'parent', 'Tiri.Bluetooth2046', 'bQM,?"VgZ=$eERjs');
INSERT INTO parents VALUES(22046, 'Tiri', 'Bluetooth');
INSERT INTO utilisateurs VALUES(22047, 'parent', 'Hubert-Valéry-Patrick-Stanislas.Moriarty2047', 'e;4EYhjcg>3LWw(5');
INSERT INTO parents VALUES(22047, 'Hubert-Valéry-Patrick-Stanislas', 'Moriarty');
INSERT INTO utilisateurs VALUES(22048, 'parent', 'Stabline.Suke2048', ')uwo_Rk!tenmd0T*');
INSERT INTO parents VALUES(22048, 'Stabline', 'Suke');
INSERT INTO utilisateurs VALUES(22049, 'parent', 'Jonathan.Tym2049', 'n{>.i5$!rdh]s3Cw');
INSERT INTO parents VALUES(22049, 'Jonathan', 'Tym');
INSERT INTO utilisateurs VALUES(22050, 'parent', 'Valeri.Azerty2050', '1cCj{h(98%+\zAHm');
INSERT INTO parents VALUES(22050, 'Valeri', 'Azerty');
INSERT INTO utilisateurs VALUES(22051, 'parent', 'Deliver.Azerty2051', '7[e.AQ*j)vVbHzIs');
INSERT INTO parents VALUES(22051, 'Deliver', 'Azerty');
INSERT INTO utilisateurs VALUES(22052, 'parent', 'Pabo.Epiee2052', 'FfkuACTSc(RPEa$s');
INSERT INTO parents VALUES(22052, 'Pabo', 'Epiee');
INSERT INTO utilisateurs VALUES(22053, 'parent', 'Paluche.Meurs2053', '"LIN>Em\s(3p!f+i');
INSERT INTO parents VALUES(22053, 'Paluche', 'Meurs');
INSERT INTO utilisateurs VALUES(22054, 'parent', 'Erve.Unowhy2054', 'jb;\.(|eNdQL6$V:');
INSERT INTO parents VALUES(22054, 'Erve', 'Unowhy');
INSERT INTO utilisateurs VALUES(22055, 'parent', 'Thomes.Bechamelle2055', '=JouY\ImpRMZidG}');
INSERT INTO parents VALUES(22055, 'Thomes', 'Bechamelle');
INSERT INTO utilisateurs VALUES(22056, 'parent', 'Yassine.Ite2056', 'l/YIv{G,-[|xV+=.');
INSERT INTO parents VALUES(22056, 'Yassine', 'Ite');
INSERT INTO utilisateurs VALUES(22057, 'parent', 'Stanyshlasse.Tym2057', 'J|r4s2Z.j>lBR=e3');
INSERT INTO parents VALUES(22057, 'Stanyshlasse', 'Tym');
INSERT INTO utilisateurs VALUES(22058, 'parent', 'Loui.Pablo2058', 'OC}F[/tHk<pw>ya^');
INSERT INTO parents VALUES(22058, 'Loui', 'Pablo');
INSERT INTO utilisateurs VALUES(22059, 'parent', 'Tabour.Moriarty2059', 'Xn?M9)qb7=dT>a;3');
INSERT INTO parents VALUES(22059, 'Tabour', 'Moriarty');
INSERT INTO utilisateurs VALUES(22060, 'parent', 'Lumineux.Piloti2060', 'O1M:e.q|/EgIJD3K');
INSERT INTO parents VALUES(22060, 'Lumineux', 'Piloti');
INSERT INTO utilisateurs VALUES(22061, 'parent', 'Vic.Piloti2061', '\|/yUu}pM[XjOHsZ');
INSERT INTO parents VALUES(22061, 'Vic', 'Piloti');
INSERT INTO utilisateurs VALUES(22062, 'parent', 'Mac.Azerty2062', 'je]6ibp?OT4t-2Mz');
INSERT INTO parents VALUES(22062, 'Mac', 'Azerty');
INSERT INTO utilisateurs VALUES(22063, 'parent', 'Tim.Lebeau2063', 'H}=dF>Xo_Lgm6ze@');
INSERT INTO parents VALUES(22063, 'Tim', 'Lebeau');
INSERT INTO utilisateurs VALUES(22064, 'parent', 'Lumineux.Geneve2064', '{>tmb0hHPRvGV?(J');
INSERT INTO parents VALUES(22064, 'Lumineux', 'Geneve');
INSERT INTO utilisateurs VALUES(22065, 'parent', 'Yanni.Lubrique2065', ';ojIb.-4#{ZEOaft');
INSERT INTO parents VALUES(22065, 'Yanni', 'Lubrique');
INSERT INTO utilisateurs VALUES(22066, 'parent', 'Desirade.Lebron2066', '}Q^AFS8&Gaqze0vZ');
INSERT INTO parents VALUES(22066, 'Desirade', 'Lebron');
INSERT INTO utilisateurs VALUES(22067, 'parent', 'Pablo.Pipe2067', 'HC,ImPR)iugfeQ(Z');
INSERT INTO parents VALUES(22067, 'Pablo', 'Pipe');
INSERT INTO utilisateurs VALUES(22068, 'parent', 'Skwizy.Market2068', '^[DdrXUn+KLTf|&.');
INSERT INTO parents VALUES(22068, 'Skwizy', 'Market');
INSERT INTO utilisateurs VALUES(22069, 'parent', 'Stalinslas.Tim2069', 'U_YjF<^;N>)wH,vA');
INSERT INTO parents VALUES(22069, 'Stalinslas', 'Tim');
INSERT INTO utilisateurs VALUES(22070, 'parent', 'Deliver.Pabo2070', 'htH;U=(Af8q!n]#5');
INSERT INTO parents VALUES(22070, 'Deliver', 'Pabo');
INSERT INTO utilisateurs VALUES(22071, 'parent', 'X Æ A-Ⅻ.Bluetooth2071', ',sKr)LUP!w#|v8eo');
INSERT INTO parents VALUES(22071, 'X Æ A-Ⅻ', 'Bluetooth');
INSERT INTO utilisateurs VALUES(22072, 'parent', 'Valeri.Lebron2072', '|9yUnx8V@"T,+{}R');
INSERT INTO parents VALUES(22072, 'Valeri', 'Lebron');
INSERT INTO utilisateurs VALUES(22073, 'parent', 'Tim.Mangesol2073', 'a%dm}rWy|/YuzUVN');
INSERT INTO parents VALUES(22073, 'Tim', 'Mangesol');
INSERT INTO utilisateurs VALUES(22074, 'parent', 'Lumineux.Bechamelle2074', ')_{x}7$9QpJH&MwS');
INSERT INTO parents VALUES(22074, 'Lumineux', 'Bechamelle');
INSERT INTO utilisateurs VALUES(22075, 'parent', 'Vic.Deces2075', 'L;2_*CN"w>Jv3UjF');
INSERT INTO parents VALUES(22075, 'Vic', 'Deces');
INSERT INTO utilisateurs VALUES(22076, 'parent', 'Valeri.Veu2076', 'h2f}7_VngK\uMN=[');
INSERT INTO parents VALUES(22076, 'Valeri', 'Veu');
INSERT INTO utilisateurs VALUES(22077, 'parent', 'Mac.Descartes2077', '9Q2M&LW>1kjy!:J%');
INSERT INTO parents VALUES(22077, 'Mac', 'Descartes');
INSERT INTO utilisateurs VALUES(22078, 'parent', 'Maxence.Plafond2078', ',[Z(oDBdqE?3r^48');
INSERT INTO parents VALUES(22078, 'Maxence', 'Plafond');
INSERT INTO utilisateurs VALUES(22079, 'parent', 'Stabline.Sus2079', '43s|/5#!\gn*jeU(');
INSERT INTO parents VALUES(22079, 'Stabline', 'Sus');
INSERT INTO utilisateurs VALUES(22080, 'parent', 'Moru.Electrique2080', 'Xf#q02SO[n9jL5QH');
INSERT INTO parents VALUES(22080, 'Moru', 'Electrique');
INSERT INTO utilisateurs VALUES(22081, 'parent', 'Tim.Moriarty2081', '<-a&#)t$Fk5mn]zg');
INSERT INTO parents VALUES(22081, 'Tim', 'Moriarty');
INSERT INTO utilisateurs VALUES(22082, 'parent', 'Sintia.Genesis2082', '^@oAh#Mur!Kf?)3e');
INSERT INTO parents VALUES(22082, 'Sintia', 'Genesis');
INSERT INTO utilisateurs VALUES(22083, 'parent', 'Erve.Gif2083', 'C?WU5-Gb;n1Y(Fjf');
INSERT INTO parents VALUES(22083, 'Erve', 'Gif');
INSERT INTO utilisateurs VALUES(22084, 'parent', 'Tim.Suroderable2084', '7eOU.TVQWhG6(=i1');
INSERT INTO parents VALUES(22084, 'Tim', 'Suroderable');
INSERT INTO utilisateurs VALUES(22085, 'parent', 'Credito.Cremanglaise2085', '_>rpKLc?t1dI9+Qi');
INSERT INTO parents VALUES(22085, 'Credito', 'Cremanglaise');
INSERT INTO utilisateurs VALUES(22086, 'parent', 'Jean-Eune.Geneve2086', 'XoAvq1y7Hc3>J@wB');
INSERT INTO parents VALUES(22086, 'Jean-Eune', 'Geneve');
INSERT INTO utilisateurs VALUES(22087, 'parent', 'Karfour.Mière2087', 'Bl#M=fW6e"X2<4A|');
INSERT INTO parents VALUES(22087, 'Karfour', 'Mière');
INSERT INTO utilisateurs VALUES(22088, 'parent', 'Juliet.Tim2088', 'HyMSWzplFI@4JZ"5');
INSERT INTO parents VALUES(22088, 'Juliet', 'Tim');
INSERT INTO utilisateurs VALUES(22089, 'parent', 'Tabour.Bechamelle2089', 's1.Hr}&ND=fz<Ag*');
INSERT INTO parents VALUES(22089, 'Tabour', 'Bechamelle');
INSERT INTO utilisateurs VALUES(22090, 'parent', 'Tym.Dordebous2090', '$ij9O!F-{wzp,E=|');
INSERT INTO parents VALUES(22090, 'Tym', 'Dordebous');
INSERT INTO utilisateurs VALUES(22091, 'parent', 'Tiri.B57 PRO MAX 35002091', ':6R8l,VuMwKJ5tBp');
INSERT INTO parents VALUES(22091, 'Tiri', 'B57 PRO MAX 3500');
INSERT INTO utilisateurs VALUES(22092, 'parent', 'Uber.Sus2092', '%/(jl^?daQgn=o9c');
INSERT INTO parents VALUES(22092, 'Uber', 'Sus');
INSERT INTO utilisateurs VALUES(22093, 'parent', 'Stanyshlasse.Tabulage2093', 'jfEN6n0gctxzG%P;');
INSERT INTO parents VALUES(22093, 'Stanyshlasse', 'Tabulage');
INSERT INTO utilisateurs VALUES(22094, 'parent', 'Credito.Suke2094', 'Q<q$Zi-@6!B"=Ic#');
INSERT INTO parents VALUES(22094, 'Credito', 'Suke');
INSERT INTO utilisateurs VALUES(22095, 'parent', 'Tum.Tum2095', 'l.5G=AT|D6N("d[n');
INSERT INTO parents VALUES(22095, 'Tum', 'Tum');
INSERT INTO utilisateurs VALUES(22096, 'parent', 'Nathanaël.Lebron2096', 'k>4g@(iQ=au2^t"5');
INSERT INTO parents VALUES(22096, 'Nathanaël', 'Lebron');
INSERT INTO utilisateurs VALUES(22097, 'parent', 'Lumineux.Tabulage2097', 'v{q[nxL#TIO!>X+y');
INSERT INTO parents VALUES(22097, 'Lumineux', 'Tabulage');
INSERT INTO utilisateurs VALUES(22098, 'parent', 'X Æ A-Ⅻ.Tim2098', 'jL+W/oKAI\f"Qyc.');
INSERT INTO parents VALUES(22098, 'X Æ A-Ⅻ', 'Tim');
INSERT INTO utilisateurs VALUES(22099, 'parent', 'Romain.Duc de Montmorency2099', '!&qf6tOxek%cL+E(');
INSERT INTO parents VALUES(22099, 'Romain', 'Duc de Montmorency');
INSERT INTO utilisateurs VALUES(30000, 'professeur', 'Yassine.Bluetooth000', 'r5&Me?!P=c6dQZR,');
INSERT INTO professeurs VALUES(30000, 'Yassine', 'Bluetooth');
INSERT INTO utilisateurs VALUES(30001, 'professeur', 'Loui.Dordebous001', 'm(nNC1.-7Zx\y}t?');
INSERT INTO professeurs VALUES(30001, 'Loui', 'Dordebous');
INSERT INTO utilisateurs VALUES(30002, 'professeur', 'Romain.Tym002', 'Uqeo!|"GjI.EfBLr');
INSERT INTO professeurs VALUES(30002, 'Romain', 'Tym');
INSERT INTO utilisateurs VALUES(30003, 'professeur', 'Thanzile.Lubrique003', 't\)3yw7Pac1,#!2f');
INSERT INTO professeurs VALUES(30003, 'Thanzile', 'Lubrique');
INSERT INTO utilisateurs VALUES(30004, 'professeur', 'X Æ A-Ⅻ.Nutella004', ';5f}Vgi[Aq/zts*-');
INSERT INTO professeurs VALUES(30004, 'X Æ A-Ⅻ', 'Nutella');
INSERT INTO utilisateurs VALUES(30005, 'professeur', 'Juliet.Ikea005', 'Ma@IGl}_|L9U0zWe');
INSERT INTO professeurs VALUES(30005, 'Juliet', 'Ikea');
INSERT INTO utilisateurs VALUES(30006, 'professeur', 'Hubert-Valéry-Patrick-Stanislas.Bechamelle006', 'q]NYSLac"}HE_tu)');
INSERT INTO professeurs VALUES(30006, 'Hubert-Valéry-Patrick-Stanislas', 'Bechamelle');
INSERT INTO utilisateurs VALUES(30007, 'professeur', 'Florian.Tum007', '!x}z@R^\5_D9npO6');
INSERT INTO professeurs VALUES(30007, 'Florian', 'Tum');
INSERT INTO utilisateurs VALUES(30008, 'professeur', 'Florian.Tym008', 'Ig1E<]Z=3XKFLq?s');
INSERT INTO professeurs VALUES(30008, 'Florian', 'Tym');
INSERT INTO utilisateurs VALUES(30009, 'professeur', 'Blandine.Suke009', '3s-QNa;qvjGoklhn');
INSERT INTO professeurs VALUES(30009, 'Blandine', 'Suke');
INSERT INTO utilisateurs VALUES(30010, 'professeur', 'Erve.Lebron010', '\E})|Uv2W%_/<Z5m');
INSERT INTO professeurs VALUES(30010, 'Erve', 'Lebron');
INSERT INTO utilisateurs VALUES(30011, 'professeur', 'Raphaël.Wifi011', 'g[w7NRi=e#/\@d5b');
INSERT INTO professeurs VALUES(30011, 'Raphaël', 'Wifi');
INSERT INTO utilisateurs VALUES(30012, 'professeur', 'Célian.Wifi012', '>^O-C.TEKI,0wak<');
INSERT INTO professeurs VALUES(30012, 'Célian', 'Wifi');
INSERT INTO utilisateurs VALUES(30013, 'professeur', 'Chario.Pipe013', '^6|aGI0kD=sT7}+Q');
INSERT INTO professeurs VALUES(30013, 'Chario', 'Pipe');
INSERT INTO utilisateurs VALUES(30014, 'professeur', 'Meubl.Pipe014', 'A0{JedMD.hjl&9,6');
INSERT INTO professeurs VALUES(30014, 'Meubl', 'Pipe');
INSERT INTO utilisateurs VALUES(30015, 'professeur', 'Amogus.Genesis015', '5nSK=?)6{h7fZaUt');
INSERT INTO professeurs VALUES(30015, 'Amogus', 'Genesis');
INSERT INTO utilisateurs VALUES(30016, 'professeur', 'Stabline.Musk016', 'rd7E.T4Pb{sl"i5k');
INSERT INTO professeurs VALUES(30016, 'Stabline', 'Musk');
INSERT INTO utilisateurs VALUES(30017, 'professeur', 'Tem.Lebeau017', '&<I9KE084y>D/zh[');
INSERT INTO professeurs VALUES(30017, 'Tem', 'Lebeau');
INSERT INTO utilisateurs VALUES(30018, 'professeur', 'Candys-Noémie.Plafond018', '^IwS$l<-*fgAN,HZ');
INSERT INTO professeurs VALUES(30018, 'Candys-Noémie', 'Plafond');
INSERT INTO utilisateurs VALUES(30019, 'professeur', 'Moru.Epiee019', '=8i<>qFV%+9_PsXO');
INSERT INTO professeurs VALUES(30019, 'Moru', 'Epiee');
INSERT INTO utilisateurs VALUES(30020, 'professeur', 'Desirade.Geneve020', 'ig%f<37zh.ARbx>l');
INSERT INTO professeurs VALUES(30020, 'Desirade', 'Geneve');
INSERT INTO utilisateurs VALUES(30021, 'professeur', 'Lumineux.Electrique021', 'XJQ}"G*?,vLFZqg]');
INSERT INTO professeurs VALUES(30021, 'Lumineux', 'Electrique');
INSERT INTO utilisateurs VALUES(30022, 'professeur', 'Meubl.Meurs022', '%_mn]x7)G+esKN-|');
INSERT INTO professeurs VALUES(30022, 'Meubl', 'Meurs');
INSERT INTO utilisateurs VALUES(30023, 'professeur', 'Maxence.Oxlong023', '!hqIT-_G%pxw#HVd');
INSERT INTO professeurs VALUES(30023, 'Maxence', 'Oxlong');
INSERT INTO utilisateurs VALUES(30024, 'professeur', 'Thomes.Genesis024', 'BkXcz<r4nw^)%$:@');
INSERT INTO professeurs VALUES(30024, 'Thomes', 'Genesis');
INSERT INTO utilisateurs VALUES(30025, 'professeur', 'Stalinslas.Veu025', 'UA%w6x^(NMr{Vj=/');
INSERT INTO professeurs VALUES(30025, 'Stalinslas', 'Veu');
INSERT INTO utilisateurs VALUES(30026, 'professeur', 'Valeri.Lubrique026', 'qa(RhlQ6v@LTy-G*');
INSERT INTO professeurs VALUES(30026, 'Valeri', 'Lubrique');
INSERT INTO utilisateurs VALUES(30027, 'professeur', 'Tom.Descartes027', '8j;#H7Av_LY&NT5R');
INSERT INTO professeurs VALUES(30027, 'Tom', 'Descartes');
INSERT INTO utilisateurs VALUES(30028, 'professeur', 'Bernar.Geneve028', 'N&/yl<6Vdi[]vmDp');
INSERT INTO professeurs VALUES(30028, 'Bernar', 'Geneve');
INSERT INTO utilisateurs VALUES(30029, 'professeur', 'Erve.Duc de Montmorency029', '"_!f9}G;o,y|Ke^D');
INSERT INTO professeurs VALUES(30029, 'Erve', 'Duc de Montmorency');
INSERT INTO utilisateurs VALUES(30030, 'professeur', 'Stabline.Duc de Montmorency030', 'PyS]V[f>8$LAQ_Hu');
INSERT INTO professeurs VALUES(30030, 'Stabline', 'Duc de Montmorency');
INSERT INTO utilisateurs VALUES(30031, 'professeur', 'Crapo.Ou031', '@sk*43&1=rlU>dG^');
INSERT INTO professeurs VALUES(30031, 'Crapo', 'Ou');
INSERT INTO utilisateurs VALUES(30032, 'professeur', 'Jen.Marat032', '%O1QcxNKCfyiI6|_');
INSERT INTO professeurs VALUES(30032, 'Jen', 'Marat');
INSERT INTO utilisateurs VALUES(30033, 'professeur', 'Thomes.Wifi033', 'uE7lg"Q<w^SkB+8t');
INSERT INTO professeurs VALUES(30033, 'Thomes', 'Wifi');
INSERT INTO utilisateurs VALUES(30034, 'professeur', 'Blandine.Tom034', 'ZfMA+yV6r${;gqY&');
INSERT INTO professeurs VALUES(30034, 'Blandine', 'Tom');
INSERT INTO utilisateurs VALUES(30035, 'professeur', 'Mac.Suroderable035', 'ml[]{;fo#B=}!WZE');
INSERT INTO professeurs VALUES(30035, 'Mac', 'Suroderable');
INSERT INTO utilisateurs VALUES(30036, 'professeur', 'Tem.Lustre036', '[Os)}F.f:c2T,-<(');
INSERT INTO professeurs VALUES(30036, 'Tem', 'Lustre');
INSERT INTO utilisateurs VALUES(30037, 'professeur', 'Jean-Mohammed.Epiee037', '/q:c_*-#V8A7ox)N');
INSERT INTO professeurs VALUES(30037, 'Jean-Mohammed', 'Epiee');
INSERT INTO utilisateurs VALUES(30038, 'professeur', 'Candys-Noémie.Deces038', 'jS+7YVH(p4Gg;}8,');
INSERT INTO professeurs VALUES(30038, 'Candys-Noémie', 'Deces');
INSERT INTO utilisateurs VALUES(30039, 'professeur', 'Vic.Tum039', 'sBzTH}4ImXrdU]xp');
INSERT INTO professeurs VALUES(30039, 'Vic', 'Tum');
INSERT INTO utilisateurs VALUES(30040, 'professeur', 'Yanni.Ou040', 'jD|CM{0x@}1vyb#:');
INSERT INTO professeurs VALUES(30040, 'Yanni', 'Ou');
INSERT INTO utilisateurs VALUES(30041, 'professeur', 'Tem.Bechamelle041', 'G+vnu,wHZehRC*cq');
INSERT INTO professeurs VALUES(30041, 'Tem', 'Bechamelle');
INSERT INTO utilisateurs VALUES(30042, 'professeur', 'Desirade.Tum042', '|UO-@ThK20&N#iap');
INSERT INTO professeurs VALUES(30042, 'Desirade', 'Tum');
INSERT INTO utilisateurs VALUES(30043, 'professeur', 'Chario.Pabo043', 'q/\Ke(yTYVCska$2');
INSERT INTO professeurs VALUES(30043, 'Chario', 'Pabo');
INSERT INTO utilisateurs VALUES(30044, 'professeur', 'Tiri.Gober044', '4c,aTQqH[K6S$sw_');
INSERT INTO professeurs VALUES(30044, 'Tiri', 'Gober');
INSERT INTO utilisateurs VALUES(30045, 'professeur', 'Chario.Mangesol045', '2xejbZ8c"J#/l;!L');
INSERT INTO professeurs VALUES(30045, 'Chario', 'Mangesol');
INSERT INTO utilisateurs VALUES(30046, 'professeur', 'Paluche.Edupython046', '6)&l}Y!HhUcnM8JG');
INSERT INTO professeurs VALUES(30046, 'Paluche', 'Edupython');
INSERT INTO utilisateurs VALUES(30047, 'professeur', 'Desirade.Descartes047', '*/mw,[#V0<RMb_2j');
INSERT INTO professeurs VALUES(30047, 'Desirade', 'Descartes');
INSERT INTO utilisateurs VALUES(30048, 'professeur', 'Jen.Tem048', '5}>]4X?lo@P6s)8-');
INSERT INTO professeurs VALUES(30048, 'Jen', 'Tem');
INSERT INTO utilisateurs VALUES(30049, 'professeur', 'Bernar.Azerty049', 'W7]i)J;Oy8BIL2mx');
INSERT INTO professeurs VALUES(30049, 'Bernar', 'Azerty');
INSERT INTO utilisateurs VALUES(30050, 'professeur', 'Pablo.Genepi050', 'xKip4QmAG%P|Y&5/');
INSERT INTO professeurs VALUES(30050, 'Pablo', 'Genepi');
INSERT INTO utilisateurs VALUES(30051, 'professeur', 'Amogus.Mangesol051', 'ZH;pufITi\lWAX=v');
INSERT INTO professeurs VALUES(30051, 'Amogus', 'Mangesol');
INSERT INTO utilisateurs VALUES(30052, 'professeur', 'Chario.Moriarty052', '>$<qEZReF:rzC35A');
INSERT INTO professeurs VALUES(30052, 'Chario', 'Moriarty');
INSERT INTO utilisateurs VALUES(30053, 'professeur', 'Bernar.Nutella053', '1V.YCx^7yf%QUWzM');
INSERT INTO professeurs VALUES(30053, 'Bernar', 'Nutella');
INSERT INTO utilisateurs VALUES(30054, 'professeur', 'Juliet.Lebron054', 'z3)5$#V@1N%-[?AM');
INSERT INTO professeurs VALUES(30054, 'Juliet', 'Lebron');
INSERT INTO utilisateurs VALUES(30055, 'professeur', 'Valeri.Livrogne055', 'nSfZ!14Rlk(NL_,-');
INSERT INTO professeurs VALUES(30055, 'Valeri', 'Livrogne');
INSERT INTO utilisateurs VALUES(30056, 'professeur', 'Uberite.Lodevie056', 'HmYf9eZ">j_nwv/^');
INSERT INTO professeurs VALUES(30056, 'Uberite', 'Lodevie');
INSERT INTO utilisateurs VALUES(30057, 'professeur', 'Thanzile.Moriarty057', '&!tN;sBni4F_X>A#');
INSERT INTO professeurs VALUES(30057, 'Thanzile', 'Moriarty');
INSERT INTO utilisateurs VALUES(30058, 'professeur', 'Meubl.Unowhy058', 'z-:dD.76Y_5&%KSq');
INSERT INTO professeurs VALUES(30058, 'Meubl', 'Unowhy');
INSERT INTO utilisateurs VALUES(30059, 'professeur', 'Vic.Genepi059', 'pf(k4B_@cs6U,HP<');
INSERT INTO professeurs VALUES(30059, 'Vic', 'Genepi');
INSERT INTO utilisateurs VALUES(30060, 'professeur', 'Etrique.Avion060', '_$x2N"G%YLI!/He{');
INSERT INTO professeurs VALUES(30060, 'Etrique', 'Avion');
INSERT INTO utilisateurs VALUES(30061, 'professeur', 'Crapo.Ikea061', 'E#B]>*FADer18Z_"');
INSERT INTO professeurs VALUES(30061, 'Crapo', 'Ikea');
INSERT INTO utilisateurs VALUES(30062, 'professeur', 'Valeri.Unowhy062', '^%RxQEl,SK6"k]D}');
INSERT INTO professeurs VALUES(30062, 'Valeri', 'Unowhy');
INSERT INTO utilisateurs VALUES(30063, 'professeur', 'Lumineux.Nutella063', '695m{fv;aeu!<Fw_');
INSERT INTO professeurs VALUES(30063, 'Lumineux', 'Nutella');
INSERT INTO utilisateurs VALUES(30064, 'professeur', 'Moru.Suke064', '=!"40QwG(y[56sfP');
INSERT INTO professeurs VALUES(30064, 'Moru', 'Suke');
INSERT INTO utilisateurs VALUES(30065, 'professeur', 'Candys-Noémie.Gif065', '#VR7"teg$4K/brHz');
INSERT INTO professeurs VALUES(30065, 'Candys-Noémie', 'Gif');
INSERT INTO utilisateurs VALUES(30066, 'professeur', 'Tim.Vin066', 'N<U(iv{c>:gKOCpf');
INSERT INTO professeurs VALUES(30066, 'Tim', 'Vin');
INSERT INTO utilisateurs VALUES(30067, 'professeur', 'Florian.Lustre067', '#z|ybnH=/]aTv*m4');
INSERT INTO professeurs VALUES(30067, 'Florian', 'Lustre');
INSERT INTO utilisateurs VALUES(30068, 'professeur', 'Uber.Genesis068', 'K(g,ZAMNUxr"OB/p');
INSERT INTO professeurs VALUES(30068, 'Uber', 'Genesis');
INSERT INTO utilisateurs VALUES(30069, 'professeur', 'Mac.Gif069', 'KN^b|Ec\$a;,3Vrp');
INSERT INTO professeurs VALUES(30069, 'Mac', 'Gif');
INSERT INTO utilisateurs VALUES(30070, 'professeur', 'Bernar.Tam070', 'Mc$zd*l9{P.#jC0G');
INSERT INTO professeurs VALUES(30070, 'Bernar', 'Tam');
INSERT INTO utilisateurs VALUES(30071, 'professeur', 'Moru.Moriarty071', '+BC*:,P{>j6fo08t');
INSERT INTO professeurs VALUES(30071, 'Moru', 'Moriarty');
INSERT INTO utilisateurs VALUES(30072, 'professeur', 'Tum.Dordebous072', '-Ehl&Q"yF,*{|2Px');
INSERT INTO professeurs VALUES(30072, 'Tum', 'Dordebous');
INSERT INTO utilisateurs VALUES(30073, 'professeur', 'Loui.Pabo073', '^nD$xHa?yjog#=mZ');
INSERT INTO professeurs VALUES(30073, 'Loui', 'Pabo');
INSERT INTO utilisateurs VALUES(30074, 'professeur', 'Stanyshlasse.Mière074', 'montEr,]eU4z07)v');
INSERT INTO professeurs VALUES(30074, 'Stanyshlasse', 'Mière');
INSERT INTO utilisateurs VALUES(30075, 'professeur', 'Jean-Mohammed.Cremanglaise075', '4tU]JZC+KB=Yuzg_');
INSERT INTO professeurs VALUES(30075, 'Jean-Mohammed', 'Cremanglaise');
INSERT INTO utilisateurs VALUES(30076, 'professeur', 'Raphaël.Marat076', '>Ncw#?d%MQJqb\+l');
INSERT INTO professeurs VALUES(30076, 'Raphaël', 'Marat');
INSERT INTO utilisateurs VALUES(30077, 'professeur', 'Thanzile.Avion077', '152fXr"_=89{DtJU');
INSERT INTO professeurs VALUES(30077, 'Thanzile', 'Avion');
INSERT INTO utilisateurs VALUES(30078, 'professeur', 'Blandine.Lustre078', 'RO:b"!L#AfS&g;<v');
INSERT INTO professeurs VALUES(30078, 'Blandine', 'Lustre');
INSERT INTO utilisateurs VALUES(30079, 'professeur', 'Meubl.Geneve079', 'Ir7LW<gkm5O@]u&=');
INSERT INTO professeurs VALUES(30079, 'Meubl', 'Geneve');
INSERT INTO utilisateurs VALUES(40000, 'cpe', 'Uber.Pie000', 'VqDG!gFB^sQ+iy</');
INSERT INTO administration VALUES(40000, 'Uber', 'Pie');
INSERT INTO utilisateurs VALUES(40001, 'cpe', 'Patric.Sus001', 'v&(m^*APM2Gnr+H{');
INSERT INTO administration VALUES(40001, 'Patric', 'Sus');
INSERT INTO utilisateurs VALUES(40002, 'principalAdjoint', 'Deliver.Bluetooth002', '>6U$\fSdrwi9=JOg');
INSERT INTO administration VALUES(40002, 'Deliver', 'Bluetooth');
INSERT INTO utilisateurs VALUES(40003, 'principal', 'Célian.Tam003', 'c%?qSH7\=|.,9NpJ');
INSERT INTO administration VALUES(40003, 'Célian', 'Tam');
INSERT INTO classes VALUES('2nde1', '30076');
INSERT INTO utilisateurs VALUES(10000, 'eleve', 'Thanzile.Lustre000', '/oDN37Kvr,Q4Axkw');
INSERT INTO eleves VALUES(10000, 'Thanzile', 'Lustre', '2nde1', 21038, 20223);
INSERT INTO utilisateurs VALUES(10001, 'eleve', 'Bernar.Market001', 'uZxJh](OK)cDYA/@');
INSERT INTO eleves VALUES(10001, 'Bernar', 'Market', '2nde1', 20037, 21780);
INSERT INTO utilisateurs VALUES(10002, 'eleve', 'Raphaël.Sus002', 'J8GizELbFOt.C_R-');
INSERT INTO eleves VALUES(10002, 'Raphaël', 'Sus', '2nde1', 20770, 21941);
INSERT INTO utilisateurs VALUES(10003, 'eleve', 'Paluche.Lebron003', 'X3GxdMg16^>A<rm|');
INSERT INTO eleves VALUES(10003, 'Paluche', 'Lebron', '2nde1', 21871, 20613);
INSERT INTO utilisateurs VALUES(10004, 'eleve', 'Prise.Please004', '2<t#8SD\)^iZ46My');
INSERT INTO eleves VALUES(10004, 'Prise', 'Please', '2nde1', 21466, 21814);
INSERT INTO utilisateurs VALUES(10005, 'eleve', 'Vic.Musk005', 'KUtunDqjoZk0=Ch%');
INSERT INTO eleves VALUES(10005, 'Vic', 'Musk', '2nde1', 20698, 21290);
INSERT INTO utilisateurs VALUES(10006, 'eleve', 'Tom.Bechamelle006', '$:O\Jy6Du-z8|<0]');
INSERT INTO eleves VALUES(10006, 'Tom', 'Bechamelle', '2nde1', 20756, 20696);
INSERT INTO utilisateurs VALUES(10007, 'eleve', 'Tym.Pipe007', ':8;19ylA+z<o,/7x');
INSERT INTO eleves VALUES(10007, 'Tym', 'Pipe', '2nde1', 20238, 20417);
INSERT INTO utilisateurs VALUES(10008, 'eleve', 'Célian.Genese008', 'E>WFPxM2)i=Vuyk5');
INSERT INTO eleves VALUES(10008, 'Célian', 'Genese', '2nde1', 21166, 20768);
INSERT INTO utilisateurs VALUES(10009, 'eleve', 'Tam.Lemoche009', '.fFA3T{z*]<j4H&t');
INSERT INTO eleves VALUES(10009, 'Tam', 'Lemoche', '2nde1', 21903, 20803);
INSERT INTO utilisateurs VALUES(10010, 'eleve', 'Ugo.Lodevie010', 'qcpg=(1lR%CVod[N');
INSERT INTO eleves VALUES(10010, 'Ugo', 'Lodevie', '2nde1', 21095, 20555);
INSERT INTO utilisateurs VALUES(10011, 'eleve', 'Prise.Geneve011', '>(|34ZW17KI^mxLv');
INSERT INTO eleves VALUES(10011, 'Prise', 'Geneve', '2nde1', 20949, 20904);
INSERT INTO utilisateurs VALUES(10012, 'eleve', 'Skwizy.Lemoche012', 'I,qFxS$D0heR_ZC;');
INSERT INTO eleves VALUES(10012, 'Skwizy', 'Lemoche', '2nde1', 20403, 21497);
INSERT INTO utilisateurs VALUES(10013, 'eleve', 'Stabline.Genese013', '!RzZ-k?X)2}8^J;g');
INSERT INTO eleves VALUES(10013, 'Stabline', 'Genese', '2nde1', 21744, 21686);
INSERT INTO utilisateurs VALUES(10014, 'eleve', 'Deliver.Suroderable014', 'LD#wP>5!m0<;X@*Z');
INSERT INTO eleves VALUES(10014, 'Deliver', 'Suroderable', '2nde1', 21245, 21405);
INSERT INTO utilisateurs VALUES(10015, 'eleve', 'Articho.Genesis015', ']Q\#RemWPD}u1zvf');
INSERT INTO eleves VALUES(10015, 'Articho', 'Genesis', '2nde1', 22041, 20152);
INSERT INTO utilisateurs VALUES(10016, 'eleve', 'Tim.Meurs016', '/8h:3QI,?JnWu9Mi');
INSERT INTO eleves VALUES(10016, 'Tim', 'Meurs', '2nde1', 21852, 20342);
INSERT INTO utilisateurs VALUES(10017, 'eleve', 'Stabline.Suroderable017', 'A"c>,pSfMq(3B%VE');
INSERT INTO eleves VALUES(10017, 'Stabline', 'Suroderable', '2nde1', 20281, 21339);
INSERT INTO utilisateurs VALUES(10018, 'eleve', 'Florian.Sus018', 'DJ#F9$kEHR<t7&[r');
INSERT INTO eleves VALUES(10018, 'Florian', 'Sus', '2nde1', 22022, 20540);
INSERT INTO utilisateurs VALUES(10019, 'eleve', 'Hugo.Lebeau019', '(S2x!#4-w%WqtsX<');
INSERT INTO eleves VALUES(10019, 'Hugo', 'Lebeau', '2nde1', 21887, 20171);
INSERT INTO utilisateurs VALUES(10020, 'eleve', 'Stanyshlasse.Tem020', 'A#)@6:0BliqW|j"%');
INSERT INTO eleves VALUES(10020, 'Stanyshlasse', 'Tem', '2nde1', 21801, 21230);
INSERT INTO utilisateurs VALUES(10021, 'eleve', 'Mac.Vin021', 'hX}_0sbHuMT*c|r2');
INSERT INTO eleves VALUES(10021, 'Mac', 'Vin', '2nde1', 20449, 20074);
INSERT INTO utilisateurs VALUES(10022, 'eleve', 'Vic.Tym022', 'AK&#Wg4^hn,6B37a');
INSERT INTO eleves VALUES(10022, 'Vic', 'Tym', '2nde1', 20670, 21167);
INSERT INTO utilisateurs VALUES(10023, 'eleve', 'Valeri.Piloti023', 'jk,bqJ183gxZmW-<');
INSERT INTO eleves VALUES(10023, 'Valeri', 'Piloti', '2nde1', 21740, 20621);
INSERT INTO utilisateurs VALUES(10024, 'eleve', 'Skwizy.Vin024', 'pN@&GBT3kY2#7Ha-');
INSERT INTO eleves VALUES(10024, 'Skwizy', 'Vin', '2nde1', 20704, 21490);
INSERT INTO utilisateurs VALUES(10025, 'eleve', 'Lucien.Pie025', 'Eo<-CzYT#)g@m+/J');
INSERT INTO eleves VALUES(10025, 'Lucien', 'Pie', '2nde1', 21403, 20779);
INSERT INTO utilisateurs VALUES(10026, 'eleve', 'Bernar.Veu026', '^U]@Yy\(}2sz"Eij');
INSERT INTO eleves VALUES(10026, 'Bernar', 'Veu', '2nde1', 21185, 20557);
INSERT INTO utilisateurs VALUES(10027, 'eleve', 'Stabline.Pie027', '6ek/WOGiSN7(t!hp');
INSERT INTO eleves VALUES(10027, 'Stabline', 'Pie', '2nde1', 21108, 20052);
INSERT INTO utilisateurs VALUES(10028, 'eleve', 'Lumineux.Pipe028', '"?uwVGQlH|EDmKX$');
INSERT INTO eleves VALUES(10028, 'Lumineux', 'Pipe', '2nde1', 20297, 20967);
INSERT INTO utilisateurs VALUES(10029, 'eleve', 'Candys-Noémie.Descartes029', '>\loxiBN7})%-WV;');
INSERT INTO eleves VALUES(10029, 'Candys-Noémie', 'Descartes', '2nde1', 22086, 21103);
INSERT INTO utilisateurs VALUES(10030, 'eleve', 'Jean-Mohammed.Gober030', ':;=*pHK>,Z"2l.-v');
INSERT INTO eleves VALUES(10030, 'Jean-Mohammed', 'Gober', '2nde1', 21444, 20332);
INSERT INTO utilisateurs VALUES(10031, 'eleve', 'Pabo.Ite031', '{J>[0!xOGt#84s^E');
INSERT INTO eleves VALUES(10031, 'Pabo', 'Ite', '2nde1', 21863, 20277);
INSERT INTO classes VALUES('2nde2', '30034');
INSERT INTO utilisateurs VALUES(10032, 'eleve', 'Pablo.Bechamelle032', '@5bY)2!XlG(=RfM<');
INSERT INTO eleves VALUES(10032, 'Pablo', 'Bechamelle', '2nde2', 21402, 21025);
INSERT INTO utilisateurs VALUES(10033, 'eleve', 'Vic.Tabulage033', '")dBObP!<$CqVj\i');
INSERT INTO eleves VALUES(10033, 'Vic', 'Tabulage', '2nde2', 20721, 20948);
INSERT INTO utilisateurs VALUES(10034, 'eleve', 'Pablo.Sus034', '1U)0:u^M+tbDPv3@');
INSERT INTO eleves VALUES(10034, 'Pablo', 'Sus', '2nde2', 20619, 21313);
INSERT INTO utilisateurs VALUES(10035, 'eleve', 'Chario.Ite035', 'vk/B!9(OXC5?j#}4');
INSERT INTO eleves VALUES(10035, 'Chario', 'Ite', '2nde2', 21018, 20618);
INSERT INTO utilisateurs VALUES(10036, 'eleve', 'Célian.Moriarty036', 'Xi|0QU\xm$6+9g(;');
INSERT INTO eleves VALUES(10036, 'Célian', 'Moriarty', '2nde2', 20574, 20738);
INSERT INTO utilisateurs VALUES(10037, 'eleve', 'Articho.Cremanglaise037', '4V$kxc!%?b_/+5-6');
INSERT INTO eleves VALUES(10037, 'Articho', 'Cremanglaise', '2nde2', 21105, 20991);
INSERT INTO utilisateurs VALUES(10038, 'eleve', 'Loui.Avion038', 'dgAJ"DzjiVqx1][0');
INSERT INTO eleves VALUES(10038, 'Loui', 'Avion', '2nde2', 22047, 21183);
INSERT INTO utilisateurs VALUES(10039, 'eleve', 'Thomes.Azerty039', '?v[jV,y;k&2{^h\b');
INSERT INTO eleves VALUES(10039, 'Thomes', 'Azerty', '2nde2', 21390, 20402);
INSERT INTO utilisateurs VALUES(10040, 'eleve', 'Skwizy.Please040', 'qj!kN$?QMn(*+K#t');
INSERT INTO eleves VALUES(10040, 'Skwizy', 'Please', '2nde2', 20227, 20156);
INSERT INTO utilisateurs VALUES(10041, 'eleve', 'Candys-Noémie.Mangesol041', 'kg<sOC+=]pUa!GYJ');
INSERT INTO eleves VALUES(10041, 'Candys-Noémie', 'Mangesol', '2nde2', 20547, 20520);
INSERT INTO utilisateurs VALUES(10042, 'eleve', 'Lucien.Tim042', 'XJgI*:Bb_EAOoD<a');
INSERT INTO eleves VALUES(10042, 'Lucien', 'Tim', '2nde2', 21398, 20582);
INSERT INTO utilisateurs VALUES(10043, 'eleve', 'Mac.Ou043', 'S?u-!XtfQbUkVCl{');
INSERT INTO eleves VALUES(10043, 'Mac', 'Ou', '2nde2', 21478, 21620);
INSERT INTO utilisateurs VALUES(10044, 'eleve', 'Mac.Mangesol044', '9=G_lIL+|%:y3f}5');
INSERT INTO eleves VALUES(10044, 'Mac', 'Mangesol', '2nde2', 21731, 20353);
INSERT INTO utilisateurs VALUES(10045, 'eleve', 'Raphaël.Livrogne045', '[v(mU<^Y!AS6"o#Z');
INSERT INTO eleves VALUES(10045, 'Raphaël', 'Livrogne', '2nde2', 21754, 21638);
INSERT INTO utilisateurs VALUES(10046, 'eleve', 'Prise.Cremanglaise046', '5(zZ{AO)>X9GmFy3');
INSERT INTO eleves VALUES(10046, 'Prise', 'Cremanglaise', '2nde2', 21094, 20432);
INSERT INTO utilisateurs VALUES(10047, 'eleve', 'Paluche.Tom047', 'aV=1*Cbzi[T!:3W4');
INSERT INTO eleves VALUES(10047, 'Paluche', 'Tom', '2nde2', 20095, 20586);
INSERT INTO utilisateurs VALUES(10048, 'eleve', 'Blandine.Piloti048', '0zL=MUqSxt91g7o:');
INSERT INTO eleves VALUES(10048, 'Blandine', 'Piloti', '2nde2', 20409, 20334);
INSERT INTO utilisateurs VALUES(10049, 'eleve', 'Candys-Noémie.Edupython049', '-|28Fihn7:"*{s)o');
INSERT INTO eleves VALUES(10049, 'Candys-Noémie', 'Edupython', '2nde2', 20513, 21476);
INSERT INTO utilisateurs VALUES(10050, 'eleve', 'Stanyshlasse.Market050', ')@In*4dqx!XSg>s[');
INSERT INTO eleves VALUES(10050, 'Stanyshlasse', 'Market', '2nde2', 21981, 21318);
INSERT INTO utilisateurs VALUES(10051, 'eleve', 'Jean-Mohammed.Qwerty051', '8E);ehV%jf62/{s=');
INSERT INTO eleves VALUES(10051, 'Jean-Mohammed', 'Qwerty', '2nde2', 20209, 20644);
INSERT INTO utilisateurs VALUES(10052, 'eleve', 'Deliver.Tabulage052', '(AB!pTcqX8)|3z{+');
INSERT INTO eleves VALUES(10052, 'Deliver', 'Tabulage', '2nde2', 21325, 21142);
INSERT INTO utilisateurs VALUES(10053, 'eleve', 'Erve.Genese053', '?}/h"a3Y,8cv\X]o');
INSERT INTO eleves VALUES(10053, 'Erve', 'Genese', '2nde2', 22016, 21114);
INSERT INTO utilisateurs VALUES(10054, 'eleve', 'Tam.Please054', 'Cu4fM&[^BUL:sK"W');
INSERT INTO eleves VALUES(10054, 'Tam', 'Please', '2nde2', 20526, 20959);
INSERT INTO utilisateurs VALUES(10055, 'eleve', 'Valeri.Ikea055', 'h[/J_Ir>)x9gu,<a');
INSERT INTO eleves VALUES(10055, 'Valeri', 'Ikea', '2nde2', 21228, 20382);
INSERT INTO utilisateurs VALUES(10056, 'eleve', 'Hubert-Valéry-Patrick-Stanislas.Vin056', 'wHORLcN*9>]2B_D+');
INSERT INTO eleves VALUES(10056, 'Hubert-Valéry-Patrick-Stanislas', 'Vin', '2nde2', 20278, 20501);
INSERT INTO utilisateurs VALUES(10057, 'eleve', 'Pablo.Musk057', '"9S^2>)Kkn,{&(o!');
INSERT INTO eleves VALUES(10057, 'Pablo', 'Musk', '2nde2', 21626, 21859);
INSERT INTO utilisateurs VALUES(10058, 'eleve', 'Ugo.Tabulage058', '73qWvX=%K>IgFu[f');
INSERT INTO eleves VALUES(10058, 'Ugo', 'Tabulage', '2nde2', 21876, 21022);
INSERT INTO utilisateurs VALUES(10059, 'eleve', 'Macly.Tabulage059', ']pG7clhXYg5f/(r,');
INSERT INTO eleves VALUES(10059, 'Macly', 'Tabulage', '2nde2', 21016, 21825);
INSERT INTO utilisateurs VALUES(10060, 'eleve', 'Crapo.Tam060', '(\,SYpG|!05>H%K_');
INSERT INTO eleves VALUES(10060, 'Crapo', 'Tam', '2nde2', 20687, 21015);
INSERT INTO utilisateurs VALUES(10061, 'eleve', 'Uberite.Gober061', 'jm(%|F6v@]<Cqaln');
INSERT INTO eleves VALUES(10061, 'Uberite', 'Gober', '2nde2', 20356, 21345);
INSERT INTO utilisateurs VALUES(10062, 'eleve', 'Mac.Ikea062', '[$^Z7jHwY6e{#lT*');
INSERT INTO eleves VALUES(10062, 'Mac', 'Ikea', '2nde2', 21923, 20131);
INSERT INTO utilisateurs VALUES(10063, 'eleve', 'Patric.Duc de Montmorency063', '_:])LSq=I$?<\%ZU');
INSERT INTO eleves VALUES(10063, 'Patric', 'Duc de Montmorency', '2nde2', 21311, 21239);
INSERT INTO utilisateurs VALUES(10064, 'eleve', 'Etrique.Market064', 'tDr8UON7iEfLH9jz');
INSERT INTO eleves VALUES(10064, 'Etrique', 'Market', '2nde2', 20910, 20136);
INSERT INTO utilisateurs VALUES(10065, 'eleve', 'Tom.Musk065', 'QX.>}{4tHq8[IG:D');
INSERT INTO eleves VALUES(10065, 'Tom', 'Musk', '2nde2', 21414, 21906);
INSERT INTO classes VALUES('2nde3', '30042');
INSERT INTO utilisateurs VALUES(10066, 'eleve', 'Bernar.Mière066', 'o=QDkvFT#2>bn[a9');
INSERT INTO eleves VALUES(10066, 'Bernar', 'Mière', '2nde3', 21837, 21857);
INSERT INTO utilisateurs VALUES(10067, 'eleve', 'Tabour.Tam067', 'h;YG@4r7xcW2N8s%');
INSERT INTO eleves VALUES(10067, 'Tabour', 'Tam', '2nde3', 22092, 21275);
INSERT INTO utilisateurs VALUES(10068, 'eleve', 'Raphaël.Unowhy068', 'Wum+PZYSE$j:,hTU');
INSERT INTO eleves VALUES(10068, 'Raphaël', 'Unowhy', '2nde3', 21724, 21200);
INSERT INTO utilisateurs VALUES(10069, 'eleve', 'Tabour.Gober069', 'sd4cuN]n?+KpBJ5.');
INSERT INTO eleves VALUES(10069, 'Tabour', 'Gober', '2nde3', 20116, 20048);
INSERT INTO utilisateurs VALUES(10070, 'eleve', 'Florian.Lemoche070', ':Fq4znDwQ|GuO>.h');
INSERT INTO eleves VALUES(10070, 'Florian', 'Lemoche', '2nde3', 21201, 21986);
INSERT INTO utilisateurs VALUES(10071, 'eleve', 'Desirade.Bechamelle071', 'Ppqa=U(5Bh[Y8O/c');
INSERT INTO eleves VALUES(10071, 'Desirade', 'Bechamelle', '2nde3', 20464, 21445);
INSERT INTO utilisateurs VALUES(10072, 'eleve', 'Thanzile.Lebron072', 'e?zV!Kd_On2,l6fI');
INSERT INTO eleves VALUES(10072, 'Thanzile', 'Lebron', '2nde3', 21274, 21489);
INSERT INTO utilisateurs VALUES(10073, 'eleve', 'Amogus.Lebeau073', '>8"?)5UWw\KE.2e0');
INSERT INTO eleves VALUES(10073, 'Amogus', 'Lebeau', '2nde3', 21483, 20587);
INSERT INTO utilisateurs VALUES(10074, 'eleve', 'Tiri.Plafond074', 'N3jE&+UL1JC!KT|?');
INSERT INTO eleves VALUES(10074, 'Tiri', 'Plafond', '2nde3', 20871, 21520);
INSERT INTO utilisateurs VALUES(10075, 'eleve', 'Uberite.Edupython075', 'v#*>RJ5[e0=]nzOG');
INSERT INTO eleves VALUES(10075, 'Uberite', 'Edupython', '2nde3', 21452, 20755);
INSERT INTO utilisateurs VALUES(10076, 'eleve', 'Yassine.Suke076', '!k*D8zj[+^WquN_,');
INSERT INTO eleves VALUES(10076, 'Yassine', 'Suke', '2nde3', 20304, 20930);
INSERT INTO utilisateurs VALUES(10077, 'eleve', 'Mac.Deces077', 'C4;6"qoT^(A.3zb0');
INSERT INTO eleves VALUES(10077, 'Mac', 'Deces', '2nde3', 20471, 20497);
INSERT INTO utilisateurs VALUES(10078, 'eleve', 'Stalinslas.Epiee078', 'W!qLG#DMQaOP+}S2');
INSERT INTO eleves VALUES(10078, 'Stalinslas', 'Epiee', '2nde3', 20477, 21078);
INSERT INTO utilisateurs VALUES(10079, 'eleve', 'Meubl.Livrogne079', '}m{FC[YrI#J&6^7+');
INSERT INTO eleves VALUES(10079, 'Meubl', 'Livrogne', '2nde3', 21874, 20033);
INSERT INTO utilisateurs VALUES(10080, 'eleve', 'Maxence.Pabo080', '4Sp|TKVJ(sd7U%?j');
INSERT INTO eleves VALUES(10080, 'Maxence', 'Pabo', '2nde3', 21768, 20027);
INSERT INTO utilisateurs VALUES(10081, 'eleve', 'Skwizy.Deces081', 'Y@;\gn*(tL|]b$Vh');
INSERT INTO eleves VALUES(10081, 'Skwizy', 'Deces', '2nde3', 20509, 21448);
INSERT INTO utilisateurs VALUES(10082, 'eleve', 'Vic.Dordebous082', '4#qTt3g,zA6h!Fdo');
INSERT INTO eleves VALUES(10082, 'Vic', 'Dordebous', '2nde3', 20422, 20744);
INSERT INTO utilisateurs VALUES(10083, 'eleve', 'Loui.Livrogne083', 'JYU]aI*mzF342bk0');
INSERT INTO eleves VALUES(10083, 'Loui', 'Livrogne', '2nde3', 22055, 20134);
INSERT INTO utilisateurs VALUES(10084, 'eleve', 'Florian.Plafond084', 'sgtp0rm)4L$fxKD8');
INSERT INTO eleves VALUES(10084, 'Florian', 'Plafond', '2nde3', 21683, 21317);
INSERT INTO utilisateurs VALUES(10085, 'eleve', 'Tem.Deces085', 'z12jdD#;M7Q$:o8=');
INSERT INTO eleves VALUES(10085, 'Tem', 'Deces', '2nde3', 21789, 20329);
INSERT INTO utilisateurs VALUES(10086, 'eleve', 'Jonathan.Please086', 'l<e>wd8/$oCk;&4B');
INSERT INTO eleves VALUES(10086, 'Jonathan', 'Please', '2nde3', 20832, 20835);
INSERT INTO utilisateurs VALUES(10087, 'eleve', 'Candys-Noémie.Dordebous087', 'zaq";Iixc,[-rs|O');
INSERT INTO eleves VALUES(10087, 'Candys-Noémie', 'Dordebous', '2nde3', 21560, 21007);
INSERT INTO utilisateurs VALUES(10088, 'eleve', 'Stanyshlasse.Cremanglaise088', 'P;g5<9]MBkZsD4#{');
INSERT INTO eleves VALUES(10088, 'Stanyshlasse', 'Cremanglaise', '2nde3', 20804, 21827);
INSERT INTO utilisateurs VALUES(10089, 'eleve', 'Lumineux.Cremanglaise089', '#Z3a5+JQgT^-LyY6');
INSERT INTO eleves VALUES(10089, 'Lumineux', 'Cremanglaise', '2nde3', 21602, 20596);
INSERT INTO utilisateurs VALUES(10090, 'eleve', 'Prise.Tabulage090', '\q^D2&HV;cnB_W+(');
INSERT INTO eleves VALUES(10090, 'Prise', 'Tabulage', '2nde3', 21413, 20165);
INSERT INTO utilisateurs VALUES(10091, 'eleve', 'Célian.Geneve091', 'a_7YKh3Nfknjv>}=');
INSERT INTO eleves VALUES(10091, 'Célian', 'Geneve', '2nde3', 21263, 21236);
INSERT INTO utilisateurs VALUES(10092, 'eleve', 'Ugo.Tum092', 'N>gjK3Lu!GT;\]7.');
INSERT INTO eleves VALUES(10092, 'Ugo', 'Tum', '2nde3', 21582, 21267);
INSERT INTO utilisateurs VALUES(10093, 'eleve', 'Maxence.Azerty093', 'jtCfdWi4@)T0u+p;');
INSERT INTO eleves VALUES(10093, 'Maxence', 'Azerty', '2nde3', 21911, 20524);
INSERT INTO utilisateurs VALUES(10094, 'eleve', 'Stabline.B57 PRO MAX 3500094', 'z7_|\C"jv$-{2fTD');
INSERT INTO eleves VALUES(10094, 'Stabline', 'B57 PRO MAX 3500', '2nde3', 20703, 21517);
INSERT INTO utilisateurs VALUES(10095, 'eleve', 'Jean-Mohammed.Tem095', 'rF*eOYx_#vqc1Bbn');
INSERT INTO eleves VALUES(10095, 'Jean-Mohammed', 'Tem', '2nde3', 20376, 20336);
INSERT INTO utilisateurs VALUES(10096, 'eleve', 'Valeri.Mangesol096', '?XEdkesFRNWSU:2u');
INSERT INTO eleves VALUES(10096, 'Valeri', 'Mangesol', '2nde3', 20507, 20303);
INSERT INTO utilisateurs VALUES(10097, 'eleve', 'Lucien.Ite097', '+-8BZ#GbF&u0.=T<');
INSERT INTO eleves VALUES(10097, 'Lucien', 'Ite', '2nde3', 20158, 20323);
INSERT INTO utilisateurs VALUES(10098, 'eleve', 'Erve.Lemoche098', '_;B[asY0gTUi<=JE');
INSERT INTO eleves VALUES(10098, 'Erve', 'Lemoche', '2nde3', 21632, 21642);
INSERT INTO classes VALUES('2nde4', '30010');
INSERT INTO utilisateurs VALUES(10099, 'eleve', 'Pabo.Nutella099', '@EiHmX09LM/P}O&G');
INSERT INTO eleves VALUES(10099, 'Pabo', 'Nutella', '2nde4', 20709, 20034);
INSERT INTO utilisateurs VALUES(10100, 'eleve', 'Amogus.Mière100', 'RYQ9&oaJy@k\Mh%p');
INSERT INTO eleves VALUES(10100, 'Amogus', 'Mière', '2nde4', 20655, 20724);
INSERT INTO utilisateurs VALUES(10101, 'eleve', 'Vic.Plafond101', 'VU=Z7(NkFgGm<^X_');
INSERT INTO eleves VALUES(10101, 'Vic', 'Plafond', '2nde4', 20639, 21160);
INSERT INTO utilisateurs VALUES(10102, 'eleve', 'Tabour.Geneve102', '-jbrFw)Z7?MH*nk=');
INSERT INTO eleves VALUES(10102, 'Tabour', 'Geneve', '2nde4', 20086, 21046);
INSERT INTO utilisateurs VALUES(10103, 'eleve', 'Patric.Vin103', 'zKjZ^B"L/Rg],U6D');
INSERT INTO eleves VALUES(10103, 'Patric', 'Vin', '2nde4', 20809, 20370);
INSERT INTO utilisateurs VALUES(10104, 'eleve', 'Vic.Suroderable104', '1tsA@}(lVc<q4MB]');
INSERT INTO eleves VALUES(10104, 'Vic', 'Suroderable', '2nde4', 20531, 20827);
INSERT INTO utilisateurs VALUES(10105, 'eleve', 'Tom.Plafond105', 'KP$\VWGI#eAONH({');
INSERT INTO eleves VALUES(10105, 'Tom', 'Plafond', '2nde4', 20519, 21034);
INSERT INTO utilisateurs VALUES(10106, 'eleve', 'Amogus.Geneve106', '8I*[4^u2A+]:"=sZ');
INSERT INTO eleves VALUES(10106, 'Amogus', 'Geneve', '2nde4', 20731, 21191);
INSERT INTO utilisateurs VALUES(10107, 'eleve', 'Tum.Sus107', ',TC5+h\?EusP>#jB');
INSERT INTO eleves VALUES(10107, 'Tum', 'Sus', '2nde4', 20242, 20844);
INSERT INTO utilisateurs VALUES(10108, 'eleve', 'Candys-Noémie.Tam108', 'lOQsW;yq^d(w_*K%');
INSERT INTO eleves VALUES(10108, 'Candys-Noémie', 'Tam', '2nde4', 21137, 21503);
INSERT INTO utilisateurs VALUES(10109, 'eleve', 'Paluche.Tim109', 'c$Eoym2,95L#^wYB');
INSERT INTO eleves VALUES(10109, 'Paluche', 'Tim', '2nde4', 21552, 20898);
INSERT INTO utilisateurs VALUES(10110, 'eleve', 'Lucien.Duc de Montmorency110', 'IYxhoGPe%?<;4uH5');
INSERT INTO eleves VALUES(10110, 'Lucien', 'Duc de Montmorency', '2nde4', 20151, 20295);
INSERT INTO utilisateurs VALUES(10111, 'eleve', 'Crapo.Tabulage111', '1TH=ly7{oBzqh.x@');
INSERT INTO eleves VALUES(10111, 'Crapo', 'Tabulage', '2nde4', 22067, 20956);
INSERT INTO utilisateurs VALUES(10112, 'eleve', 'Thanzile.Piloti112', 'AnKU8m|1cu<F-izB');
INSERT INTO eleves VALUES(10112, 'Thanzile', 'Piloti', '2nde4', 20109, 20268);
INSERT INTO utilisateurs VALUES(10113, 'eleve', 'Uberite.Lubrique113', 'J+^f}%lVY_Zt=;v5');
INSERT INTO eleves VALUES(10113, 'Uberite', 'Lubrique', '2nde4', 21430, 21342);
INSERT INTO utilisateurs VALUES(10114, 'eleve', 'Etrique.Lustre114', ')tu,&JM=D7I#p83N');
INSERT INTO eleves VALUES(10114, 'Etrique', 'Lustre', '2nde4', 21806, 22074);
INSERT INTO utilisateurs VALUES(10115, 'eleve', 'Candys-Noémie.B57 PRO MAX 3500115', 'GgDa;[YR\Un15FZe');
INSERT INTO eleves VALUES(10115, 'Candys-Noémie', 'B57 PRO MAX 3500', '2nde4', 20197, 21261);
INSERT INTO utilisateurs VALUES(10116, 'eleve', 'Tabour.Tum116', '"_dbmPlnvJG9Zt[4');
INSERT INTO eleves VALUES(10116, 'Tabour', 'Tum', '2nde4', 21470, 21707);
INSERT INTO utilisateurs VALUES(10117, 'eleve', 'Romain.Cremanglaise117', 'lq>)&CEG2ti.a[L;');
INSERT INTO eleves VALUES(10117, 'Romain', 'Cremanglaise', '2nde4', 20806, 21266);
INSERT INTO utilisateurs VALUES(10118, 'eleve', 'Florian.Market118', 'ru6Q*klF@bsP24q7');
INSERT INTO eleves VALUES(10118, 'Florian', 'Market', '2nde4', 21340, 21956);
INSERT INTO utilisateurs VALUES(10119, 'eleve', 'Stalinslas.Lebron119', 'xO2Y18XL^e"!4g]/');
INSERT INTO eleves VALUES(10119, 'Stalinslas', 'Lebron', '2nde4', 20337, 21721);
INSERT INTO utilisateurs VALUES(10120, 'eleve', 'Jonathan.Epiee120', 'y(VRvF/UW\%xbmeH');
INSERT INTO eleves VALUES(10120, 'Jonathan', 'Epiee', '2nde4', 20680, 20430);
INSERT INTO utilisateurs VALUES(10121, 'eleve', 'Skwizy.Epiee121', 'qfDEp<|).*-o5Z3m');
INSERT INTO eleves VALUES(10121, 'Skwizy', 'Epiee', '2nde4', 20903, 21831);
INSERT INTO utilisateurs VALUES(10122, 'eleve', 'Lumineux.Veu122', 'KNpczrHTUCRG3i2*');
INSERT INTO eleves VALUES(10122, 'Lumineux', 'Veu', '2nde4', 20420, 21156);
INSERT INTO utilisateurs VALUES(10123, 'eleve', 'Tum.Pipe123', 'EjND\>T?[cUf=d{@');
INSERT INTO eleves VALUES(10123, 'Tum', 'Pipe', '2nde4', 20712, 20648);
INSERT INTO utilisateurs VALUES(10124, 'eleve', 'Sintia.Marat124', ']}09k(U#dC[g>rhR');
INSERT INTO eleves VALUES(10124, 'Sintia', 'Marat', '2nde4', 21957, 20178);
INSERT INTO utilisateurs VALUES(10125, 'eleve', 'Hubert-Valéry-Patrick-Stanislas.Deces125', 'TN/1Rb<QX-fyOtqc');
INSERT INTO eleves VALUES(10125, 'Hubert-Valéry-Patrick-Stanislas', 'Deces', '2nde4', 21891, 20857);
INSERT INTO utilisateurs VALUES(10126, 'eleve', 'Tabour.Pie126', 'e5]@&|DB.j"s/0qh');
INSERT INTO eleves VALUES(10126, 'Tabour', 'Pie', '2nde4', 20969, 20327);
INSERT INTO utilisateurs VALUES(10127, 'eleve', 'Deliver.Avion127', 'irp$vO1dflU52;,g');
INSERT INTO eleves VALUES(10127, 'Deliver', 'Avion', '2nde4', 21775, 21170);
INSERT INTO utilisateurs VALUES(10128, 'eleve', 'Stanyshlasse.Azerty128', '#T5edM?Y)/+z:>=$');
INSERT INTO eleves VALUES(10128, 'Stanyshlasse', 'Azerty', '2nde4', 21504, 21938);
INSERT INTO utilisateurs VALUES(10129, 'eleve', 'Tim.Genese129', '_y9,v4rUXZ{hHqgW');
INSERT INTO eleves VALUES(10129, 'Tim', 'Genese', '2nde4', 21247, 20319);
INSERT INTO utilisateurs VALUES(10130, 'eleve', 'Tom.Vin130', 'v#m^jd{z&:E%AVtu');
INSERT INTO eleves VALUES(10130, 'Tom', 'Vin', '2nde4', 20805, 20921);
INSERT INTO utilisateurs VALUES(10131, 'eleve', 'Patric.Deces131', 'KTsN-&AWujCeL_DE');
INSERT INTO eleves VALUES(10131, 'Patric', 'Deces', '2nde4', 21326, 20610);
INSERT INTO utilisateurs VALUES(10132, 'eleve', 'Yanni.Pie132', 'CNu*9D?B(F<@Hbh0');
INSERT INTO eleves VALUES(10132, 'Yanni', 'Pie', '2nde4', 21011, 20083);
INSERT INTO classes VALUES('2nde5', '30079');
INSERT INTO utilisateurs VALUES(10133, 'eleve', 'Tum.Plafond133', ',lkafJASty9|z:hP');
INSERT INTO eleves VALUES(10133, 'Tum', 'Plafond', '2nde5', 21995, 20427);
INSERT INTO utilisateurs VALUES(10134, 'eleve', 'Erve.Ou134', ';!mx4ZPLaHnM,Y>^');
INSERT INTO eleves VALUES(10134, 'Erve', 'Ou', '2nde5', 20802, 21359);
INSERT INTO utilisateurs VALUES(10135, 'eleve', 'Patric.Epiee135', '|HGlr[#wga3"zs*0');
INSERT INTO eleves VALUES(10135, 'Patric', 'Epiee', '2nde5', 21269, 20899);
INSERT INTO utilisateurs VALUES(10136, 'eleve', 'Thomes.Plafond136', 'vZAc>G:jTR,BPxo%');
INSERT INTO eleves VALUES(10136, 'Thomes', 'Plafond', '2nde5', 20672, 20006);
INSERT INTO utilisateurs VALUES(10137, 'eleve', 'Uberite.Meurs137', 'M4ASP@zieFJ>cVT/');
INSERT INTO eleves VALUES(10137, 'Uberite', 'Meurs', '2nde5', 20445, 21453);
INSERT INTO utilisateurs VALUES(10138, 'eleve', 'Raphaël.Pipe138', '<vN2]dlPB$#O=_n:');
INSERT INTO eleves VALUES(10138, 'Raphaël', 'Pipe', '2nde5', 21719, 20039);
INSERT INTO utilisateurs VALUES(10139, 'eleve', 'Jonathan.Descartes139', 'lh^)[f|-?W(#XRcg');
INSERT INTO eleves VALUES(10139, 'Jonathan', 'Descartes', '2nde5', 21128, 21846);
INSERT INTO utilisateurs VALUES(10140, 'eleve', 'Tabour.Nutella140', ']MrhOKk,A5nY|<(#');
INSERT INTO eleves VALUES(10140, 'Tabour', 'Nutella', '2nde5', 21180, 21427);
INSERT INTO utilisateurs VALUES(10141, 'eleve', 'Yanni.Tabulage141', 'C"2vurc6]gF}49Dj');
INSERT INTO eleves VALUES(10141, 'Yanni', 'Tabulage', '2nde5', 20829, 20707);
INSERT INTO utilisateurs VALUES(10142, 'eleve', 'Bernar.Moriarty142', 'CiNj{Rvn[Y?0|ZA,');
INSERT INTO eleves VALUES(10142, 'Bernar', 'Moriarty', '2nde5', 20824, 21492);
INSERT INTO utilisateurs VALUES(10143, 'eleve', 'Stanyshlasse.Wifi143', ':g.jomQ5=4+/}A-J');
INSERT INTO eleves VALUES(10143, 'Stanyshlasse', 'Wifi', '2nde5', 21569, 21650);
INSERT INTO utilisateurs VALUES(10144, 'eleve', 'Moru.Unowhy144', 'XV@Ay#QzfUd7gJn^');
INSERT INTO eleves VALUES(10144, 'Moru', 'Unowhy', '2nde5', 21915, 21676);
INSERT INTO utilisateurs VALUES(10145, 'eleve', 'Lumineux.Please145', 'g@!Iwhb6RYW0e(/S');
INSERT INTO eleves VALUES(10145, 'Lumineux', 'Please', '2nde5', 20296, 20851);
INSERT INTO utilisateurs VALUES(10146, 'eleve', 'Jonathan.Livrogne146', 'J|3us?KLcpErXz<8');
INSERT INTO eleves VALUES(10146, 'Jonathan', 'Livrogne', '2nde5', 21927, 21399);
INSERT INTO utilisateurs VALUES(10147, 'eleve', 'Ugo.Marat147', 'ZgYQp+WJ*wT!:CLt');
INSERT INTO eleves VALUES(10147, 'Ugo', 'Marat', '2nde5', 20404, 21493);
INSERT INTO utilisateurs VALUES(10148, 'eleve', 'Prise.Meurs148', 'Htam^rhQ}sSF*fBW');
INSERT INTO eleves VALUES(10148, 'Prise', 'Meurs', '2nde5', 20081, 22021);
INSERT INTO utilisateurs VALUES(10149, 'eleve', 'Juliet.Suroderable149', '+0TaFh/=Ydi[$|z)');
INSERT INTO eleves VALUES(10149, 'Juliet', 'Suroderable', '2nde5', 20286, 21853);
INSERT INTO utilisateurs VALUES(10150, 'eleve', 'Moru.Gif150', 'x5de[iH@O+b?/9q.');
INSERT INTO eleves VALUES(10150, 'Moru', 'Gif', '2nde5', 20920, 20928);
INSERT INTO utilisateurs VALUES(10151, 'eleve', 'Crapo.Tim151', 'ja^4nGebJ-,[59A7');
INSERT INTO eleves VALUES(10151, 'Crapo', 'Tim', '2nde5', 20390, 21259);
INSERT INTO utilisateurs VALUES(10152, 'eleve', 'Jonathan.Genese152', 'Q?K,=s){du6}"D5+');
INSERT INTO eleves VALUES(10152, 'Jonathan', 'Genese', '2nde5', 21833, 21746);
INSERT INTO utilisateurs VALUES(10153, 'eleve', 'Stabline.Tim153', 'I?/KAU81hXZd3H-_');
INSERT INTO eleves VALUES(10153, 'Stabline', 'Tim', '2nde5', 20079, 21565);
INSERT INTO utilisateurs VALUES(10154, 'eleve', 'Macly.Suke154', '\Wmir,PA^90FkJE_');
INSERT INTO eleves VALUES(10154, 'Macly', 'Suke', '2nde5', 21049, 21357);
INSERT INTO utilisateurs VALUES(10155, 'eleve', 'Jean-Eune.Tabulage155', 'u}=.iNIv%aQf+9?e');
INSERT INTO eleves VALUES(10155, 'Jean-Eune', 'Tabulage', '2nde5', 21241, 20783);
INSERT INTO utilisateurs VALUES(10156, 'eleve', 'Hugo.Electrique156', 'vxB&NHoyq,{T^:D3');
INSERT INTO eleves VALUES(10156, 'Hugo', 'Electrique', '2nde5', 20167, 20204);
INSERT INTO utilisateurs VALUES(10157, 'eleve', 'Jean-Eune.Lubrique157', '5K;%Gj"u-g[b]e)U');
INSERT INTO eleves VALUES(10157, 'Jean-Eune', 'Lubrique', '2nde5', 22058, 20313);
INSERT INTO utilisateurs VALUES(10158, 'eleve', 'Pablo.Dordebous158', '&d_L[(}e=HlV3I2.');
INSERT INTO eleves VALUES(10158, 'Pablo', 'Dordebous', '2nde5', 20351, 22034);
INSERT INTO utilisateurs VALUES(10159, 'eleve', 'Uberite.Mangesol159', '\4YOR.twTv&KH$<^');
INSERT INTO eleves VALUES(10159, 'Uberite', 'Mangesol', '2nde5', 20200, 20603);
INSERT INTO utilisateurs VALUES(10160, 'eleve', 'Deliver.Ite160', 'FspIkBP*yfNtAOJ^');
INSERT INTO eleves VALUES(10160, 'Deliver', 'Ite', '2nde5', 20298, 21155);
INSERT INTO utilisateurs VALUES(10161, 'eleve', 'Karfour.Vin161', 'Q3n=w-pegR\"20zC');
INSERT INTO eleves VALUES(10161, 'Karfour', 'Vin', '2nde5', 20366, 21867);
INSERT INTO utilisateurs VALUES(10162, 'eleve', 'Moru.Bluetooth162', '\g/@0XfmoD?l%Ane');
INSERT INTO eleves VALUES(10162, 'Moru', 'Bluetooth', '2nde5', 21994, 20245);
INSERT INTO utilisateurs VALUES(10163, 'eleve', 'Raphaël.Tabulage163', 'CO)W@0zBp8L;(a?b');
INSERT INTO eleves VALUES(10163, 'Raphaël', 'Tabulage', '2nde5', 21848, 21954);
INSERT INTO utilisateurs VALUES(10164, 'eleve', 'Paluche.Piloti164', '2,M6e=/iv)OJ]lFy');
INSERT INTO eleves VALUES(10164, 'Paluche', 'Piloti', '2nde5', 21455, 21477);
INSERT INTO classes VALUES('2nde6', '30007');
INSERT INTO utilisateurs VALUES(10165, 'eleve', 'Lucien.Pabo165', 'y6a%cWxl13E7gVRh');
INSERT INTO eleves VALUES(10165, 'Lucien', 'Pabo', '2nde6', 21549, 20008);
INSERT INTO utilisateurs VALUES(10166, 'eleve', 'Stabline.Ou166', '<fEaHMmPF0J!4@/?');
INSERT INTO eleves VALUES(10166, 'Stabline', 'Ou', '2nde6', 21922, 20175);
INSERT INTO utilisateurs VALUES(10167, 'eleve', 'Stalinslas.Lemoche167', 'bKW.c]\NU=BI+9J;');
INSERT INTO eleves VALUES(10167, 'Stalinslas', 'Lemoche', '2nde6', 22097, 20090);
INSERT INTO utilisateurs VALUES(10168, 'eleve', 'Deliver.Unowhy168', '%b:5J)o*ukDPgOI{');
INSERT INTO eleves VALUES(10168, 'Deliver', 'Unowhy', '2nde6', 21421, 20901);
INSERT INTO utilisateurs VALUES(10169, 'eleve', 'Tabour.Livrogne169', '_lD@,i0/?&.4UOTn');
INSERT INTO eleves VALUES(10169, 'Tabour', 'Livrogne', '2nde6', 21419, 21362);
INSERT INTO utilisateurs VALUES(10170, 'eleve', 'Jonathan.Dordebous170', ';a2Pq!*e$C=fA6G&');
INSERT INTO eleves VALUES(10170, 'Jonathan', 'Dordebous', '2nde6', 20789, 21861);
INSERT INTO utilisateurs VALUES(10171, 'eleve', 'Moru.Tim171', '7(=J%C|US4Hroidq');
INSERT INTO eleves VALUES(10171, 'Moru', 'Tim', '2nde6', 20246, 20301);
INSERT INTO utilisateurs VALUES(10172, 'eleve', 'Crapo.Plafond172', '&4Py_M\{q3zb6E(G');
INSERT INTO eleves VALUES(10172, 'Crapo', 'Plafond', '2nde6', 22073, 21407);
INSERT INTO utilisateurs VALUES(10173, 'eleve', 'Jonathan.Electrique173', 'fUDEd0S!/A}T^N?8');
INSERT INTO eleves VALUES(10173, 'Jonathan', 'Electrique', '2nde6', 21511, 20891);
INSERT INTO utilisateurs VALUES(10174, 'eleve', 'Stanyshlasse.Lemoche174', 'cGqaUPy\W<8}$-)i');
INSERT INTO eleves VALUES(10174, 'Stanyshlasse', 'Lemoche', '2nde6', 21974, 21422);
INSERT INTO utilisateurs VALUES(10175, 'eleve', 'Stanyshlasse.Suroderable175', 'GJ:<o=\Zl2jAI|cF');
INSERT INTO eleves VALUES(10175, 'Stanyshlasse', 'Suroderable', '2nde6', 20538, 21679);
INSERT INTO utilisateurs VALUES(10176, 'eleve', 'Mac.Plafond176', '79HLYvTG(6-[Zl%A');
INSERT INTO eleves VALUES(10176, 'Mac', 'Plafond', '2nde6', 20880, 21029);
INSERT INTO utilisateurs VALUES(10177, 'eleve', 'Tom.Ou177', 'x1T7V"\F*JwyXc:M');
INSERT INTO eleves VALUES(10177, 'Tom', 'Ou', '2nde6', 21212, 20275);
INSERT INTO utilisateurs VALUES(10178, 'eleve', 'Stalinslas.Lustre178', '&r_7D-d8cxl#6sqj');
INSERT INTO eleves VALUES(10178, 'Stalinslas', 'Lustre', '2nde6', 21320, 21424);
INSERT INTO utilisateurs VALUES(10179, 'eleve', 'Tem.Avion179', 'lG),y|}CO(TPM[3;');
INSERT INTO eleves VALUES(10179, 'Tem', 'Avion', '2nde6', 21044, 20730);
INSERT INTO utilisateurs VALUES(10180, 'eleve', 'Amogus.Lebron180', 'F}\lXPxEg"(8#_*S');
INSERT INTO eleves VALUES(10180, 'Amogus', 'Lebron', '2nde6', 21412, 21982);
INSERT INTO utilisateurs VALUES(10181, 'eleve', 'Stanyshlasse.Pie181', '$G|h<ANV?=HQc:kI');
INSERT INTO eleves VALUES(10181, 'Stanyshlasse', 'Pie', '2nde6', 21756, 20918);
INSERT INTO utilisateurs VALUES(10182, 'eleve', 'Jean-Mohammed.Lebron182', 'Ck[eDRG2h?/H;^rK');
INSERT INTO eleves VALUES(10182, 'Jean-Mohammed', 'Lebron', '2nde6', 20905, 20685);
INSERT INTO utilisateurs VALUES(10183, 'eleve', 'X Æ A-Ⅻ.Veu183', '_xIJ[d7^=UB)s0,K');
INSERT INTO eleves VALUES(10183, 'X Æ A-Ⅻ', 'Veu', '2nde6', 21434, 20394);
INSERT INTO utilisateurs VALUES(10184, 'eleve', 'Yanni.Genepi184', 'GIkdfymH."1J}zBE');
INSERT INTO eleves VALUES(10184, 'Yanni', 'Genepi', '2nde6', 21186, 20225);
INSERT INTO utilisateurs VALUES(10185, 'eleve', 'Stalinslas.Tem185', 'EYN!Dsz$oadApKG*');
INSERT INTO eleves VALUES(10185, 'Stalinslas', 'Tem', '2nde6', 21537, 21738);
INSERT INTO utilisateurs VALUES(10186, 'eleve', 'Romain.Dordebous186', '#c_*FXCu,"PD@)7=');
INSERT INTO eleves VALUES(10186, 'Romain', 'Dordebous', '2nde6', 21055, 21812);
INSERT INTO utilisateurs VALUES(10187, 'eleve', 'Juliet.Descartes187', '=Q7ivYm^sSyJ,1ea');
INSERT INTO eleves VALUES(10187, 'Juliet', 'Descartes', '2nde6', 21992, 20535);
INSERT INTO utilisateurs VALUES(10188, 'eleve', 'Raphaël.Duc de Montmorency188', 'iI=z>)HEt[,u@x+/');
INSERT INTO eleves VALUES(10188, 'Raphaël', 'Duc de Montmorency', '2nde6', 20841, 21558);
INSERT INTO utilisateurs VALUES(10189, 'eleve', 'Jean-Eune.Pie189', 'j_gqsol-fPFN@C}]');
INSERT INTO eleves VALUES(10189, 'Jean-Eune', 'Pie', '2nde6', 20026, 20970);
INSERT INTO utilisateurs VALUES(10190, 'eleve', 'Uber.Piloti190', '@-c_o3;N}QKCg04,');
INSERT INTO eleves VALUES(10190, 'Uber', 'Piloti', '2nde6', 21742, 21035);
INSERT INTO utilisateurs VALUES(10191, 'eleve', 'Karfour.Tem191', 'A]&sV9paZO;0TlMU');
INSERT INTO eleves VALUES(10191, 'Karfour', 'Tem', '2nde6', 20065, 20249);
INSERT INTO utilisateurs VALUES(10192, 'eleve', 'Romain.Electrique192', '}AX1%9#?iQl.GhB6');
INSERT INTO eleves VALUES(10192, 'Romain', 'Electrique', '2nde6', 20614, 20028);
INSERT INTO utilisateurs VALUES(10193, 'eleve', 'Ugo.Bluetooth193', 'p)($.i9,{w8X6/=v');
INSERT INTO eleves VALUES(10193, 'Ugo', 'Bluetooth', '2nde6', 20988, 21718);
INSERT INTO utilisateurs VALUES(10194, 'eleve', 'Hugo.Tim194', 'eucB={7\FLxvX0hb');
INSERT INTO eleves VALUES(10194, 'Hugo', 'Tim', '2nde6', 20051, 20659);
INSERT INTO utilisateurs VALUES(10195, 'eleve', 'Stanyshlasse.Genepi195', '.@g8PVL=G;AF5H-1');
INSERT INTO eleves VALUES(10195, 'Stanyshlasse', 'Genepi', '2nde6', 20881, 20405);
INSERT INTO utilisateurs VALUES(10196, 'eleve', 'Tom.Sus196', 'Sk.bQnE|>He3t91@');
INSERT INTO eleves VALUES(10196, 'Tom', 'Sus', '2nde6', 21865, 20129);
INSERT INTO utilisateurs VALUES(10197, 'eleve', 'Tym.Nutella197', 'Hvt)T?$lY/zqg=0:');
INSERT INTO eleves VALUES(10197, 'Tym', 'Nutella', '2nde6', 20575, 21473);
INSERT INTO classes VALUES('2nde7', '30051');
INSERT INTO utilisateurs VALUES(10198, 'eleve', 'Meubl.Lebron198', 'O:.7"ECFxnS%@-|h');
INSERT INTO eleves VALUES(10198, 'Meubl', 'Lebron', '2nde7', 21708, 20411);
INSERT INTO utilisateurs VALUES(10199, 'eleve', 'Amogus.Suroderable199', 'in0L)\ocQ:2";JqW');
INSERT INTO eleves VALUES(10199, 'Amogus', 'Suroderable', '2nde7', 21281, 21377);
INSERT INTO utilisateurs VALUES(10200, 'eleve', 'Jen.Moriarty200', 'BHu0F=A8:!bKto)W');
INSERT INTO eleves VALUES(10200, 'Jen', 'Moriarty', '2nde7', 20505, 20346);
INSERT INTO utilisateurs VALUES(10201, 'eleve', 'Romain.Moriarty201', 'ROv^%D_>dX7),?+}');
INSERT INTO eleves VALUES(10201, 'Romain', 'Moriarty', '2nde7', 20122, 21071);
INSERT INTO utilisateurs VALUES(10202, 'eleve', 'Paluche.Lustre202', 'Djz^E-5}I/ZU$ek+');
INSERT INTO eleves VALUES(10202, 'Paluche', 'Lustre', '2nde7', 20914, 20836);
INSERT INTO utilisateurs VALUES(10203, 'eleve', 'Célian.Ou203', '%QNutTh^-p_,+6HM');
INSERT INTO eleves VALUES(10203, 'Célian', 'Ou', '2nde7', 21766, 21862);
INSERT INTO utilisateurs VALUES(10204, 'eleve', 'Vic.Please204', 'Fjm8|i7?-"&X.Jgd');
INSERT INTO eleves VALUES(10204, 'Vic', 'Please', '2nde7', 20700, 20330);
INSERT INTO utilisateurs VALUES(10205, 'eleve', 'Tabour.Ite205', 'Q]?!k}>b:V5nWlIS');
INSERT INTO eleves VALUES(10205, 'Tabour', 'Ite', '2nde7', 21601, 22006);
INSERT INTO utilisateurs VALUES(10206, 'eleve', 'Jonathan.Vin206', 'AgGrvT[Net.6P;<b');
INSERT INTO eleves VALUES(10206, 'Jonathan', 'Vin', '2nde7', 20876, 21350);
INSERT INTO utilisateurs VALUES(10207, 'eleve', 'Tym.Sus207', 'hd$1TmRguZ(aXJ@{');
INSERT INTO eleves VALUES(10207, 'Tym', 'Sus', '2nde7', 20976, 21529);
INSERT INTO utilisateurs VALUES(10208, 'eleve', 'Moru.Mangesol208', '-]M=feFy@k(Ex5gi');
INSERT INTO eleves VALUES(10208, 'Moru', 'Mangesol', '2nde7', 21291, 20347);
INSERT INTO utilisateurs VALUES(10209, 'eleve', 'Deliver.Dordebous209', 'z"!#AqU,C<>ey%xh');
INSERT INTO eleves VALUES(10209, 'Deliver', 'Dordebous', '2nde7', 20631, 20620);
INSERT INTO utilisateurs VALUES(10210, 'eleve', 'Tum.Suke210', 'JBUlSq!VPc@m9)i>');
INSERT INTO eleves VALUES(10210, 'Tum', 'Suke', '2nde7', 20176, 22063);
INSERT INTO utilisateurs VALUES(10211, 'eleve', 'Skwizy.Plafond211', '&dy;m6{a7e|p:+r4');
INSERT INTO eleves VALUES(10211, 'Skwizy', 'Plafond', '2nde7', 20834, 21276);
INSERT INTO utilisateurs VALUES(10212, 'eleve', 'Tem.Edupython212', '!A5WCuy-F@OB{G:R');
INSERT INTO eleves VALUES(10212, 'Tem', 'Edupython', '2nde7', 20308, 21596);
INSERT INTO utilisateurs VALUES(10213, 'eleve', 'Jen.Sus213', 'Vt2X{SKZOf]dBr8)');
INSERT INTO eleves VALUES(10213, 'Jen', 'Sus', '2nde7', 20940, 20211);
INSERT INTO utilisateurs VALUES(10214, 'eleve', 'Macly.Tam214', '=n4CrG!#@-ABmNE(');
INSERT INTO eleves VALUES(10214, 'Macly', 'Tam', '2nde7', 21189, 20872);
INSERT INTO utilisateurs VALUES(10215, 'eleve', 'Karfour.Ikea215', 'FK,zCu}gye-=_[79');
INSERT INTO eleves VALUES(10215, 'Karfour', 'Ikea', '2nde7', 22088, 22064);
INSERT INTO utilisateurs VALUES(10216, 'eleve', 'Tem.Geneve216', 's9%T/0;bD<+f{$}i');
INSERT INTO eleves VALUES(10216, 'Tem', 'Geneve', '2nde7', 22083, 20953);
INSERT INTO utilisateurs VALUES(10217, 'eleve', 'Uberite.Pipe217', '*:93Omt(M8{U]lTi');
INSERT INTO eleves VALUES(10217, 'Uberite', 'Pipe', '2nde7', 22079, 21595);
INSERT INTO utilisateurs VALUES(10218, 'eleve', 'Pabo.Tim218', '_^j[rJu:9%aKsx8P');
INSERT INTO eleves VALUES(10218, 'Pabo', 'Tim', '2nde7', 21286, 20213);
INSERT INTO utilisateurs VALUES(10219, 'eleve', 'Vic.Genesis219', 'L{H]2u5AMk}g<%dJ');
INSERT INTO eleves VALUES(10219, 'Vic', 'Genesis', '2nde7', 20073, 21090);
INSERT INTO utilisateurs VALUES(10220, 'eleve', 'Jen.Tum220', '%xB2<K{i|M,NDvjJ');
INSERT INTO eleves VALUES(10220, 'Jen', 'Tum', '2nde7', 21808, 20396);
INSERT INTO utilisateurs VALUES(10221, 'eleve', 'Nathanaël.Wifi221', 'V,Y\^K<HU(Zfo@s9');
INSERT INTO eleves VALUES(10221, 'Nathanaël', 'Wifi', '2nde7', 20293, 21512);
INSERT INTO utilisateurs VALUES(10222, 'eleve', 'Crapo.Lodevie222', 'g>[n4!=jBYLlFmyJ');
INSERT INTO eleves VALUES(10222, 'Crapo', 'Lodevie', '2nde7', 20243, 20002);
INSERT INTO utilisateurs VALUES(10223, 'eleve', 'Tym.Plafond223', 'tJW1hxweCRFiy;\z');
INSERT INTO eleves VALUES(10223, 'Tym', 'Plafond', '2nde7', 22017, 20220);
INSERT INTO utilisateurs VALUES(10224, 'eleve', 'Vic.Suke224', 'D2a]^/eU;%r{5Fcl');
INSERT INTO eleves VALUES(10224, 'Vic', 'Suke', '2nde7', 21139, 21850);
INSERT INTO utilisateurs VALUES(10225, 'eleve', 'Etrique.Lebeau225', 'CK;OQ-d:6SJV5zr]');
INSERT INTO eleves VALUES(10225, 'Etrique', 'Lebeau', '2nde7', 20182, 20333);
INSERT INTO utilisateurs VALUES(10226, 'eleve', 'Skwizy.Tim226', 'phU*wZr+>fT795me');
INSERT INTO eleves VALUES(10226, 'Skwizy', 'Tim', '2nde7', 21684, 20764);
INSERT INTO utilisateurs VALUES(10227, 'eleve', 'Ugo.Lustre227', ']5nATyZ#iu6BlD.%');
INSERT INTO eleves VALUES(10227, 'Ugo', 'Lustre', '2nde7', 21785, 21826);
INSERT INTO utilisateurs VALUES(10228, 'eleve', 'Tym.Genepi228', 'mi,Wn7-P[!w4kv_*');
INSERT INTO eleves VALUES(10228, 'Tym', 'Genepi', '2nde7', 20239, 20446);
INSERT INTO utilisateurs VALUES(10229, 'eleve', 'Tem.Pablo229', 'Yg1Bs?4Z%vwLKQbk');
INSERT INTO eleves VALUES(10229, 'Tem', 'Pablo', '2nde7', 21975, 21580);
INSERT INTO classes VALUES('2nde8', '30050');
INSERT INTO utilisateurs VALUES(10230, 'eleve', 'Tym.Please230', 'f(&Sua6x^)_*Q3\e');
INSERT INTO eleves VALUES(10230, 'Tym', 'Please', '2nde8', 21097, 21161);
INSERT INTO utilisateurs VALUES(10231, 'eleve', 'Hugo.Genepi231', 'Io;1ABl{tk5E]hV$');
INSERT INTO eleves VALUES(10231, 'Hugo', 'Genepi', '2nde8', 20868, 21680);
INSERT INTO utilisateurs VALUES(10232, 'eleve', 'Valeri.Marat232', 'bG#pBR&;HqNK{s="');
INSERT INTO eleves VALUES(10232, 'Valeri', 'Marat', '2nde8', 20233, 21061);
INSERT INTO utilisateurs VALUES(10233, 'eleve', 'Lumineux.Bluetooth233', '%Z.krmC*pl^9=$6:');
INSERT INTO eleves VALUES(10233, 'Lumineux', 'Bluetooth', '2nde8', 20708, 21353);
INSERT INTO utilisateurs VALUES(10234, 'eleve', 'Tum.Lebron234', '}9@)4G2u.L+j*h&3');
INSERT INTO eleves VALUES(10234, 'Tum', 'Lebron', '2nde8', 21268, 21037);
INSERT INTO utilisateurs VALUES(10235, 'eleve', 'Paluche.Geneve235', '8?Zt@B)J!qRay=kE');
INSERT INTO eleves VALUES(10235, 'Paluche', 'Geneve', '2nde8', 20537, 20371);
INSERT INTO utilisateurs VALUES(10236, 'eleve', 'Jen.Cremanglaise236', 'e!pWPG8,TB\C+6wU');
INSERT INTO eleves VALUES(10236, 'Jen', 'Cremanglaise', '2nde8', 20335, 20833);
INSERT INTO utilisateurs VALUES(10237, 'eleve', 'Etrique.Lodevie237', 'WzKu"Yw8&n+C=_|#');
INSERT INTO eleves VALUES(10237, 'Etrique', 'Lodevie', '2nde8', 21211, 21397);
INSERT INTO utilisateurs VALUES(10238, 'eleve', 'Yassine.Edupython238', '7CP=O\i9f/@F_{v<');
INSERT INTO eleves VALUES(10238, 'Yassine', 'Edupython', '2nde8', 20640, 20154);
INSERT INTO utilisateurs VALUES(10239, 'eleve', 'Candys-Noémie.Lebeau239', 'Lb;TeW+@g,p$8A:F');
INSERT INTO eleves VALUES(10239, 'Candys-Noémie', 'Lebeau', '2nde8', 21370, 20273);
INSERT INTO utilisateurs VALUES(10240, 'eleve', 'Yassine.Tum240', ',Se6r?Bv9z(M3@0>');
INSERT INTO eleves VALUES(10240, 'Yassine', 'Tum', '2nde8', 20510, 21809);
INSERT INTO utilisateurs VALUES(10241, 'eleve', 'Tom.Gif241', '[MlOm]EoC!D2=)%/');
INSERT INTO eleves VALUES(10241, 'Tom', 'Gif', '2nde8', 21979, 20255);
INSERT INTO utilisateurs VALUES(10242, 'eleve', 'Candys-Noémie.Pie242', 'Ih)!k,|f$lDGJ4wO');
INSERT INTO eleves VALUES(10242, 'Candys-Noémie', 'Pie', '2nde8', 20658, 21020);
INSERT INTO utilisateurs VALUES(10243, 'eleve', 'Yanni.Bechamelle243', 'X8#M<A|@b\QBH)a+');
INSERT INTO eleves VALUES(10243, 'Yanni', 'Bechamelle', '2nde8', 21486, 20981);
INSERT INTO utilisateurs VALUES(10244, 'eleve', 'Thomes.Avion244', '8#iz0VC|*)/;+=7_');
INSERT INTO eleves VALUES(10244, 'Thomes', 'Avion', '2nde8', 20141, 20993);
INSERT INTO utilisateurs VALUES(10245, 'eleve', 'Bernar.Pabo245', 'tMEXwkdz+(K7C*sF');
INSERT INTO eleves VALUES(10245, 'Bernar', 'Pabo', '2nde8', 21471, 21309);
INSERT INTO utilisateurs VALUES(10246, 'eleve', 'Yanni.Qwerty246', '_l4HNF$Ixfp2UArS');
INSERT INTO eleves VALUES(10246, 'Yanni', 'Qwerty', '2nde8', 20140, 20641);
INSERT INTO utilisateurs VALUES(10247, 'eleve', 'Jonathan.Cremanglaise247', '#}l;!TtJis4eC9Rb');
INSERT INTO eleves VALUES(10247, 'Jonathan', 'Cremanglaise', '2nde8', 21868, 21575);
INSERT INTO utilisateurs VALUES(10248, 'eleve', 'Tum.Mangesol248', 'lZ"xvUrg=sPh3$*)');
INSERT INTO eleves VALUES(10248, 'Tum', 'Mangesol', '2nde8', 21310, 20818);
INSERT INTO utilisateurs VALUES(10249, 'eleve', 'Deliver.Edupython249', '4dwNFZvn1W2AKq3s');
INSERT INTO eleves VALUES(10249, 'Deliver', 'Edupython', '2nde8', 21426, 21360);
INSERT INTO utilisateurs VALUES(10250, 'eleve', 'Ugo.Vin250', 'oY6+5AsO#@FzQh2/');
INSERT INTO eleves VALUES(10250, 'Ugo', 'Vin', '2nde8', 21168, 20952);
INSERT INTO utilisateurs VALUES(10251, 'eleve', 'Chario.Gif251', 'N5ZyzY]DGXFaW_wI');
INSERT INTO eleves VALUES(10251, 'Chario', 'Gif', '2nde8', 21299, 20069);
INSERT INTO utilisateurs VALUES(10252, 'eleve', 'Maxence.Wifi252', 'i>zO-v0@&e]P7j3F');
INSERT INTO eleves VALUES(10252, 'Maxence', 'Wifi', '2nde8', 20485, 20202);
INSERT INTO utilisateurs VALUES(10253, 'eleve', 'Bernar.Marat253', 'f#}0Lg=-hT"csbU@');
INSERT INTO eleves VALUES(10253, 'Bernar', 'Marat', '2nde8', 21949, 21604);
INSERT INTO utilisateurs VALUES(10254, 'eleve', 'Deliver.Mière254', '43(*B>pk@USe%]^+');
INSERT INTO eleves VALUES(10254, 'Deliver', 'Mière', '2nde8', 21409, 20358);
INSERT INTO utilisateurs VALUES(10255, 'eleve', 'Articho.Gif255', '6#}zERZ$>-km0l_X');
INSERT INTO eleves VALUES(10255, 'Articho', 'Gif', '2nde8', 21736, 20393);
INSERT INTO utilisateurs VALUES(10256, 'eleve', 'Tim.Nutella256', 'H!qKYQ_?6=po7hE8');
INSERT INTO eleves VALUES(10256, 'Tim', 'Nutella', '2nde8', 20258, 21895);
INSERT INTO utilisateurs VALUES(10257, 'eleve', 'Stanyshlasse.Pipe257', 'g%|&/9?h3Y[,wC1m');
INSERT INTO eleves VALUES(10257, 'Stanyshlasse', 'Pipe', '2nde8', 20492, 20796);
INSERT INTO utilisateurs VALUES(10258, 'eleve', 'Maxence.Tabulage258', 'K&"GM8exr9C6gn)%');
INSERT INTO eleves VALUES(10258, 'Maxence', 'Tabulage', '2nde8', 22057, 20180);
INSERT INTO utilisateurs VALUES(10259, 'eleve', 'Candys-Noémie.Pipe259', 'TMn24EGmp3Ag>:e"');
INSERT INTO eleves VALUES(10259, 'Candys-Noémie', 'Pipe', '2nde8', 21036, 20633);
INSERT INTO utilisateurs VALUES(10260, 'eleve', 'Prise.Suke260', 'cbaZHTDtg-J/F*p_');
INSERT INTO eleves VALUES(10260, 'Prise', 'Suke', '2nde8', 21961, 21423);
INSERT INTO utilisateurs VALUES(10261, 'eleve', 'Moru.Lemoche261', '-8y}oMTU5x(Jg{Gd');
INSERT INTO eleves VALUES(10261, 'Moru', 'Lemoche', '2nde8', 21343, 21556);
INSERT INTO utilisateurs VALUES(10262, 'eleve', 'Vic.Moriarty262', 'OK;$=9p,-qVJ#|:g');
INSERT INTO eleves VALUES(10262, 'Vic', 'Moriarty', '2nde8', 20572, 20098);
INSERT INTO classes VALUES('2nde9', '30062');
INSERT INTO utilisateurs VALUES(10263, 'eleve', 'Maxence.Pipe263', 'E(Cfx!8bI<t/d)&p');
INSERT INTO eleves VALUES(10263, 'Maxence', 'Pipe', '2nde9', 21770, 21510);
INSERT INTO utilisateurs VALUES(10264, 'eleve', 'Erve.Dordebous264', '#>;hTa5YKmdMxr$E');
INSERT INTO eleves VALUES(10264, 'Erve', 'Dordebous', '2nde9', 20713, 21748);
INSERT INTO utilisateurs VALUES(10265, 'eleve', 'Sintia.Unowhy265', 'U2i-.B)H%PtoT3ad');
INSERT INTO eleves VALUES(10265, 'Sintia', 'Unowhy', '2nde9', 20383, 21192);
INSERT INTO utilisateurs VALUES(10266, 'eleve', 'Hubert-Valéry-Patrick-Stanislas.B57 PRO MAX 3500266', 'F4Tyb@s!XrxQpov.');
INSERT INTO eleves VALUES(10266, 'Hubert-Valéry-Patrick-Stanislas', 'B57 PRO MAX 3500', '2nde9', 21012, 21451);
INSERT INTO utilisateurs VALUES(10267, 'eleve', 'Macly.Plafond267', 'y+%ive71ZCLfX/q*');
INSERT INTO eleves VALUES(10267, 'Macly', 'Plafond', '2nde9', 20475, 20757);
INSERT INTO utilisateurs VALUES(10268, 'eleve', 'Uber.Tom268', 'vU=r0S/6k"$1nfY2');
INSERT INTO eleves VALUES(10268, 'Uber', 'Tom', '2nde9', 20032, 21102);
INSERT INTO utilisateurs VALUES(10269, 'eleve', 'Tim.Livrogne269', '*rYmbqeiSh^Rav@0');
INSERT INTO eleves VALUES(10269, 'Tim', 'Livrogne', '2nde9', 20059, 21222);
INSERT INTO utilisateurs VALUES(10270, 'eleve', 'Meubl.Tym270', '{bJETGBtI|WVNA9X');
INSERT INTO eleves VALUES(10270, 'Meubl', 'Tym', '2nde9', 21067, 20310);
INSERT INTO utilisateurs VALUES(10271, 'eleve', 'Jean-Mohammed.Moriarty271', '0%#]dwEFCknjb=?p');
INSERT INTO eleves VALUES(10271, 'Jean-Mohammed', 'Moriarty', '2nde9', 20656, 21784);
INSERT INTO utilisateurs VALUES(10272, 'eleve', 'Deliver.Bechamelle272', '=s6#R0C:/2})?nG5');
INSERT INTO eleves VALUES(10272, 'Deliver', 'Bechamelle', '2nde9', 21545, 21668);
INSERT INTO utilisateurs VALUES(10273, 'eleve', 'Pabo.Tam273', 'td;U5oGeK)HA|lzR');
INSERT INTO eleves VALUES(10273, 'Pabo', 'Tam', '2nde9', 20453, 21122);
INSERT INTO utilisateurs VALUES(10274, 'eleve', 'Stabline.Nutella274', 'js]mir1GZqDBM>2(');
INSERT INTO eleves VALUES(10274, 'Stabline', 'Nutella', '2nde9', 21432, 20545);
INSERT INTO utilisateurs VALUES(10275, 'eleve', 'Juliet.Tum275', 'z$j1OUR!0N^B7x>-');
INSERT INTO eleves VALUES(10275, 'Juliet', 'Tum', '2nde9', 20951, 20155);
INSERT INTO utilisateurs VALUES(10276, 'eleve', 'Etrique.Ite276', 'FD:z6#]d2O=uB[^L');
INSERT INTO eleves VALUES(10276, 'Etrique', 'Ite', '2nde9', 21641, 21704);
INSERT INTO utilisateurs VALUES(10277, 'eleve', 'Célian.Tym277', 'OUGTQeK"Lof4R^Fq');
INSERT INTO eleves VALUES(10277, 'Célian', 'Tym', '2nde9', 21807, 20235);
INSERT INTO utilisateurs VALUES(10278, 'eleve', 'Desirade.Electrique278', '=05|-i$/k4_Dda.x');
INSERT INTO eleves VALUES(10278, 'Desirade', 'Electrique', '2nde9', 20264, 21873);
INSERT INTO utilisateurs VALUES(10279, 'eleve', 'Tim.Tam279', 'w!n:YEp29@)qN#e6');
INSERT INTO eleves VALUES(10279, 'Tim', 'Tam', '2nde9', 21365, 21143);
INSERT INTO utilisateurs VALUES(10280, 'eleve', 'Tum.Musk280', 'D4q@tlf\y8;gpnso');
INSERT INTO eleves VALUES(10280, 'Tum', 'Musk', '2nde9', 21293, 20360);
INSERT INTO utilisateurs VALUES(10281, 'eleve', 'Lumineux.Musk281', 'r>R4Z^2QT)5vljAY');
INSERT INTO eleves VALUES(10281, 'Lumineux', 'Musk', '2nde9', 21813, 21741);
INSERT INTO utilisateurs VALUES(10282, 'eleve', 'Pabo.Marat282', 'OFlt+imu@kcRpW?2');
INSERT INTO eleves VALUES(10282, 'Pabo', 'Marat', '2nde9', 20198, 20947);
INSERT INTO utilisateurs VALUES(10283, 'eleve', 'Deliver.Tom283', 'CnJTj_AH\8/$prwL');
INSERT INTO eleves VALUES(10283, 'Deliver', 'Tom', '2nde9', 21154, 21983);
INSERT INTO utilisateurs VALUES(10284, 'eleve', 'Maxence.Gober284', 'x9il8&nm;#Ho(tsU');
INSERT INTO eleves VALUES(10284, 'Maxence', 'Gober', '2nde9', 20294, 21460);
INSERT INTO utilisateurs VALUES(10285, 'eleve', 'Hugo.Market285', '>e.87L&CN^}q(/iJ');
INSERT INTO eleves VALUES(10285, 'Hugo', 'Market', '2nde9', 20132, 21099);
INSERT INTO utilisateurs VALUES(10286, 'eleve', 'Tim.Bluetooth286', '$|#Tp]l\rxj}[Jc{');
INSERT INTO eleves VALUES(10286, 'Tim', 'Bluetooth', '2nde9', 21518, 20480);
INSERT INTO utilisateurs VALUES(10287, 'eleve', 'Thanzile.Lodevie287', ';<USN@YMq3WlJaK1');
INSERT INTO eleves VALUES(10287, 'Thanzile', 'Lodevie', '2nde9', 20539, 20946);
INSERT INTO utilisateurs VALUES(10288, 'eleve', 'Yassine.Suroderable288', '(Mv_.q)|w=:o>I28');
INSERT INTO eleves VALUES(10288, 'Yassine', 'Suroderable', '2nde9', 21264, 20583);
INSERT INTO utilisateurs VALUES(10289, 'eleve', 'Chario.Oxlong289', 'r>IW!"nKP{N9@Rz_');
INSERT INTO eleves VALUES(10289, 'Chario', 'Oxlong', '2nde9', 20666, 21869);
INSERT INTO utilisateurs VALUES(10290, 'eleve', 'Bernar.Pie290', 'b\VBe@t?_!vuO.=$');
INSERT INTO eleves VALUES(10290, 'Bernar', 'Pie', '2nde9', 20528, 20459);
INSERT INTO utilisateurs VALUES(10291, 'eleve', 'Paluche.Qwerty291', '={4jBXWlgm?ni9bw');
INSERT INTO eleves VALUES(10291, 'Paluche', 'Qwerty', '2nde9', 20932, 21985);
INSERT INTO utilisateurs VALUES(10292, 'eleve', 'Chario.B57 PRO MAX 3500292', 'OJ:H+zu<,N/PEack');
INSERT INTO eleves VALUES(10292, 'Chario', 'B57 PRO MAX 3500', '2nde9', 20055, 20482);
INSERT INTO utilisateurs VALUES(10293, 'eleve', 'Loui.Lebeau293', '2U},xth*J0T\%7![');
INSERT INTO eleves VALUES(10293, 'Loui', 'Lebeau', '2nde9', 20072, 22026);
INSERT INTO utilisateurs VALUES(10294, 'eleve', 'Tem.Mangesol294', '*g1)W[z9Fw(uXQ|8');
INSERT INTO eleves VALUES(10294, 'Tem', 'Mangesol', '2nde9', 20925, 21456);
INSERT INTO utilisateurs VALUES(10295, 'eleve', 'Tim.Wifi295', '<t*rl\2-u=yxAFCH');
INSERT INTO eleves VALUES(10295, 'Tim', 'Wifi', '2nde9', 20374, 21856);
INSERT INTO utilisateurs VALUES(10296, 'eleve', 'Stanyshlasse.Lebron296', 'GrUx_<lpRa=YB>4-');
INSERT INTO eleves VALUES(10296, 'Stanyshlasse', 'Lebron', '2nde9', 20934, 21802);
INSERT INTO classes VALUES('2nde10', '30048');
INSERT INTO utilisateurs VALUES(10297, 'eleve', 'Credito.Descartes297', '#@GmB"7+MqXiAKH^');
INSERT INTO eleves VALUES(10297, 'Credito', 'Descartes', '2nde10', 21973, 21703);
INSERT INTO utilisateurs VALUES(10298, 'eleve', 'Hubert-Valéry-Patrick-Stanislas.Tum298', '"jqmadhQ=Jw1WM<7');
INSERT INTO eleves VALUES(10298, 'Hubert-Valéry-Patrick-Stanislas', 'Tum', '2nde10', 21224, 20118);
INSERT INTO utilisateurs VALUES(10299, 'eleve', 'Crapo.Azerty299', 'TN%/pS@_!&Fr?H=7');
INSERT INTO eleves VALUES(10299, 'Crapo', 'Azerty', '2nde10', 21203, 21605);
INSERT INTO utilisateurs VALUES(10300, 'eleve', 'Thomes.Tym300', 'DZ7^_?TI2UovGydr');
INSERT INTO eleves VALUES(10300, 'Thomes', 'Tym', '2nde10', 21639, 21385);
INSERT INTO utilisateurs VALUES(10301, 'eleve', 'Paluche.Genese301', 'nKHpaC2]9_8z43YG');
INSERT INTO eleves VALUES(10301, 'Paluche', 'Genese', '2nde10', 20388, 20091);
INSERT INTO utilisateurs VALUES(10302, 'eleve', 'Moru.Oxlong302', 'hm#Vb\rkHis7^YK,');
INSERT INTO eleves VALUES(10302, 'Moru', 'Oxlong', '2nde10', 20681, 21387);
INSERT INTO utilisateurs VALUES(10303, 'eleve', 'Tum.Lebeau303', 'bYFX;3w8)pKt[v!&');
INSERT INTO eleves VALUES(10303, 'Tum', 'Lebeau', '2nde10', 21208, 21336);
INSERT INTO utilisateurs VALUES(10304, 'eleve', 'Lucien.Mière304', '[TQ;(Vmop+@"H{-5');
INSERT INTO eleves VALUES(10304, 'Lucien', 'Mière', '2nde10', 21255, 20661);
INSERT INTO utilisateurs VALUES(10305, 'eleve', 'Tum.Epiee305', '5x&X.)*!>CaZGF#g');
INSERT INTO eleves VALUES(10305, 'Tum', 'Epiee', '2nde10', 21437, 21271);
INSERT INTO utilisateurs VALUES(10306, 'eleve', 'Prise.Dordebous306', 'AgJ4L,"B/rz]xM%7');
INSERT INTO eleves VALUES(10306, 'Prise', 'Dordebous', '2nde10', 20299, 20230);
INSERT INTO utilisateurs VALUES(10307, 'eleve', 'Bernar.Electrique307', '9Ux62T;s?Q*-VB[)');
INSERT INTO eleves VALUES(10307, 'Bernar', 'Electrique', '2nde10', 20527, 20183);
INSERT INTO utilisateurs VALUES(10308, 'eleve', 'Amogus.Tam308', '^{?=Yn:SOB[b@}\e');
INSERT INTO eleves VALUES(10308, 'Amogus', 'Tam', '2nde10', 20792, 22084);
INSERT INTO utilisateurs VALUES(10309, 'eleve', 'Stabline.Edupython309', 'o:c^H6bs2FTQ(vdz');
INSERT INTO eleves VALUES(10309, 'Stabline', 'Edupython', '2nde10', 21577, 21126);
INSERT INTO utilisateurs VALUES(10310, 'eleve', 'Florian.Electrique310', 'TZPI4]{C<t2$VHA=');
INSERT INTO eleves VALUES(10310, 'Florian', 'Electrique', '2nde10', 21618, 21643);
INSERT INTO utilisateurs VALUES(10311, 'eleve', 'Jen.Tym311', 'o%m;]F.RCE\Z9p0I');
INSERT INTO eleves VALUES(10311, 'Jen', 'Tym', '2nde10', 21472, 20599);
INSERT INTO utilisateurs VALUES(10312, 'eleve', 'Yanni.Suke312', 'IT4>C,ZSc/xyh85=');
INSERT INTO eleves VALUES(10312, 'Yanni', 'Suke', '2nde10', 20469, 20339);
INSERT INTO utilisateurs VALUES(10313, 'eleve', 'Jean-Mohammed.Unowhy313', 'HL)1#Q6vu,-"KlO%');
INSERT INTO eleves VALUES(10313, 'Jean-Mohammed', 'Unowhy', '2nde10', 21659, 21088);
INSERT INTO utilisateurs VALUES(10314, 'eleve', 'Thomes.Ite314', '[M]3UG_&$e:^z|ln');
INSERT INTO eleves VALUES(10314, 'Thomes', 'Ite', '2nde10', 20191, 20846);
INSERT INTO utilisateurs VALUES(10315, 'eleve', 'Erve.Genepi315', ')G&?%t_a5VKWFYgv');
INSERT INTO eleves VALUES(10315, 'Erve', 'Genepi', '2nde10', 22061, 21051);
INSERT INTO utilisateurs VALUES(10316, 'eleve', 'Patric.Ikea316', 'r{,>;3}(@:wK-jZU');
INSERT INTO eleves VALUES(10316, 'Patric', 'Ikea', '2nde10', 21688, 20045);
INSERT INTO utilisateurs VALUES(10317, 'eleve', 'Tam.Tabulage317', 'AOpUgR9Wh\#4qM@0');
INSERT INTO eleves VALUES(10317, 'Tam', 'Tabulage', '2nde10', 21172, 20758);
INSERT INTO utilisateurs VALUES(10318, 'eleve', 'Stalinslas.Meurs318', 'K]-Ui!yV?<:8Yp{B');
INSERT INTO eleves VALUES(10318, 'Stalinslas', 'Meurs', '2nde10', 20960, 21125);
INSERT INTO utilisateurs VALUES(10319, 'eleve', 'Stanyshlasse.Lodevie319', 'qQrbsa=Yt};mJ_G|');
INSERT INTO eleves VALUES(10319, 'Stanyshlasse', 'Lodevie', '2nde10', 22096, 20594);
INSERT INTO utilisateurs VALUES(10320, 'eleve', 'Etrique.Oxlong320', 'Yf9ju%k[+sLnGFiK');
INSERT INTO eleves VALUES(10320, 'Etrique', 'Oxlong', '2nde10', 20498, 21653);
INSERT INTO utilisateurs VALUES(10321, 'eleve', 'Chario.Pie321', 'M!\P(4<o_qy)N%ZV');
INSERT INTO eleves VALUES(10321, 'Chario', 'Pie', '2nde10', 20036, 21254);
INSERT INTO utilisateurs VALUES(10322, 'eleve', 'Amogus.Edupython322', 'uk7f;5rJc!)Sqby6');
INSERT INTO eleves VALUES(10322, 'Amogus', 'Edupython', '2nde10', 21608, 21835);
INSERT INTO utilisateurs VALUES(10323, 'eleve', 'Tom.Nutella323', '\7+ad^v>%B#Ix(Ce');
INSERT INTO eleves VALUES(10323, 'Tom', 'Nutella', '2nde10', 20585, 20488);
INSERT INTO utilisateurs VALUES(10324, 'eleve', 'Stabline.Pipe324', '^<k!HeJ1Yvc:Nlpi');
INSERT INTO eleves VALUES(10324, 'Stabline', 'Pipe', '2nde10', 21935, 21107);
INSERT INTO utilisateurs VALUES(10325, 'eleve', 'Karfour.Sus325', 'c[/!VT"$YD%KeXNs');
INSERT INTO eleves VALUES(10325, 'Karfour', 'Sus', '2nde10', 20017, 22051);
INSERT INTO utilisateurs VALUES(10326, 'eleve', 'Tum.B57 PRO MAX 3500326', 'Td*[,FvR>1"MqBLE');
INSERT INTO eleves VALUES(10326, 'Tum', 'B57 PRO MAX 3500', '2nde10', 22087, 20694);
INSERT INTO utilisateurs VALUES(10327, 'eleve', 'Deliver.Suke327', 'dWsw?-vZFnoH*LNz');
INSERT INTO eleves VALUES(10327, 'Deliver', 'Suke', '2nde10', 21734, 21204);
INSERT INTO utilisateurs VALUES(10328, 'eleve', 'Stanyshlasse.Veu328', 'Ah0,Z>F2@VQ/|1U_');
INSERT INTO eleves VALUES(10328, 'Stanyshlasse', 'Veu', '2nde10', 21619, 21197);
INSERT INTO utilisateurs VALUES(10329, 'eleve', 'Yassine.Ikea329', 'G})$%v<#5E,HB4gm');
INSERT INTO eleves VALUES(10329, 'Yassine', 'Ikea', '2nde10', 21762, 22054);
INSERT INTO utilisateurs VALUES(10330, 'eleve', 'Thanzile.Lemoche330', 'U=Iy9G_]fi{|7@}>');
INSERT INTO eleves VALUES(10330, 'Thanzile', 'Lemoche', '2nde10', 21662, 22000);
INSERT INTO utilisateurs VALUES(10331, 'eleve', 'Hubert-Valéry-Patrick-Stanislas.Piloti331', 'WQ:Op]1RG(z?Z-/B');
INSERT INTO eleves VALUES(10331, 'Hubert-Valéry-Patrick-Stanislas', 'Piloti', '2nde10', 21312, 21182);
INSERT INTO classes VALUES('1ère1', '30016');
INSERT INTO utilisateurs VALUES(10332, 'eleve', 'X Æ A-Ⅻ.Electrique332', '{=@!jli"f7p1bDeQ');
INSERT INTO eleves VALUES(10332, 'X Æ A-Ⅻ', 'Electrique', '1ère1', 21709, 21805);
INSERT INTO utilisateurs VALUES(10333, 'eleve', 'Prise.Tam333', '=2G$a7^Y|F3m@1\K');
INSERT INTO eleves VALUES(10333, 'Prise', 'Tam', '1ère1', 20179, 20287);
INSERT INTO utilisateurs VALUES(10334, 'eleve', 'Juliet.B57 PRO MAX 3500334', 'yo.$,6l/Avh9u3B_');
INSERT INTO eleves VALUES(10334, 'Juliet', 'B57 PRO MAX 3500', '1ère1', 20637, 20448);
INSERT INTO utilisateurs VALUES(10335, 'eleve', 'Tym.Ikea335', '^r;@iF}Ynxs*u(LE');
INSERT INTO eleves VALUES(10335, 'Tym', 'Ikea', '1ère1', 22027, 20493);
INSERT INTO utilisateurs VALUES(10336, 'eleve', 'Jonathan.Pablo336', 'C!LEe[Yp0.;JgAUu');
INSERT INTO eleves VALUES(10336, 'Jonathan', 'Pablo', '1ère1', 22025, 20424);
INSERT INTO utilisateurs VALUES(10337, 'eleve', 'Stalinslas.Mière337', 'Y&WCJv]+ZKUzLApi');
INSERT INTO eleves VALUES(10337, 'Stalinslas', 'Mière', '1ère1', 21368, 22077);
INSERT INTO utilisateurs VALUES(10338, 'eleve', 'Tum.Moriarty338', '5FPE?8%ScmwI2i6$');
INSERT INTO eleves VALUES(10338, 'Tum', 'Moriarty', '1ère1', 20290, 20576);
INSERT INTO utilisateurs VALUES(10339, 'eleve', 'Meubl.Tum339', '|]kM/Bmx7wY<pQDU');
INSERT INTO eleves VALUES(10339, 'Meubl', 'Tum', '1ère1', 21481, 21507);
INSERT INTO utilisateurs VALUES(10340, 'eleve', 'Meubl.Mangesol340', '+otPv-b[qX=\ck4R');
INSERT INTO eleves VALUES(10340, 'Meubl', 'Mangesol', '1ère1', 22001, 22046);
INSERT INTO utilisateurs VALUES(10341, 'eleve', 'Romain.Lubrique341', 'K%kF5sBL7#j0cO.|');
INSERT INTO eleves VALUES(10341, 'Romain', 'Lubrique', '1ère1', 20408, 21538);
INSERT INTO utilisateurs VALUES(10342, 'eleve', 'Bernar.Lodevie342', '!d_oAmNQPUGtvOWJ');
INSERT INTO eleves VALUES(10342, 'Bernar', 'Lodevie', '1ère1', 20031, 20305);
INSERT INTO utilisateurs VALUES(10343, 'eleve', 'Tem.Lodevie343', 'W)_93Xzkl{:6Bp1@');
INSERT INTO eleves VALUES(10343, 'Tem', 'Lodevie', '1ère1', 21508, 20040);
INSERT INTO utilisateurs VALUES(10344, 'eleve', 'Deliver.Lebeau344', ':WI|Kb;P0YHa)9%_');
INSERT INTO eleves VALUES(10344, 'Deliver', 'Lebeau', '1ère1', 20406, 20192);
INSERT INTO utilisateurs VALUES(10345, 'eleve', 'Raphaël.Suke345', 'AO9TXb0LSKypMwkH');
INSERT INTO eleves VALUES(10345, 'Raphaël', 'Suke', '1ère1', 20096, 21188);
INSERT INTO utilisateurs VALUES(10346, 'eleve', 'Erve.Tabulage346', '<1di{|%*&gn=5OI?');
INSERT INTO eleves VALUES(10346, 'Erve', 'Tabulage', '1ère1', 20271, 21952);
INSERT INTO utilisateurs VALUES(10347, 'eleve', 'Raphaël.Vin347', 'eq@]dC{1yF"0)^On');
INSERT INTO eleves VALUES(10347, 'Raphaël', 'Vin', '1ère1', 21714, 21851);
INSERT INTO utilisateurs VALUES(10348, 'eleve', 'Romain.Genepi348', 'OR7tAmNr*/ESw6sb');
INSERT INTO eleves VALUES(10348, 'Romain', 'Genepi', '1ère1', 21287, 20013);
INSERT INTO utilisateurs VALUES(10349, 'eleve', 'Lumineux.Pabo349', 'pPf(UHT:cZs^@hW7');
INSERT INTO eleves VALUES(10349, 'Lumineux', 'Pabo', '1ère1', 20282, 21223);
INSERT INTO utilisateurs VALUES(10350, 'eleve', 'Sintia.Avion350', ')OVLJc.zDm=nZHK"');
INSERT INTO eleves VALUES(10350, 'Sintia', 'Avion', '1ère1', 20963, 21303);
INSERT INTO utilisateurs VALUES(10351, 'eleve', 'Tiri.Edupython351', '-d_ltP38au6L)E{"');
INSERT INTO eleves VALUES(10351, 'Tiri', 'Edupython', '1ère1', 21307, 20070);
INSERT INTO utilisateurs VALUES(10352, 'eleve', 'X Æ A-Ⅻ.Ikea352', 'n)M]DtA_=X5J6hdF');
INSERT INTO eleves VALUES(10352, 'X Æ A-Ⅻ', 'Ikea', '1ère1', 20936, 20377);
INSERT INTO utilisateurs VALUES(10353, 'eleve', 'Valeri.B57 PRO MAX 3500353', '2\!(wuyq8K^e9WZ/');
INSERT INTO eleves VALUES(10353, 'Valeri', 'B57 PRO MAX 3500', '1ère1', 21912, 20840);
INSERT INTO utilisateurs VALUES(10354, 'eleve', 'Jean-Mohammed.Tym354', 'Im[kd$uS@xl3.KhA');
INSERT INTO eleves VALUES(10354, 'Jean-Mohammed', 'Tym', '1ère1', 20971, 21547);
INSERT INTO utilisateurs VALUES(10355, 'eleve', 'X Æ A-Ⅻ.Tum355', '_5Vy^Dh/F6d-"Sv%');
INSERT INTO eleves VALUES(10355, 'X Æ A-Ⅻ', 'Tum', '1ère1', 20207, 21960);
INSERT INTO utilisateurs VALUES(10356, 'eleve', 'Tum.Unowhy356', 'Kku432UvN#^co8hS');
INSERT INTO eleves VALUES(10356, 'Tum', 'Unowhy', '1ère1', 21438, 22015);
INSERT INTO utilisateurs VALUES(10357, 'eleve', 'Thomes.Tabulage357', '|=^reLRyvIhcz4Fk');
INSERT INTO eleves VALUES(10357, 'Thomes', 'Tabulage', '1ère1', 22003, 21870);
INSERT INTO utilisateurs VALUES(10358, 'eleve', 'Jen.Mangesol358', '3KHZe\?k:]*.nfGx');
INSERT INTO eleves VALUES(10358, 'Jen', 'Mangesol', '1ère1', 20739, 20995);
INSERT INTO utilisateurs VALUES(10359, 'eleve', 'Lumineux.Ou359', 'vB)(y:h|Q.\K4ofu');
INSERT INTO eleves VALUES(10359, 'Lumineux', 'Ou', '1ère1', 21656, 20982);
INSERT INTO utilisateurs VALUES(10360, 'eleve', 'Blandine.B57 PRO MAX 3500360', 'N-}uZ|^pg_>86\Vc');
INSERT INTO eleves VALUES(10360, 'Blandine', 'B57 PRO MAX 3500', '1ère1', 21597, 21324);
INSERT INTO utilisateurs VALUES(10361, 'eleve', 'Thanzile.Pipe361', 'x7oOm.BkKrYicg9R');
INSERT INTO eleves VALUES(10361, 'Thanzile', 'Pipe', '1ère1', 20742, 22078);
INSERT INTO utilisateurs VALUES(10362, 'eleve', 'Lucien.Geneve362', 'BGyxp;%YD&+Iwnaz');
INSERT INTO eleves VALUES(10362, 'Lucien', 'Geneve', '1ère1', 20101, 21428);
INSERT INTO utilisateurs VALUES(10363, 'eleve', 'Credito.Vin363', '83o+<2;1-WSA%[Eh');
INSERT INTO eleves VALUES(10363, 'Credito', 'Vin', '1ère1', 21879, 21136);
INSERT INTO utilisateurs VALUES(10364, 'eleve', 'Jonathan.Wifi364', 'Hf;]U-W_uNKJj.gL');
INSERT INTO eleves VALUES(10364, 'Jonathan', 'Wifi', '1ère1', 20349, 21692);
INSERT INTO utilisateurs VALUES(10365, 'eleve', 'X Æ A-Ⅻ.Genepi365', 'q(MOo]z?GRDZBlx|');
INSERT INTO eleves VALUES(10365, 'X Æ A-Ⅻ', 'Genepi', '1ère1', 20972, 20647);
INSERT INTO classes VALUES('1ère2', '30025');
INSERT INTO utilisateurs VALUES(10366, 'eleve', 'Tum.Meurs366', 'YjS#Rq|?FOkBD&X=');
INSERT INTO eleves VALUES(10366, 'Tum', 'Meurs', '1ère2', 21450, 21920);
INSERT INTO utilisateurs VALUES(10367, 'eleve', 'Tam.Duc de Montmorency367', '?:L/BNagD1G65phb');
INSERT INTO eleves VALUES(10367, 'Tam', 'Duc de Montmorency', '1ère2', 21322, 20746);
INSERT INTO utilisateurs VALUES(10368, 'eleve', 'Jean-Mohammed.Livrogne368', 'zA1(;MaI=3EbR_W-');
INSERT INTO eleves VALUES(10368, 'Jean-Mohammed', 'Livrogne', '1ère2', 20556, 20900);
INSERT INTO utilisateurs VALUES(10369, 'eleve', 'Sintia.Lodevie369', '%P!+(&_;7vJX4n3i');
INSERT INTO eleves VALUES(10369, 'Sintia', 'Lodevie', '1ère2', 22023, 21555);
INSERT INTO utilisateurs VALUES(10370, 'eleve', 'Jonathan.Sus370', 'N-"XAr2u>#F}s/in');
INSERT INTO eleves VALUES(10370, 'Jonathan', 'Sus', '1ère2', 21106, 20205);
INSERT INTO utilisateurs VALUES(10371, 'eleve', 'Célian.Market371', 'P%4_:oO$u=R6jfv}');
INSERT INTO eleves VALUES(10371, 'Célian', 'Market', '1ère2', 21248, 21821);
INSERT INTO utilisateurs VALUES(10372, 'eleve', 'Desirade.Musk372', '6m*X$\^+)%YcObya');
INSERT INTO eleves VALUES(10372, 'Desirade', 'Musk', '1ère2', 20362, 21854);
INSERT INTO utilisateurs VALUES(10373, 'eleve', 'Amogus.Wifi373', '4+]}dzlI_ygVFmu&');
INSERT INTO eleves VALUES(10373, 'Amogus', 'Wifi', '1ère2', 20749, 21420);
INSERT INTO utilisateurs VALUES(10374, 'eleve', 'Tym.Mière374', '"le^S6%/,YOi]JM-');
INSERT INTO eleves VALUES(10374, 'Tym', 'Mière', '1ère2', 21178, 21321);
INSERT INTO utilisateurs VALUES(10375, 'eleve', 'Macly.Lebeau375', '67<On%r!)RJNb*Sx');
INSERT INTO eleves VALUES(10375, 'Macly', 'Lebeau', '1ère2', 20401, 21171);
INSERT INTO utilisateurs VALUES(10376, 'eleve', 'Deliver.Please376', 'rsv:wm4&VLf/C#zl');
INSERT INTO eleves VALUES(10376, 'Deliver', 'Please', '1ère2', 20187, 20160);
INSERT INTO utilisateurs VALUES(10377, 'eleve', 'Jean-Mohammed.Marat377', '4IYa2}r;(3v,m07:');
INSERT INTO eleves VALUES(10377, 'Jean-Mohammed', 'Marat', '1ère2', 20499, 21882);
INSERT INTO utilisateurs VALUES(10378, 'eleve', 'Crapo.Avion378', 'SK%p:\{.tg}al^49');
INSERT INTO eleves VALUES(10378, 'Crapo', 'Avion', '1ère2', 20222, 22049);
INSERT INTO utilisateurs VALUES(10379, 'eleve', 'Crapo.Unowhy379', 'fC5Ojv/{>42#QL}g');
INSERT INTO eleves VALUES(10379, 'Crapo', 'Unowhy', '1ère2', 20922, 20866);
INSERT INTO utilisateurs VALUES(10380, 'eleve', 'Deliver.Lebron380', ';\w%6uoW@VtyQ#C^');
INSERT INTO eleves VALUES(10380, 'Deliver', 'Lebron', '1ère2', 21830, 20020);
INSERT INTO utilisateurs VALUES(10381, 'eleve', 'Stalinslas.Electrique381', '2ZrmC-(46KY&e[/#');
INSERT INTO eleves VALUES(10381, 'Stalinslas', 'Electrique', '1ère2', 22019, 20571);
INSERT INTO utilisateurs VALUES(10382, 'eleve', 'Juliet.Epiee382', '_b?]o4k\z6L,*)uZ');
INSERT INTO eleves VALUES(10382, 'Juliet', 'Epiee', '1ère2', 21752, 21157);
INSERT INTO utilisateurs VALUES(10383, 'eleve', 'Jen.Vin383', 'j8Z?[Il5dAH]feJ;');
INSERT INTO eleves VALUES(10383, 'Jen', 'Vin', '1ère2', 20852, 21100);
INSERT INTO utilisateurs VALUES(10384, 'eleve', 'Moru.Veu384', '.;e*yL:TO[uZU0,<');
INSERT INTO eleves VALUES(10384, 'Moru', 'Veu', '1ère2', 21760, 21030);
INSERT INTO utilisateurs VALUES(10385, 'eleve', 'Chario.Descartes385', '_M6A"$hXkNFyIY:&');
INSERT INTO eleves VALUES(10385, 'Chario', 'Descartes', '1ère2', 20115, 21181);
INSERT INTO utilisateurs VALUES(10386, 'eleve', 'Erve.Tam386', 'JQLmN}E\3/{6vaxw');
INSERT INTO eleves VALUES(10386, 'Erve', 'Tam', '1ère2', 21110, 21598);
INSERT INTO utilisateurs VALUES(10387, 'eleve', 'Nathanaël.Lubrique387', 'h+c*|j;lS<g7V0Kz');
INSERT INTO eleves VALUES(10387, 'Nathanaël', 'Lubrique', '1ère2', 21198, 21633);
INSERT INTO utilisateurs VALUES(10388, 'eleve', 'Valeri.Suroderable388', 'dz}R]Zy7kLeVmsw#');
INSERT INTO eleves VALUES(10388, 'Valeri', 'Suroderable', '1ère2', 21727, 20500);
INSERT INTO utilisateurs VALUES(10389, 'eleve', 'Meubl.Lodevie389', '=x31}0.?Y\o2%nN(');
INSERT INTO eleves VALUES(10389, 'Meubl', 'Lodevie', '1ère2', 20546, 20426);
INSERT INTO utilisateurs VALUES(10390, 'eleve', 'Erve.Genesis390', 'WdNcE+]q$6{l2"@_');
INSERT INTO eleves VALUES(10390, 'Erve', 'Genesis', '1ère2', 21917, 21646);
INSERT INTO utilisateurs VALUES(10391, 'eleve', 'Florian.Lubrique391', '[TZ6e\oRDfFr%i-Q');
INSERT INTO eleves VALUES(10391, 'Florian', 'Lubrique', '1ère2', 21886, 21842);
INSERT INTO utilisateurs VALUES(10392, 'eleve', 'Stanyshlasse.Dordebous392', 'HAivEG_.flnF{qR]');
INSERT INTO eleves VALUES(10392, 'Stanyshlasse', 'Dordebous', '1ère2', 21265, 21257);
INSERT INTO utilisateurs VALUES(10393, 'eleve', 'Vic.Unowhy393', 'X1{bDOUi=B(LP,vo');
INSERT INTO eleves VALUES(10393, 'Vic', 'Unowhy', '1ère2', 21070, 21872);
INSERT INTO utilisateurs VALUES(10394, 'eleve', 'Amogus.Duc de Montmorency394', 'L/q:M%iQ.r,];&WA');
INSERT INTO eleves VALUES(10394, 'Amogus', 'Duc de Montmorency', '1ère2', 21786, 20541);
INSERT INTO utilisateurs VALUES(10395, 'eleve', 'Raphaël.Mangesol395', '08;7Ui>jy%?N&:$]');
INSERT INTO eleves VALUES(10395, 'Raphaël', 'Mangesol', '1ère2', 20823, 21705);
INSERT INTO utilisateurs VALUES(10396, 'eleve', 'Jen.Lebeau396', 'h5GJm:neaEW"C]#L');
INSERT INTO eleves VALUES(10396, 'Jen', 'Lebeau', '1ère2', 20679, 21352);
INSERT INTO utilisateurs VALUES(10397, 'eleve', 'Skwizy.Suke397', 'e)B+dqW\fUmEI|x(');
INSERT INTO eleves VALUES(10397, 'Skwizy', 'Suke', '1ère2', 20379, 20964);
INSERT INTO utilisateurs VALUES(10398, 'eleve', 'Deliver.Musk398', 'zd\78,x<"*KDCpM9');
INSERT INTO eleves VALUES(10398, 'Deliver', 'Musk', '1ère2', 21527, 20737);
INSERT INTO utilisateurs VALUES(10399, 'eleve', 'Pabo.Genesis399', ')A"8_iFl.Tm2$(Dq');
INSERT INTO eleves VALUES(10399, 'Pabo', 'Genesis', '1ère2', 20232, 20288);
INSERT INTO classes VALUES('1ère3', '30066');
INSERT INTO utilisateurs VALUES(10400, 'eleve', 'Tiri.Deces400', '&!$i+|u}SI2@"CJ,');
INSERT INTO eleves VALUES(10400, 'Tiri', 'Deces', '1ère3', 21058, 21916);
INSERT INTO utilisateurs VALUES(10401, 'eleve', 'Hubert-Valéry-Patrick-Stanislas.Veu401', '8jF-4&1h(0"AHi#d');
INSERT INTO eleves VALUES(10401, 'Hubert-Valéry-Patrick-Stanislas', 'Veu', '1ère3', 20978, 21064);
INSERT INTO utilisateurs VALUES(10402, 'eleve', 'Lumineux.Epiee402', '_a5VE{Fqr(G|oC!S');
INSERT INTO eleves VALUES(10402, 'Lumineux', 'Epiee', '1ère3', 20673, 21131);
INSERT INTO utilisateurs VALUES(10403, 'eleve', 'Prise.Genepi403', '^5dwmPHe<qr}X{Ds');
INSERT INTO eleves VALUES(10403, 'Prise', 'Genepi', '1ère3', 20189, 21623);
INSERT INTO utilisateurs VALUES(10404, 'eleve', 'Maxence.Vin404', 'D!s(kA.|\Z2"fq;L');
INSERT INTO eleves VALUES(10404, 'Maxence', 'Vin', '1ère3', 22098, 21278);
INSERT INTO utilisateurs VALUES(10405, 'eleve', 'Crapo.Tom405', 'v<]IMAeE^-k:49&Z');
INSERT INTO eleves VALUES(10405, 'Crapo', 'Tom', '1ère3', 20124, 20400);
INSERT INTO utilisateurs VALUES(10406, 'eleve', 'Lumineux.Genese406', 'GWNvmLk5ts%^A2}[');
INSERT INTO eleves VALUES(10406, 'Lumineux', 'Genese', '1ère3', 20512, 20862);
INSERT INTO utilisateurs VALUES(10407, 'eleve', 'Pabo.Descartes407', 'JB-UmIc)pWP.@da%');
INSERT INTO eleves VALUES(10407, 'Pabo', 'Descartes', '1ère3', 22024, 20785);
INSERT INTO utilisateurs VALUES(10408, 'eleve', 'Macly.Oxlong408', 'gCV(yK>}XE!=d/v+');
INSERT INTO eleves VALUES(10408, 'Macly', 'Oxlong', '1ère3', 21536, 20075);
INSERT INTO utilisateurs VALUES(10409, 'eleve', 'Tem.Pie409', 'BPr,blmxD4T52w)0');
INSERT INTO eleves VALUES(10409, 'Tem', 'Pie', '1ère3', 20858, 20274);
INSERT INTO utilisateurs VALUES(10410, 'eleve', 'Jonathan.Mangesol410', 'v5sJ|6]1iY+I%mT@');
INSERT INTO eleves VALUES(10410, 'Jonathan', 'Mangesol', '1ère3', 21440, 21730);
INSERT INTO utilisateurs VALUES(10411, 'eleve', 'Crapo.Lubrique411', 'j;vNmwXa>rA$pT1y');
INSERT INTO eleves VALUES(10411, 'Crapo', 'Lubrique', '1ère3', 21464, 21118);
INSERT INTO utilisateurs VALUES(10412, 'eleve', 'Tim.Electrique412', 'FDit+vr$XphGQO1m');
INSERT INTO eleves VALUES(10412, 'Tim', 'Electrique', '1ère3', 21967, 21907);
INSERT INTO utilisateurs VALUES(10413, 'eleve', 'Vic.Pipe413', 'EH0$:pmVGq{#\<hz');
INSERT INTO eleves VALUES(10413, 'Vic', 'Pipe', '1ère3', 21175, 20150);
INSERT INTO utilisateurs VALUES(10414, 'eleve', 'Maxence.Edupython414', '8G[oI.n\i-z:XS%9');
INSERT INTO eleves VALUES(10414, 'Maxence', 'Edupython', '1ère3', 21987, 21404);
INSERT INTO utilisateurs VALUES(10415, 'eleve', 'Jonathan.Suke415', 'I-nm8_FevzakYhHR');
INSERT INTO eleves VALUES(10415, 'Jonathan', 'Suke', '1ère3', 21771, 21165);
INSERT INTO utilisateurs VALUES(10416, 'eleve', 'Patric.Mangesol416', 'G,"M!Pae\tSvkTo|');
INSERT INTO eleves VALUES(10416, 'Patric', 'Mangesol', '1ère3', 21634, 20126);
INSERT INTO utilisateurs VALUES(10417, 'eleve', 'Lumineux.Genepi417', 'j=,cD0$Gy+VpUgH*');
INSERT INTO eleves VALUES(10417, 'Lumineux', 'Genepi', '1ère3', 21621, 20145);
INSERT INTO utilisateurs VALUES(10418, 'eleve', 'Thanzile.Musk418', '*f&<7E$V.Kr{zR4U');
INSERT INTO eleves VALUES(10418, 'Thanzile', 'Musk', '1ère3', 21373, 21151);
INSERT INTO utilisateurs VALUES(10419, 'eleve', 'Stanyshlasse.B57 PRO MAX 3500419', '"6a3EJ@&%-r2|h<s');
INSERT INTO eleves VALUES(10419, 'Stanyshlasse', 'B57 PRO MAX 3500', '1ère3', 21674, 21091);
INSERT INTO utilisateurs VALUES(10420, 'eleve', 'Moru.Descartes420', ')u5agw;U+DR>LKv@');
INSERT INTO eleves VALUES(10420, 'Moru', 'Descartes', '1ère3', 20518, 21940);
INSERT INTO utilisateurs VALUES(10421, 'eleve', 'Thanzile.Ikea421', 'x#;4N\*"C<@yoz]D');
INSERT INTO eleves VALUES(10421, 'Thanzile', 'Ikea', '1ère3', 21040, 21645);
INSERT INTO utilisateurs VALUES(10422, 'eleve', 'Paluche.Ite422', '}0|bh!]R,ejU<\TB');
INSERT INTO eleves VALUES(10422, 'Paluche', 'Ite', '1ère3', 20201, 20172);
INSERT INTO utilisateurs VALUES(10423, 'eleve', 'Patric.Geneve423', 's|vqo4hG/Q3&EU#-');
INSERT INTO eleves VALUES(10423, 'Patric', 'Geneve', '1ère3', 20144, 22059);
INSERT INTO utilisateurs VALUES(10424, 'eleve', 'Hugo.Lustre424', '#.7)3b(iR_lh9pYf');
INSERT INTO eleves VALUES(10424, 'Hugo', 'Lustre', '1ère3', 20689, 21533);
INSERT INTO utilisateurs VALUES(10425, 'eleve', 'Blandine.Musk425', 'qIJBnt%3u"*cF1QN');
INSERT INTO eleves VALUES(10425, 'Blandine', 'Musk', '1ère3', 20465, 21480);
INSERT INTO utilisateurs VALUES(10426, 'eleve', 'Desirade.Ou426', 'PGLpmi"S6f^3%b-/');
INSERT INTO eleves VALUES(10426, 'Desirade', 'Ou', '1ère3', 21931, 21468);
INSERT INTO utilisateurs VALUES(10427, 'eleve', 'X Æ A-Ⅻ.Genese427', 'LncEBb;t<rgmFhu!');
INSERT INTO eleves VALUES(10427, 'X Æ A-Ⅻ', 'Genese', '1ère3', 21794, 20677);
INSERT INTO utilisateurs VALUES(10428, 'eleve', 'Moru.Lebeau428', 'Wvq%"AOTb-yreMI|');
INSERT INTO eleves VALUES(10428, 'Moru', 'Lebeau', '1ère3', 20856, 21302);
INSERT INTO utilisateurs VALUES(10429, 'eleve', 'Meubl.Azerty429', ')o_$p,a:C8*P-l@q');
INSERT INTO eleves VALUES(10429, 'Meubl', 'Azerty', '1ère3', 20289, 20691);
INSERT INTO utilisateurs VALUES(10430, 'eleve', 'Jen.Gif430', '?0[H)|RN.EmnctdZ');
INSERT INTO eleves VALUES(10430, 'Jen', 'Gif', '1ère3', 21955, 21798);
INSERT INTO utilisateurs VALUES(10431, 'eleve', 'Credito.Meurs431', 'RJ$sQ}nY]Vkrgcp%');
INSERT INTO eleves VALUES(10431, 'Credito', 'Meurs', '1ère3', 20821, 21990);
INSERT INTO utilisateurs VALUES(10432, 'eleve', 'Célian.Duc de Montmorency432', 'e!pW&Rr%PIku0@v8');
INSERT INTO eleves VALUES(10432, 'Célian', 'Duc de Montmorency', '1ère3', 20415, 20688);
INSERT INTO utilisateurs VALUES(10433, 'eleve', 'Candys-Noémie.Mière433', 'd|C"&Q!fASRE*?7K');
INSERT INTO eleves VALUES(10433, 'Candys-Noémie', 'Mière', '1ère3', 20887, 21086);
INSERT INTO classes VALUES('1ère4', '30041');
INSERT INTO utilisateurs VALUES(10434, 'eleve', 'Célian.Ikea434', 'luL5oU(?Z$iIeFp+');
INSERT INTO eleves VALUES(10434, 'Célian', 'Ikea', '1ère4', 20029, 21381);
INSERT INTO utilisateurs VALUES(10435, 'eleve', 'Articho.Marat435', 'uOXAk6td+qFJQCl5');
INSERT INTO eleves VALUES(10435, 'Articho', 'Marat', '1ère4', 21115, 21991);
INSERT INTO utilisateurs VALUES(10436, 'eleve', 'Uber.Dordebous436', 'fZU@h5,Dt!S$k89N');
INSERT INTO eleves VALUES(10436, 'Uber', 'Dordebous', '1ère4', 20064, 20854);
INSERT INTO utilisateurs VALUES(10437, 'eleve', 'Ugo.Meurs437', 'rY*M.KTz04F|$8bv');
INSERT INTO eleves VALUES(10437, 'Ugo', 'Meurs', '1ère4', 20606, 20662);
INSERT INTO utilisateurs VALUES(10438, 'eleve', 'Lumineux.Meurs438', 'kf6R?w0L2#jvxaM&');
INSERT INTO eleves VALUES(10438, 'Lumineux', 'Meurs', '1ère4', 21232, 20111);
INSERT INTO utilisateurs VALUES(10439, 'eleve', 'Macly.Musk439', 'NsW)1G3#l<iufF5n');
INSERT INTO eleves VALUES(10439, 'Macly', 'Musk', '1ère4', 21482, 20564);
INSERT INTO utilisateurs VALUES(10440, 'eleve', 'Stalinslas.Ite440', 'Lj.0ro:C2I@"B>|z');
INSERT INTO eleves VALUES(10440, 'Stalinslas', 'Ite', '1ère4', 21000, 20828);
INSERT INTO utilisateurs VALUES(10441, 'eleve', 'Nathanaël.Electrique441', 'BJ3H8@Qpa)L!x+X?');
INSERT INTO eleves VALUES(10441, 'Nathanaël', 'Electrique', '1ère4', 21485, 21301);
INSERT INTO utilisateurs VALUES(10442, 'eleve', 'Hubert-Valéry-Patrick-Stanislas.Tym442', 'M4TP<S"CRlA*FL5)');
INSERT INTO eleves VALUES(10442, 'Hubert-Valéry-Patrick-Stanislas', 'Tym', '1ère4', 20668, 21573);
INSERT INTO utilisateurs VALUES(10443, 'eleve', 'Amogus.Marat443', 'W#z/%osVyxquv!)F');
INSERT INTO eleves VALUES(10443, 'Amogus', 'Marat', '1ère4', 20340, 21733);
INSERT INTO utilisateurs VALUES(10444, 'eleve', 'Romain.Descartes444', '2I67z,mQ.vxD"-AO');
INSERT INTO eleves VALUES(10444, 'Romain', 'Descartes', '1ère4', 20215, 20016);
INSERT INTO utilisateurs VALUES(10445, 'eleve', 'Candys-Noémie.Gober445', 'uMUs3zgp!7c5Eyq(');
INSERT INTO eleves VALUES(10445, 'Candys-Noémie', 'Gober', '1ère4', 20084, 21085);
INSERT INTO utilisateurs VALUES(10446, 'eleve', 'Jonathan.Tom446', '\@zG2$iyK%|(ruFH');
INSERT INTO eleves VALUES(10446, 'Jonathan', 'Tom', '1ère4', 20441, 21567);
INSERT INTO utilisateurs VALUES(10447, 'eleve', 'Tiri.Wifi447', '(4Q#,op_Fu<=zU;Y');
INSERT INTO eleves VALUES(10447, 'Tiri', 'Wifi', '1ère4', 21092, 21344);
INSERT INTO utilisateurs VALUES(10448, 'eleve', 'Raphaël.Genepi448', '9@_a>M]ZW2lms}{=');
INSERT INTO eleves VALUES(10448, 'Raphaël', 'Genepi', '1ère4', 20600, 20270);
INSERT INTO utilisateurs VALUES(10449, 'eleve', 'Thanzile.Veu449', 'bFq*8dx41X.@r<oD');
INSERT INTO eleves VALUES(10449, 'Thanzile', 'Veu', '1ère4', 20416, 21603);
INSERT INTO utilisateurs VALUES(10450, 'eleve', 'Thomes.Duc de Montmorency450', 'YiZqQ03JOMT8LkuH');
INSERT INTO eleves VALUES(10450, 'Thomes', 'Duc de Montmorency', '1ère4', 21333, 21395);
INSERT INTO utilisateurs VALUES(10451, 'eleve', 'Deliver.Mangesol451', 'Dyji*?63geH1A$v-');
INSERT INTO eleves VALUES(10451, 'Deliver', 'Mangesol', '1ère4', 20352, 20410);
INSERT INTO utilisateurs VALUES(10452, 'eleve', 'Etrique.Geneve452', '1P%_|I]@&bp)Uv:.');
INSERT INTO eleves VALUES(10452, 'Etrique', 'Geneve', '1ère4', 22099, 20669);
INSERT INTO utilisateurs VALUES(10453, 'eleve', 'Lumineux.Unowhy453', 'j_XpRZT,"+=0?gS/');
INSERT INTO eleves VALUES(10453, 'Lumineux', 'Unowhy', '1ère4', 21447, 20917);
INSERT INTO utilisateurs VALUES(10454, 'eleve', 'Credito.Lebeau454', 'y-*:BYN&X(P+I$g/');
INSERT INTO eleves VALUES(10454, 'Credito', 'Lebeau', '1ère4', 21104, 20629);
INSERT INTO utilisateurs VALUES(10455, 'eleve', 'Karfour.Tom455', 'K$7"mxSP}osJ.A_n');
INSERT INTO eleves VALUES(10455, 'Karfour', 'Tom', '1ère4', 21270, 22013);
INSERT INTO utilisateurs VALUES(10456, 'eleve', 'Tem.Epiee456', '&ZXvbT\lP#3gf>m[');
INSERT INTO eleves VALUES(10456, 'Tem', 'Epiee', '1ère4', 20364, 20174);
INSERT INTO utilisateurs VALUES(10457, 'eleve', 'Yanni.Epiee457', 'sA{exp80_>d[Zi+B');
INSERT INTO eleves VALUES(10457, 'Yanni', 'Epiee', '1ère4', 21054, 21576);
INSERT INTO utilisateurs VALUES(10458, 'eleve', 'Moru.Genepi458', '|tU:s(H4{&$7PCX^');
INSERT INTO eleves VALUES(10458, 'Moru', 'Genepi', '1ère4', 20612, 21475);
INSERT INTO utilisateurs VALUES(10459, 'eleve', 'Nathanaël.Tym459', 'oh({A-/PQa,>&6C@');
INSERT INTO eleves VALUES(10459, 'Nathanaël', 'Tym', '1ère4', 21958, 21971);
INSERT INTO utilisateurs VALUES(10460, 'eleve', 'Tiri.Avion460', 'q\>}9VArX)d@(0TY');
INSERT INTO eleves VALUES(10460, 'Tiri', 'Avion', '1ère4', 21069, 20373);
INSERT INTO utilisateurs VALUES(10461, 'eleve', 'Desirade.Tam461', '[_Kw>tL2/+,xEe-A');
INSERT INTO eleves VALUES(10461, 'Desirade', 'Tam', '1ère4', 21600, 21487);
INSERT INTO utilisateurs VALUES(10462, 'eleve', 'Lumineux.Lustre462', 'a";|H!?R,:]_h3>Q');
INSERT INTO eleves VALUES(10462, 'Lumineux', 'Lustre', '1ère4', 20316, 21356);
INSERT INTO utilisateurs VALUES(10463, 'eleve', 'Tym.Azerty463', 'vN?sA0CT(+YO4t7_');
INSERT INTO eleves VALUES(10463, 'Tym', 'Azerty', '1ère4', 21698, 20882);
INSERT INTO utilisateurs VALUES(10464, 'eleve', 'Stabline.Qwerty464', '."2!g%Z=&fhsQV1T');
INSERT INTO eleves VALUES(10464, 'Stabline', 'Qwerty', '1ère4', 20455, 21581);
INSERT INTO utilisateurs VALUES(10465, 'eleve', 'Meubl.Duc de Montmorency465', ';nH+7([&xb{DUJO8');
INSERT INTO eleves VALUES(10465, 'Meubl', 'Duc de Montmorency', '1ère4', 20589, 20314);
INSERT INTO utilisateurs VALUES(10466, 'eleve', 'Thanzile.Genepi466', '\?X&AGE$gh|:MKmx');
INSERT INTO eleves VALUES(10466, 'Thanzile', 'Genepi', '1ère4', 21847, 20735);
INSERT INTO utilisateurs VALUES(10467, 'eleve', 'Patric.Genese467', 'oG!uZC&vM=2E]D%_');
INSERT INTO eleves VALUES(10467, 'Patric', 'Genese', '1ère4', 20664, 21943);
INSERT INTO classes VALUES('1ère5', '30060');
INSERT INTO utilisateurs VALUES(10468, 'eleve', 'Credito.Tom468', '{Vd(8D[qeLZHPvj%');
INSERT INTO eleves VALUES(10468, 'Credito', 'Tom', '1ère5', 20049, 20369);
INSERT INTO utilisateurs VALUES(10469, 'eleve', 'Jonathan.Marat469', 'fdWuJyB2t:SiD@UH');
INSERT INTO eleves VALUES(10469, 'Jonathan', 'Marat', '1ère5', 20102, 21951);
INSERT INTO utilisateurs VALUES(10470, 'eleve', 'Nathanaël.Pablo470', 'y_uH57)J6=g1xBSD');
INSERT INTO eleves VALUES(10470, 'Nathanaël', 'Pablo', '1ère5', 20067, 20849);
INSERT INTO utilisateurs VALUES(10471, 'eleve', 'Yassine.Sus471', 'A&wG:M}#{1Cxt.i-');
INSERT INTO eleves VALUES(10471, 'Yassine', 'Sus', '1ère5', 21252, 22005);
INSERT INTO utilisateurs VALUES(10472, 'eleve', 'Jonathan.Oxlong472', 'boY|}wSdhQ>)5Det');
INSERT INTO eleves VALUES(10472, 'Jonathan', 'Oxlong', '1ère5', 22009, 21436);
INSERT INTO utilisateurs VALUES(10473, 'eleve', 'Karfour.Descartes473', 'R,UI6YCc?rXgJMj^');
INSERT INTO eleves VALUES(10473, 'Karfour', 'Descartes', '1ère5', 20093, 21396);
INSERT INTO utilisateurs VALUES(10474, 'eleve', 'Hubert-Valéry-Patrick-Stanislas.Electrique474', 'v2{piBmH6$yAMTRq');
INSERT INTO eleves VALUES(10474, 'Hubert-Valéry-Patrick-Stanislas', 'Electrique', '1ère5', 20990, 20392);
INSERT INTO utilisateurs VALUES(10475, 'eleve', 'Yassine.Tim475', '#iMg5z=>]N{\p(FY');
INSERT INTO eleves VALUES(10475, 'Yassine', 'Tim', '1ère5', 21305, 20254);
INSERT INTO utilisateurs VALUES(10476, 'eleve', 'Paluche.Genesis476', 'X8Cb_1TAIS]>H\"Z');
INSERT INTO eleves VALUES(10476, 'Paluche', 'Genesis', '1ère5', 20895, 21720);
INSERT INTO utilisateurs VALUES(10477, 'eleve', 'Pablo.Moriarty477', 'GO;df|Mc{2}!:@%*');
INSERT INTO eleves VALUES(10477, 'Pablo', 'Moriarty', '1ère5', 20886, 20776);
INSERT INTO utilisateurs VALUES(10478, 'eleve', 'Nathanaël.Livrogne478', 'AXLOh%)K*.R"t?{_');
INSERT INTO eleves VALUES(10478, 'Nathanaël', 'Livrogne', '1ère5', 20652, 21514);
INSERT INTO utilisateurs VALUES(10479, 'eleve', 'Stanyshlasse.Vin479', '8xMl3f.Gn;jKm4?*');
INSERT INTO eleves VALUES(10479, 'Stanyshlasse', 'Vin', '1ère5', 20365, 20906);
INSERT INTO utilisateurs VALUES(10480, 'eleve', 'Thomes.Lemoche480', '6|(yPOzH;$0&_ShL');
INSERT INTO eleves VALUES(10480, 'Thomes', 'Lemoche', '1ère5', 22089, 21776);
INSERT INTO utilisateurs VALUES(10481, 'eleve', 'Célian.Pabo481', 'gHBTxVK2iM6pCIjh');
INSERT INTO eleves VALUES(10481, 'Célian', 'Pabo', '1ère5', 20961, 20484);
INSERT INTO utilisateurs VALUES(10482, 'eleve', 'Thanzile.Unowhy482', '\zf4V&>kIoWm.?<,');
INSERT INTO eleves VALUES(10482, 'Thanzile', 'Unowhy', '1ère5', 21561, 20437);
INSERT INTO utilisateurs VALUES(10483, 'eleve', 'Credito.Lebron483', '|NS[!,on(>5a.3f*');
INSERT INTO eleves VALUES(10483, 'Credito', 'Lebron', '1ère5', 21231, 20504);
INSERT INTO utilisateurs VALUES(10484, 'eleve', 'Tem.Veu484', 'nYB}<&XS9F51jdwz');
INSERT INTO eleves VALUES(10484, 'Tem', 'Veu', '1ère5', 20911, 20534);
INSERT INTO utilisateurs VALUES(10485, 'eleve', 'Hugo.Plafond485', 'NzH>$,gj&].V/O1K');
INSERT INTO eleves VALUES(10485, 'Hugo', 'Plafond', '1ère5', 20654, 21631);
INSERT INTO utilisateurs VALUES(10486, 'eleve', 'Tiri.Genese486', '#to^3Fb=UR0Ip,K]');
INSERT INTO eleves VALUES(10486, 'Tiri', 'Genese', '1ère5', 21566, 20985);
INSERT INTO utilisateurs VALUES(10487, 'eleve', 'Thomes.Veu487', 'b5L&o-Ol<G1]Fc()');
INSERT INTO eleves VALUES(10487, 'Thomes', 'Veu', '1ère5', 21554, 21757);
INSERT INTO utilisateurs VALUES(10488, 'eleve', 'Valeri.Dordebous488', '|I\>fk/17eK{L680');
INSERT INTO eleves VALUES(10488, 'Valeri', 'Dordebous', '1ère5', 20153, 21469);
INSERT INTO utilisateurs VALUES(10489, 'eleve', 'Maxence.Musk489', 'CfNT6d&h59|P*<"S');
INSERT INTO eleves VALUES(10489, 'Maxence', 'Musk', '1ère5', 21612, 20663);
INSERT INTO utilisateurs VALUES(10490, 'eleve', 'Karfour.Duc de Montmorency490', '90O<EoQr&zg,4ln+');
INSERT INTO eleves VALUES(10490, 'Karfour', 'Duc de Montmorency', '1ère5', 20466, 21699);
INSERT INTO utilisateurs VALUES(10491, 'eleve', 'Tym.Descartes491', 'c+qHKUpaI!A?=tnR');
INSERT INTO eleves VALUES(10491, 'Tym', 'Descartes', '1ère5', 21371, 20935);
INSERT INTO utilisateurs VALUES(10492, 'eleve', 'Etrique.Ikea492', '}5Ba0vmd)M{UpW7V');
INSERT INTO eleves VALUES(10492, 'Etrique', 'Ikea', '1ère5', 21625, 20625);
INSERT INTO utilisateurs VALUES(10493, 'eleve', 'X Æ A-Ⅻ.Tabulage493', '{![9skpTj,GX0gMf');
INSERT INTO eleves VALUES(10493, 'X Æ A-Ⅻ', 'Tabulage', '1ère5', 20645, 20367);
INSERT INTO utilisateurs VALUES(10494, 'eleve', 'Thomes.Bluetooth494', 'tu%}o,F)3z\?-&9=');
INSERT INTO eleves VALUES(10494, 'Thomes', 'Bluetooth', '1ère5', 20009, 20203);
INSERT INTO utilisateurs VALUES(10495, 'eleve', 'Stabline.Lebron495', 'WwZ?5GD)bv[e7tq/');
INSERT INTO eleves VALUES(10495, 'Stabline', 'Lebron', '1ère5', 20525, 20699);
INSERT INTO utilisateurs VALUES(10496, 'eleve', 'Prise.Epiee496', '>g&*khDLmc}p8o5B');
INSERT INTO eleves VALUES(10496, 'Prise', 'Epiee', '1ère5', 20229, 20965);
INSERT INTO utilisateurs VALUES(10497, 'eleve', 'Jean-Mohammed.Lustre497', '6:ImA]QLV945w_-U');
INSERT INTO eleves VALUES(10497, 'Jean-Mohammed', 'Lustre', '1ère5', 21921, 20617);
INSERT INTO utilisateurs VALUES(10498, 'eleve', 'Chario.Tym498', ';J67W0Kr:lc1{Th5');
INSERT INTO eleves VALUES(10498, 'Chario', 'Tym', '1ère5', 20112, 21491);
INSERT INTO utilisateurs VALUES(10499, 'eleve', 'Hugo.Pablo499', 'a%y]^[(XVIm;B&A)');
INSERT INTO eleves VALUES(10499, 'Hugo', 'Pablo', '1ère5', 21256, 20489);
INSERT INTO utilisateurs VALUES(10500, 'eleve', 'Deliver.Lemoche500', 'c}g#]jD[!Yb5W><u');
INSERT INTO eleves VALUES(10500, 'Deliver', 'Lemoche', '1ère5', 20718, 21457);
INSERT INTO classes VALUES('1ère6', '30063');
INSERT INTO utilisateurs VALUES(10501, 'eleve', 'Hubert-Valéry-Patrick-Stanislas.Gober501', '1@9(53{0N8C</]7b');
INSERT INTO eleves VALUES(10501, 'Hubert-Valéry-Patrick-Stanislas', 'Gober', '1ère6', 20097, 20021);
INSERT INTO utilisateurs VALUES(10502, 'eleve', 'Raphaël.Moriarty502', 'aSYt-GOBfH|"]1qJ');
INSERT INTO eleves VALUES(10502, 'Raphaël', 'Moriarty', '1ère6', 20372, 21323);
INSERT INTO utilisateurs VALUES(10503, 'eleve', 'Credito.Bluetooth503', 'o\-LMUFqlGv+DQ_#');
INSERT INTO eleves VALUES(10503, 'Credito', 'Bluetooth', '1ère6', 21893, 21284);
INSERT INTO utilisateurs VALUES(10504, 'eleve', 'Prise.Duc de Montmorency504', 'B9[sCa-8)t_h+A$u');
INSERT INTO eleves VALUES(10504, 'Prise', 'Duc de Montmorency', '1ère6', 20716, 21894);
INSERT INTO utilisateurs VALUES(10505, 'eleve', 'Juliet.Vin505', '{chbs%?jgoQ1zY5B');
INSERT INTO eleves VALUES(10505, 'Juliet', 'Vin', '1ère6', 22011, 20780);
INSERT INTO utilisateurs VALUES(10506, 'eleve', 'Tym.Meurs506', 'GYy@4j\KUH(L=mT$');
INSERT INTO eleves VALUES(10506, 'Tym', 'Meurs', '1ère6', 21297, 21053);
INSERT INTO utilisateurs VALUES(10507, 'eleve', 'Juliet.Meurs507', 'Hkb|?2"4Un_@Ifj6');
INSERT INTO eleves VALUES(10507, 'Juliet', 'Meurs', '1ère6', 20114, 20657);
INSERT INTO utilisateurs VALUES(10508, 'eleve', 'Valeri.Sus508', 'f<dP.TmV}r@a$WNy');
INSERT INTO eleves VALUES(10508, 'Valeri', 'Sus', '1ère6', 21919, 20041);
INSERT INTO utilisateurs VALUES(10509, 'eleve', 'Mac.Lustre509', '6K7=j$f#;/r4Oyu?');
INSERT INTO eleves VALUES(10509, 'Mac', 'Lustre', '1ère6', 21163, 20514);
INSERT INTO utilisateurs VALUES(10510, 'eleve', 'Romain.Meurs510', '=Rc/]ur@89A4w!nY');
INSERT INTO eleves VALUES(10510, 'Romain', 'Meurs', '1ère6', 20163, 20916);
INSERT INTO utilisateurs VALUES(10511, 'eleve', 'Chario.Tom511', 'y3JUECi5N&.Zn0Pe');
INSERT INTO eleves VALUES(10511, 'Chario', 'Tom', '1ère6', 20291, 21933);
INSERT INTO utilisateurs VALUES(10512, 'eleve', 'Yassine.Unowhy512', '1uG|qvsw9_j)hg<}');
INSERT INTO eleves VALUES(10512, 'Yassine', 'Unowhy', '1ère6', 20251, 20228);
INSERT INTO utilisateurs VALUES(10513, 'eleve', 'Hubert-Valéry-Patrick-Stanislas.Pipe513', 'vP"[e^8\WJp)u}s=');
INSERT INTO eleves VALUES(10513, 'Hubert-Valéry-Patrick-Stanislas', 'Pipe', '1ère6', 21758, 21615);
INSERT INTO utilisateurs VALUES(10514, 'eleve', 'Paluche.Pablo514', 'Mta^:H-WIq|rf[A]');
INSERT INTO eleves VALUES(10514, 'Paluche', 'Pablo', '1ère6', 20460, 20748);
INSERT INTO utilisateurs VALUES(10515, 'eleve', 'Tem.Suke515', 'KQYRt%GNO2*h|}60');
INSERT INTO eleves VALUES(10515, 'Tem', 'Suke', '1ère6', 20042, 21363);
INSERT INTO utilisateurs VALUES(10516, 'eleve', 'Loui.Sus516', 'E#*[r,K>mt!gLlP0');
INSERT INTO eleves VALUES(10516, 'Loui', 'Sus', '1ère6', 20010, 21579);
INSERT INTO utilisateurs VALUES(10517, 'eleve', 'Jean-Mohammed.Ite517', '/itXh@B!HfQ;4*]M');
INSERT INTO eleves VALUES(10517, 'Jean-Mohammed', 'Ite', '1ère6', 21496, 21840);
INSERT INTO utilisateurs VALUES(10518, 'eleve', 'Romain.Mangesol518', 'i?9MRJ<h;!^e$NZp');
INSERT INTO eleves VALUES(10518, 'Romain', 'Mangesol', '1ère6', 20318, 20816);
INSERT INTO utilisateurs VALUES(10519, 'eleve', 'Sintia.Please519', 'K1b}TV;9I]jeudgl');
INSERT INTO eleves VALUES(10519, 'Sintia', 'Please', '1ère6', 20117, 21328);
INSERT INTO utilisateurs VALUES(10520, 'eleve', 'Stalinslas.Market520', 'FzL/C\uS:i6pB&Yq');
INSERT INTO eleves VALUES(10520, 'Stalinslas', 'Market', '1ère6', 20302, 21474);
INSERT INTO utilisateurs VALUES(10521, 'eleve', 'Lucien.Qwerty521', 'wIOA$ZTK=[o7Ety]');
INSERT INTO eleves VALUES(10521, 'Lucien', 'Qwerty', '1ère6', 21745, 21082);
INSERT INTO utilisateurs VALUES(10522, 'eleve', 'Thomes.Geneve522', 'P$c.eDIW]/b&S<Rm');
INSERT INTO eleves VALUES(10522, 'Thomes', 'Geneve', '1ère6', 21790, 21366);
INSERT INTO utilisateurs VALUES(10523, 'eleve', 'Tiri.Mangesol523', 'je8)>v</5\rZ@?Q&');
INSERT INTO eleves VALUES(10523, 'Tiri', 'Mangesol', '1ère6', 20071, 21196);
INSERT INTO utilisateurs VALUES(10524, 'eleve', 'Tabour.Pabo524', ']=sp#jxae;6^}2MQ');
INSERT INTO eleves VALUES(10524, 'Tabour', 'Pabo', '1ère6', 20338, 20878);
INSERT INTO utilisateurs VALUES(10525, 'eleve', 'Uberite.Ite525', '|sQ5e&b60i_ym[w(');
INSERT INTO eleves VALUES(10525, 'Uberite', 'Ite', '1ère6', 20491, 21824);
INSERT INTO utilisateurs VALUES(10526, 'eleve', 'Hugo.Tam526', 's{lIoP=Qf]rgM@uJ');
INSERT INTO eleves VALUES(10526, 'Hugo', 'Tam', '1ère6', 21687, 20715);
INSERT INTO utilisateurs VALUES(10527, 'eleve', 'Paluche.B57 PRO MAX 3500527', 'dNVXo,ElqnOi_DW4');
INSERT INTO eleves VALUES(10527, 'Paluche', 'B57 PRO MAX 3500', '1ère6', 21678, 21717);
INSERT INTO utilisateurs VALUES(10528, 'eleve', 'Stanyshlasse.Ou528', 'H{aE8V_Qyei1G2Jk');
INSERT INTO eleves VALUES(10528, 'Stanyshlasse', 'Ou', '1ère6', 20413, 20380);
INSERT INTO utilisateurs VALUES(10529, 'eleve', 'Raphaël.Lubrique529', 'Tr3L_m|wUf!<1Xo5');
INSERT INTO eleves VALUES(10529, 'Raphaël', 'Lubrique', '1ère6', 21947, 21628);
INSERT INTO utilisateurs VALUES(10530, 'eleve', 'Etrique.Deces530', '-fe5ztl!U#|gc^?=');
INSERT INTO eleves VALUES(10530, 'Etrique', 'Deces', '1ère6', 20622, 20452);
INSERT INTO utilisateurs VALUES(10531, 'eleve', 'Macly.Lubrique531', 'j}6"gAW4|=qEt,b(');
INSERT INTO eleves VALUES(10531, 'Macly', 'Lubrique', '1ère6', 21031, 20608);
INSERT INTO utilisateurs VALUES(10532, 'eleve', 'Macly.Nutella532', 'Y2vm0QB\Za6NE7Xl');
INSERT INTO eleves VALUES(10532, 'Macly', 'Nutella', '1ère6', 20438, 20590);
INSERT INTO utilisateurs VALUES(10533, 'eleve', 'Desirade.Epiee533', 'zM.UZ(TDejV4wEom');
INSERT INTO eleves VALUES(10533, 'Desirade', 'Epiee', '1ère6', 21563, 20014);
INSERT INTO utilisateurs VALUES(10534, 'eleve', 'Nathanaël.Tem534', '7/]WKVRs-<$Sj2T5');
INSERT INTO eleves VALUES(10534, 'Nathanaël', 'Tem', '1ère6', 21665, 20723);
INSERT INTO classes VALUES('1ère7', '30024');
INSERT INTO utilisateurs VALUES(10535, 'eleve', 'Jean-Eune.Musk535', 'Q:U${_Jky5)4/t?!');
INSERT INTO eleves VALUES(10535, 'Jean-Eune', 'Musk', '1ère7', 21219, 21901);
INSERT INTO utilisateurs VALUES(10536, 'eleve', 'Paluche.Lemoche536', 'b<IcA#){-nNT?RL[');
INSERT INTO eleves VALUES(10536, 'Paluche', 'Lemoche', '1ère7', 21606, 20927);
INSERT INTO utilisateurs VALUES(10537, 'eleve', 'Yanni.Pablo537', 'j<z.SXw\(}O9ixC!');
INSERT INTO eleves VALUES(10537, 'Yanni', 'Pablo', '1ère7', 20646, 21590);
INSERT INTO utilisateurs VALUES(10538, 'eleve', 'Mac.Duc de Montmorency538', 'eF!K#*tm)7Gclo@]');
INSERT INTO eleves VALUES(10538, 'Mac', 'Duc de Montmorency', '1ère7', 21225, 21900);
INSERT INTO utilisateurs VALUES(10539, 'eleve', 'Sintia.Lebeau539', ';l=_f3O)#KR4Ldqe');
INSERT INTO eleves VALUES(10539, 'Sintia', 'Lebeau', '1ère7', 20860, 20602);
INSERT INTO utilisateurs VALUES(10540, 'eleve', 'Sintia.Market540', 'vN5[(1W}>n&zxK!q');
INSERT INTO eleves VALUES(10540, 'Sintia', 'Market', '1ère7', 22076, 21878);
INSERT INTO utilisateurs VALUES(10541, 'eleve', 'Raphaël.Bechamelle541', '"%9)c7(Do\tU!a#[');
INSERT INTO eleves VALUES(10541, 'Raphaël', 'Bechamelle', '1ère7', 22085, 20312);
INSERT INTO utilisateurs VALUES(10542, 'eleve', 'Jean-Mohammed.Pabo542', 'B=r#)hO_.7E[<De&');
INSERT INTO eleves VALUES(10542, 'Jean-Mohammed', 'Pabo', '1ère7', 20199, 20992);
INSERT INTO utilisateurs VALUES(10543, 'eleve', 'Hubert-Valéry-Patrick-Stanislas.Mangesol543', '.dM1GL]37|r,U!Yi');
INSERT INTO eleves VALUES(10543, 'Hubert-Valéry-Patrick-Stanislas', 'Mangesol', '1ère7', 22080, 21968);
INSERT INTO utilisateurs VALUES(10544, 'eleve', 'Tiri.Tym544', 'li#[RQ_P?;^G{C}<');
INSERT INTO eleves VALUES(10544, 'Tiri', 'Tym', '1ère7', 21004, 20987);
INSERT INTO utilisateurs VALUES(10545, 'eleve', 'Tom.Tum545', '%EYu.Wj|78RUq)g[');
INSERT INTO eleves VALUES(10545, 'Tom', 'Tum', '1ère7', 20283, 20444);
INSERT INTO utilisateurs VALUES(10546, 'eleve', 'Tym.Ite546', 'FMWyV>N1#Ou:t3Dj');
INSERT INTO eleves VALUES(10546, 'Tym', 'Ite', '1ère7', 20983, 21570);
INSERT INTO utilisateurs VALUES(10547, 'eleve', 'Articho.Ite547', 'Po&mi)0:=#>p41!g');
INSERT INTO eleves VALUES(10547, 'Articho', 'Ite', '1ère7', 20563, 20451);
INSERT INTO utilisateurs VALUES(10548, 'eleve', 'Vic.Mière548', '4m-lLw^SiKuD}03y');
INSERT INTO eleves VALUES(10548, 'Vic', 'Mière', '1ère7', 20350, 21925);
INSERT INTO utilisateurs VALUES(10549, 'eleve', 'Deliver.Oxlong549', '2EH9y;\<8eOowQq=');
INSERT INTO eleves VALUES(10549, 'Deliver', 'Oxlong', '1ère7', 21374, 20848);
INSERT INTO utilisateurs VALUES(10550, 'eleve', 'Romain.Unowhy550', '%gkE&6l5sQ=XGOf,');
INSERT INTO eleves VALUES(10550, 'Romain', 'Unowhy', '1ère7', 22042, 20328);
INSERT INTO utilisateurs VALUES(10551, 'eleve', 'Thanzile.Sus551', 'DSM0wo\sRE5q9x(-');
INSERT INTO eleves VALUES(10551, 'Thanzile', 'Sus', '1ère7', 20080, 20968);
INSERT INTO utilisateurs VALUES(10552, 'eleve', 'Macly.Deces552', 'vc:5NztoYnjMqi(g');
INSERT INTO eleves VALUES(10552, 'Macly', 'Deces', '1ère7', 20929, 20082);
INSERT INTO utilisateurs VALUES(10553, 'eleve', 'Tiri.Lemoche553', 'b*2"l#(uo}ji-:?+');
INSERT INTO eleves VALUES(10553, 'Tiri', 'Lemoche', '1ère7', 21607, 20998);
INSERT INTO utilisateurs VALUES(10554, 'eleve', 'Uberite.Market554', '"b9,ge&SO;B#sRx_');
INSERT INTO eleves VALUES(10554, 'Uberite', 'Market', '1ère7', 20902, 20569);
INSERT INTO utilisateurs VALUES(10555, 'eleve', 'Patric.Lustre555', 'WBGnILU&@m:_,>f.');
INSERT INTO eleves VALUES(10555, 'Patric', 'Lustre', '1ère7', 21119, 20579);
INSERT INTO utilisateurs VALUES(10556, 'eleve', 'Stanyshlasse.Lustre556', 'j+OefZw;-5h}b8!B');
INSERT INTO eleves VALUES(10556, 'Stanyshlasse', 'Lustre', '1ère7', 20777, 22095);
INSERT INTO utilisateurs VALUES(10557, 'eleve', 'Hubert-Valéry-Patrick-Stanislas.Ou557', '3XMriV{pnsWNm=LY');
INSERT INTO eleves VALUES(10557, 'Hubert-Valéry-Patrick-Stanislas', 'Ou', '1ère7', 20892, 21532);
INSERT INTO utilisateurs VALUES(10558, 'eleve', 'Sintia.Lemoche558', 'H\T6@29-r7^oPbWD');
INSERT INTO eleves VALUES(10558, 'Sintia', 'Lemoche', '1ère7', 21401, 20726);
INSERT INTO utilisateurs VALUES(10559, 'eleve', 'Pabo.Gober559', 'GlamR0n{hO]y_6(?');
INSERT INTO eleves VALUES(10559, 'Pabo', 'Gober', '1ère7', 21140, 20094);
INSERT INTO utilisateurs VALUES(10560, 'eleve', 'Romain.Pipe560', '2}6!<GitwmZnB+RS');
INSERT INTO eleves VALUES(10560, 'Romain', 'Pipe', '1ère7', 21546, 20359);
INSERT INTO utilisateurs VALUES(10561, 'eleve', 'Hubert-Valéry-Patrick-Stanislas.Sus561', 'a^dgEI31-N8_xV;A');
INSERT INTO eleves VALUES(10561, 'Hubert-Valéry-Patrick-Stanislas', 'Sus', '1ère7', 21877, 21942);
INSERT INTO utilisateurs VALUES(10562, 'eleve', 'Articho.Livrogne562', '8>6%hTolGm#xA0+1');
INSERT INTO eleves VALUES(10562, 'Articho', 'Livrogne', '1ère7', 20897, 21572);
INSERT INTO utilisateurs VALUES(10563, 'eleve', 'Jean-Eune.Wifi563', '"e),u7VAWP+T>bw9');
INSERT INTO eleves VALUES(10563, 'Jean-Eune', 'Wifi', '1ère7', 20169, 21670);
INSERT INTO utilisateurs VALUES(10564, 'eleve', 'Deliver.Veu564', '0@9;d)8Eclz^D|j-');
INSERT INTO eleves VALUES(10564, 'Deliver', 'Veu', '1ère7', 21065, 21540);
INSERT INTO utilisateurs VALUES(10565, 'eleve', 'Mac.Tim565', 'VWgl;ahYbN[L@y4w');
INSERT INTO eleves VALUES(10565, 'Mac', 'Tim', '1ère7', 21614, 21677);
INSERT INTO utilisateurs VALUES(10566, 'eleve', 'Nathanaël.Genese566', 'b[pAS7+Q"=a8If1z');
INSERT INTO eleves VALUES(10566, 'Nathanaël', 'Genese', '1ère7', 21898, 20100);
INSERT INTO utilisateurs VALUES(10567, 'eleve', 'Mac.Avion567', 'Ei7yR>K{vYUI,qz]');
INSERT INTO eleves VALUES(10567, 'Mac', 'Avion', '1ère7', 21713, 20450);
INSERT INTO utilisateurs VALUES(10568, 'eleve', 'Moru.Piloti568', '%/>@g^9]&-IN"j7D');
INSERT INTO eleves VALUES(10568, 'Moru', 'Piloti', '1ère7', 20322, 20248);
INSERT INTO classes VALUES('1ère8', '30001');
INSERT INTO utilisateurs VALUES(10569, 'eleve', 'Raphaël.Mière569', '!m&fY^?*{@<Q3Nn8');
INSERT INTO eleves VALUES(10569, 'Raphaël', 'Mière', '1ère8', 21041, 20224);
INSERT INTO utilisateurs VALUES(10570, 'eleve', 'Erve.Edupython570', '+GQYv0DqZL4;9O,&');
INSERT INTO eleves VALUES(10570, 'Erve', 'Edupython', '1ère8', 20058, 21187);
INSERT INTO utilisateurs VALUES(10571, 'eleve', 'Lucien.Vin571', '@Es\ylaHg#DdP7SG');
INSERT INTO eleves VALUES(10571, 'Lucien', 'Vin', '1ère8', 21682, 21528);
INSERT INTO utilisateurs VALUES(10572, 'eleve', 'Moru.Ou572', '>=9Gje\26SW|A.+n');
INSERT INTO eleves VALUES(10572, 'Moru', 'Ou', '1ère8', 21202, 20714);
INSERT INTO utilisateurs VALUES(10573, 'eleve', 'Mac.Cremanglaise573', 'Md5;HiczGm)vh7W^');
INSERT INTO eleves VALUES(10573, 'Mac', 'Cremanglaise', '1ère8', 21823, 21375);
INSERT INTO utilisateurs VALUES(10574, 'eleve', 'Thanzile.B57 PRO MAX 3500574', 'fXu_jAYVG7Ik<t-F');
INSERT INTO eleves VALUES(10574, 'Thanzile', 'B57 PRO MAX 3500', '1ère8', 21391, 20056);
INSERT INTO utilisateurs VALUES(10575, 'eleve', 'Amogus.Market575', '{B6J."X;|1@b[t#R');
INSERT INTO eleves VALUES(10575, 'Amogus', 'Market', '1ère8', 21495, 20706);
INSERT INTO utilisateurs VALUES(10576, 'eleve', 'Moru.Lubrique576', '>s}p3ZWFQ@)X\b9V');
INSERT INTO eleves VALUES(10576, 'Moru', 'Lubrique', '1ère8', 20581, 20162);
INSERT INTO utilisateurs VALUES(10577, 'eleve', 'Tem.Tem577', '?;-I%{nHVp=>C$)R');
INSERT INTO eleves VALUES(10577, 'Tem', 'Tem', '1ère8', 20604, 20532);
INSERT INTO utilisateurs VALUES(10578, 'eleve', 'Bernar.Piloti578', '^|<2BZN(}?36G",&');
INSERT INTO eleves VALUES(10578, 'Bernar', 'Piloti', '1ère8', 20826, 21026);
INSERT INTO utilisateurs VALUES(10579, 'eleve', 'Romain.Ikea579', 'zY/ZR(xpayhf1bG!');
INSERT INTO eleves VALUES(10579, 'Romain', 'Ikea', '1ère8', 21148, 21909);
INSERT INTO utilisateurs VALUES(10580, 'eleve', 'Florian.Pabo580', '|n;%P3z8MSJv2"F_');
INSERT INTO eleves VALUES(10580, 'Florian', 'Pabo', '1ère8', 21229, 21817);
INSERT INTO utilisateurs VALUES(10581, 'eleve', 'Stabline.Azerty581', '$7<*[&8\rHPp)9>?');
INSERT INTO eleves VALUES(10581, 'Stabline', 'Azerty', '1ère8', 21548, 20490);
INSERT INTO utilisateurs VALUES(10582, 'eleve', 'Uberite.Bechamelle582', 'UZg8q=!oRbhX<{]S');
INSERT INTO eleves VALUES(10582, 'Uberite', 'Bechamelle', '1ère8', 21743, 20133);
INSERT INTO utilisateurs VALUES(10583, 'eleve', 'Jen.Bluetooth583', 'DG>&lg\s^J+#,Oa.');
INSERT INTO eleves VALUES(10583, 'Jen', 'Bluetooth', '1ère8', 21364, 20944);
INSERT INTO utilisateurs VALUES(10584, 'eleve', 'Tam.Bluetooth584', 'jUi_NQJ,L-)kdWem');
INSERT INTO eleves VALUES(10584, 'Tam', 'Bluetooth', '1ère8', 21014, 20690);
INSERT INTO utilisateurs VALUES(10585, 'eleve', 'Skwizy.Suroderable585', '<D6;-s>E},A[:Q%p');
INSERT INTO eleves VALUES(10585, 'Skwizy', 'Suroderable', '1ère8', 20015, 20874);
INSERT INTO utilisateurs VALUES(10586, 'eleve', 'Amogus.Genepi586', 'oPc7g}|.k_IZ12{*');
INSERT INTO eleves VALUES(10586, 'Amogus', 'Genepi', '1ère8', 21551, 21138);
INSERT INTO utilisateurs VALUES(10587, 'eleve', 'Nathanaël.Lebeau587', '+QX/I;gyTRq9C2p=');
INSERT INTO eleves VALUES(10587, 'Nathanaël', 'Lebeau', '1ère8', 20578, 22030);
INSERT INTO utilisateurs VALUES(10588, 'eleve', 'Valeri.Pablo588', '+Vj{P#7iCT\.n5t)');
INSERT INTO eleves VALUES(10588, 'Valeri', 'Pablo', '1ère8', 21970, 21304);
INSERT INTO utilisateurs VALUES(10589, 'eleve', 'Nathanaël.Nutella589', '"_.)l$c=z+/N(*<M');
INSERT INTO eleves VALUES(10589, 'Nathanaël', 'Nutella', '1ère8', 21965, 20732);
INSERT INTO utilisateurs VALUES(10590, 'eleve', 'Skwizy.Tom590', '(-L<136Z%IB95R[g');
INSERT INTO eleves VALUES(10590, 'Skwizy', 'Tom', '1ère8', 20419, 20630);
INSERT INTO utilisateurs VALUES(10591, 'eleve', 'Paluche.Suroderable591', 'FlqTnU@O6tZpw!]V');
INSERT INTO eleves VALUES(10591, 'Paluche', 'Suroderable', '1ère8', 20543, 20375);
INSERT INTO utilisateurs VALUES(10592, 'eleve', 'Ugo.Azerty592', 'S&s!mieqy5%[,(MJ');
INSERT INTO eleves VALUES(10592, 'Ugo', 'Azerty', '1ère8', 21048, 21162);
INSERT INTO utilisateurs VALUES(10593, 'eleve', 'Moru.Gober593', 'm5TjM#k,/8?g&y<R');
INSERT INTO eleves VALUES(10593, 'Moru', 'Gober', '1ère8', 22071, 20000);
INSERT INTO utilisateurs VALUES(10594, 'eleve', 'Tim.Tem594', '>Nm1_v|Sj.\c7]9+');
INSERT INTO eleves VALUES(10594, 'Tim', 'Tem', '1ère8', 21946, 21611);
INSERT INTO utilisateurs VALUES(10595, 'eleve', 'Etrique.Mière595', 'OI+rAs&R5ja(-\3q');
INSERT INTO eleves VALUES(10595, 'Etrique', 'Mière', '1ère8', 22065, 21772);
INSERT INTO utilisateurs VALUES(10596, 'eleve', 'Thomes.Marat596', 'hI12>=x:B"W3\r7N');
INSERT INTO eleves VALUES(10596, 'Thomes', 'Marat', '1ère8', 20280, 20478);
INSERT INTO utilisateurs VALUES(10597, 'eleve', 'Jen.Gober597', 'NEnPRAc1M"y9G#p>');
INSERT INTO eleves VALUES(10597, 'Jen', 'Gober', '1ère8', 20506, 21888);
INSERT INTO utilisateurs VALUES(10598, 'eleve', 'Romain.Lebeau598', '|Zei#Whs*0"=I,nk');
INSERT INTO eleves VALUES(10598, 'Romain', 'Lebeau', '1ère8', 21277, 21583);
INSERT INTO utilisateurs VALUES(10599, 'eleve', 'Sintia.Tam599', '?rlL2}\esDY_/C)#');
INSERT INTO eleves VALUES(10599, 'Sintia', 'Tam', '1ère8', 21649, 21591);
INSERT INTO utilisateurs VALUES(10600, 'eleve', 'Crapo.Musk600', 'TQNn!8iJ-\5)CAro');
INSERT INTO eleves VALUES(10600, 'Crapo', 'Musk', '1ère8', 21819, 20147);
INSERT INTO utilisateurs VALUES(10601, 'eleve', 'Crapo.Tem601', '5QEmFzL,@rX?S37^');
INSERT INTO eleves VALUES(10601, 'Crapo', 'Tem', '1ère8', 21077, 21109);
INSERT INTO utilisateurs VALUES(10602, 'eleve', 'Lumineux.Sus602', 'dB[K>@D2vl3]qbG1');
INSERT INTO eleves VALUES(10602, 'Lumineux', 'Sus', '1ère8', 20054, 21592);
INSERT INTO classes VALUES('1ère9', '30043');
INSERT INTO utilisateurs VALUES(10603, 'eleve', 'Uber.Lustre603', 'no]+t:[Ax$C#UB/N');
INSERT INTO eleves VALUES(10603, 'Uber', 'Lustre', '1ère9', 22039, 22007);
INSERT INTO utilisateurs VALUES(10604, 'eleve', 'Bernar.Plafond604', 'F>m1CX0M,PT\LfGO');
INSERT INTO eleves VALUES(10604, 'Bernar', 'Plafond', '1ère9', 20529, 20120);
INSERT INTO utilisateurs VALUES(10605, 'eleve', 'Blandine.Sus605', 'e]+CIgiml;$aN,(p');
INSERT INTO eleves VALUES(10605, 'Blandine', 'Sus', '1ère9', 20470, 20772);
INSERT INTO utilisateurs VALUES(10606, 'eleve', 'Karfour.Tam606', '1U5m)EpDY<s6uLOd');
INSERT INTO eleves VALUES(10606, 'Karfour', 'Tam', '1ère9', 20395, 21253);
INSERT INTO utilisateurs VALUES(10607, 'eleve', 'Jean-Eune.Tem607', 'Y2tzrI)p51D?w}-k');
INSERT INTO eleves VALUES(10607, 'Jean-Eune', 'Tem', '1ère9', 20893, 20627);
INSERT INTO utilisateurs VALUES(10608, 'eleve', 'Paluche.Tym608', '6Y[gG{)\<+(?*omB');
INSERT INTO eleves VALUES(10608, 'Paluche', 'Tym', '1ère9', 21411, 20752);
INSERT INTO utilisateurs VALUES(10609, 'eleve', 'Thanzile.Duc de Montmorency609', '.3tXZo*/=(cjSQ>G');
INSERT INTO eleves VALUES(10609, 'Thanzile', 'Duc de Montmorency', '1ère9', 20782, 21969);
INSERT INTO utilisateurs VALUES(10610, 'eleve', 'Raphaël.Ou610', '\0Lq"ON4;:=jXhWd');
INSERT INTO eleves VALUES(10610, 'Raphaël', 'Ou', '1ère9', 20092, 21539);
INSERT INTO utilisateurs VALUES(10611, 'eleve', 'Prise.Gober611', 'iUq#DdnZKERmYT>0');
INSERT INTO eleves VALUES(10611, 'Prise', 'Gober', '1ère9', 21834, 21811);
INSERT INTO utilisateurs VALUES(10612, 'eleve', 'Moru.Lodevie612', 'p8q#,9i7"6]Q{;LR');
INSERT INTO eleves VALUES(10612, 'Moru', 'Lodevie', '1ère9', 20503, 20259);
INSERT INTO utilisateurs VALUES(10613, 'eleve', 'Thomes.B57 PRO MAX 3500613', 'E9SY/8#*^|&q}>{y');
INSERT INTO eleves VALUES(10613, 'Thomes', 'B57 PRO MAX 3500', '1ère9', 20046, 21910);
INSERT INTO utilisateurs VALUES(10614, 'eleve', 'Valeri.Tam614', 'TWZ7M0($5oN2}ImC');
INSERT INTO eleves VALUES(10614, 'Valeri', 'Tam', '1ère9', 21386, 21702);
INSERT INTO utilisateurs VALUES(10615, 'eleve', 'Stanyshlasse.Tam615', 'P6qa<.iTIR[{QX&,');
INSERT INTO eleves VALUES(10615, 'Stanyshlasse', 'Tam', '1ère9', 21989, 21164);
INSERT INTO utilisateurs VALUES(10616, 'eleve', 'Bernar.Edupython616', '\Q,OD!")/&J1VnxR');
INSERT INTO eleves VALUES(10616, 'Bernar', 'Edupython', '1ère9', 21431, 20244);
INSERT INTO utilisateurs VALUES(10617, 'eleve', 'Lucien.Descartes617', 'cKL?Etf!gpUJ7)j1');
INSERT INTO eleves VALUES(10617, 'Lucien', 'Descartes', '1ère9', 21980, 20326);
INSERT INTO utilisateurs VALUES(10618, 'eleve', 'Desirade.Duc de Montmorency618', '[.tGe7B}-]*6dq>8');
INSERT INTO eleves VALUES(10618, 'Desirade', 'Duc de Montmorency', '1ère9', 21121, 21074);
INSERT INTO utilisateurs VALUES(10619, 'eleve', 'Stabline.Livrogne619', 'Ck/I47gw"9+-c&^D');
INSERT INTO eleves VALUES(10619, 'Stabline', 'Livrogne', '1ère9', 21351, 20888);
INSERT INTO utilisateurs VALUES(10620, 'eleve', 'Candys-Noémie.Azerty620', 'r#5hkw:8Pm09iA)[');
INSERT INTO eleves VALUES(10620, 'Candys-Noémie', 'Azerty', '1ère9', 20106, 21998);
INSERT INTO utilisateurs VALUES(10621, 'eleve', 'Erve.Lubrique621', 'bJ6;y1^/etO)%$ED');
INSERT INTO eleves VALUES(10621, 'Erve', 'Lubrique', '1ère9', 20553, 21637);
INSERT INTO utilisateurs VALUES(10622, 'eleve', 'Prise.Suroderable622', '|sakdtqX*}B[zU=(');
INSERT INTO eleves VALUES(10622, 'Prise', 'Suroderable', '1ère9', 20137, 22035);
INSERT INTO utilisateurs VALUES(10623, 'eleve', 'Loui.Market623', 'iQqacLBjV>*#xC;u');
INSERT INTO eleves VALUES(10623, 'Loui', 'Market', '1ère9', 20984, 20719);
INSERT INTO utilisateurs VALUES(10624, 'eleve', 'Prise.Lebron624', 'wSK$l&0ncmPG?]j/');
INSERT INTO eleves VALUES(10624, 'Prise', 'Lebron', '1ère9', 20697, 20004);
INSERT INTO utilisateurs VALUES(10625, 'eleve', 'X Æ A-Ⅻ.Suroderable625', 'J/eCE,$5\DqAWV&t');
INSERT INTO eleves VALUES(10625, 'X Æ A-Ⅻ', 'Suroderable', '1ère9', 20626, 20536);
INSERT INTO utilisateurs VALUES(10626, 'eleve', 'Loui.Qwerty626', '135ycA.UXH4{T[9G');
INSERT INTO eleves VALUES(10626, 'Loui', 'Qwerty', '1ère9', 21463, 22045);
INSERT INTO utilisateurs VALUES(10627, 'eleve', 'Loui.Lustre627', 'E$b@-fzjyL#%[nT8');
INSERT INTO eleves VALUES(10627, 'Loui', 'Lustre', '1ère9', 21627, 21764);
INSERT INTO utilisateurs VALUES(10628, 'eleve', 'Uber.Livrogne628', '%uYVD8l7zOXej9QR');
INSERT INTO eleves VALUES(10628, 'Uber', 'Livrogne', '1ère9', 20580, 21462);
INSERT INTO utilisateurs VALUES(10629, 'eleve', 'Thanzile.Tum629', 'B2cGdL175,@]F8&q');
INSERT INTO eleves VALUES(10629, 'Thanzile', 'Tum', '1ère9', 20272, 20797);
INSERT INTO utilisateurs VALUES(10630, 'eleve', 'Tom.Pipe630', '*PujADG>-.5Qy^ar');
INSERT INTO eleves VALUES(10630, 'Tom', 'Pipe', '1ère9', 20819, 20214);
INSERT INTO utilisateurs VALUES(10631, 'eleve', 'Jen.Geneve631', 'E.Ib1A)>0=TpMcd+');
INSERT INTO eleves VALUES(10631, 'Jen', 'Geneve', '1ère9', 20855, 20212);
INSERT INTO utilisateurs VALUES(10632, 'eleve', 'Uber.Nutella632', '8EcU1j?GxI037ng2');
INSERT INTO eleves VALUES(10632, 'Uber', 'Nutella', '1ère9', 21616, 21999);
INSERT INTO utilisateurs VALUES(10633, 'eleve', 'Tem.Tum633', '3zR2mD#}Ognw\"kM');
INSERT INTO eleves VALUES(10633, 'Tem', 'Tum', '1ère9', 21146, 20078);
INSERT INTO utilisateurs VALUES(10634, 'eleve', 'Desirade.Genepi634', 'zLH}IN3YQx*W%8b+');
INSERT INTO eleves VALUES(10634, 'Desirade', 'Genepi', '1ère9', 20443, 21778);
INSERT INTO utilisateurs VALUES(10635, 'eleve', 'Tum.Suroderable635', '=5L.v$om&qM#BY;>');
INSERT INTO eleves VALUES(10635, 'Tum', 'Suroderable', '1ère9', 21593, 22033);
INSERT INTO utilisateurs VALUES(10636, 'eleve', 'Valeri.Lodevie636', ':Saen,b#"D!L+zjo');
INSERT INTO eleves VALUES(10636, 'Valeri', 'Lodevie', '1ère9', 21663, 21226);
INSERT INTO utilisateurs VALUES(10637, 'eleve', 'Pablo.Tam637', 'BSWyt4aH|L+YRGvx');
INSERT INTO eleves VALUES(10637, 'Pablo', 'Tam', '1ère9', 20217, 21648);
INSERT INTO classes VALUES('1ère10', '30078');
INSERT INTO utilisateurs VALUES(10638, 'eleve', 'Pablo.Veu638', '4IP%"68paM[Zt;h0');
INSERT INTO eleves VALUES(10638, 'Pablo', 'Veu', '1ère10', 21622, 21774);
INSERT INTO utilisateurs VALUES(10639, 'eleve', 'Raphaël.Edupython639', 'FV9WBt2^1(T8sbZw');
INSERT INTO eleves VALUES(10639, 'Raphaël', 'Edupython', '1ère10', 21013, 20774);
INSERT INTO utilisateurs VALUES(10640, 'eleve', 'Etrique.Livrogne640', 'wMxV?v=|Y{4ugX1[');
INSERT INTO eleves VALUES(10640, 'Etrique', 'Livrogne', '1ère10', 21875, 20496);
INSERT INTO utilisateurs VALUES(10641, 'eleve', 'Hubert-Valéry-Patrick-Stanislas.Genepi641', 'O{q)PxDU-&1MT0G5');
INSERT INTO eleves VALUES(10641, 'Hubert-Valéry-Patrick-Stanislas', 'Genepi', '1ère10', 20495, 21080);
INSERT INTO utilisateurs VALUES(10642, 'eleve', 'Uberite.Tam642', 'lM}&fDpaC("q#my|');
INSERT INTO eleves VALUES(10642, 'Uberite', 'Tam', '1ère10', 21251, 20068);
INSERT INTO utilisateurs VALUES(10643, 'eleve', 'Crapo.Genese643', '4^rI5*yMuR/6KG!L');
INSERT INTO eleves VALUES(10643, 'Crapo', 'Genese', '1ère10', 21133, 20653);
INSERT INTO utilisateurs VALUES(10644, 'eleve', 'Vic.Ou644', 'L#TOg8v$aCh&<H3>');
INSERT INTO eleves VALUES(10644, 'Vic', 'Ou', '1ère10', 20250, 20236);
INSERT INTO utilisateurs VALUES(10645, 'eleve', 'Yassine.Lubrique645', 'JIF);T.Gw$u6/n,&');
INSERT INTO eleves VALUES(10645, 'Yassine', 'Lubrique', '1ère10', 20019, 21818);
INSERT INTO utilisateurs VALUES(10646, 'eleve', 'Pabo.Azerty646', 'ry2&{Xj#pL!Mt@Kg');
INSERT INTO eleves VALUES(10646, 'Pabo', 'Azerty', '1ère10', 21042, 20345);
INSERT INTO utilisateurs VALUES(10647, 'eleve', 'Desirade.Genese647', 'x_&]pt{bq(Lwaz@O');
INSERT INTO eleves VALUES(10647, 'Desirade', 'Genese', '1ère10', 21184, 20937);
INSERT INTO utilisateurs VALUES(10648, 'eleve', 'Hugo.Geneve648', 'iJS0n(8Z"bEIDe-F');
INSERT INTO eleves VALUES(10648, 'Hugo', 'Geneve', '1ère10', 21209, 21176);
INSERT INTO utilisateurs VALUES(10649, 'eleve', 'Chario.Lubrique649', 'z?T8"nrx[M,l4twm');
INSERT INTO eleves VALUES(10649, 'Chario', 'Lubrique', '1ère10', 21796, 20159);
INSERT INTO utilisateurs VALUES(10650, 'eleve', 'Etrique.Suke650', 'Y6[huv"IqUc<BO\9');
INSERT INTO eleves VALUES(10650, 'Etrique', 'Suke', '1ère10', 21315, 21429);
INSERT INTO utilisateurs VALUES(10651, 'eleve', 'Tem.Lebron651', 'Q.1]zEnv^%xaXt}F');
INSERT INTO eleves VALUES(10651, 'Tem', 'Lebron', '1ère10', 22002, 20750);
INSERT INTO utilisateurs VALUES(10652, 'eleve', 'Moru.Cremanglaise652', 's&2mv*PR(WOFp%KT');
INSERT INTO eleves VALUES(10652, 'Moru', 'Cremanglaise', '1ère10', 21347, 21173);
INSERT INTO utilisateurs VALUES(10653, 'eleve', 'Paluche.Please653', '?87N|X!cRL<4}Z[$');
INSERT INTO eleves VALUES(10653, 'Paluche', 'Please', '1ère10', 21777, 20440);
INSERT INTO utilisateurs VALUES(10654, 'eleve', 'Tam.Marat654', '"#MDySokJ_<Gu\P,');
INSERT INTO eleves VALUES(10654, 'Tam', 'Marat', '1ère10', 20486, 21617);
INSERT INTO utilisateurs VALUES(10655, 'eleve', 'Macly.Genese655', '/Z1K[mcB]WM8T56L');
INSERT INTO eleves VALUES(10655, 'Macly', 'Genese', '1ère10', 21899, 21032);
INSERT INTO utilisateurs VALUES(10656, 'eleve', 'Patric.Mière656', 'uQGC0g1/YfIsqSvi');
INSERT INTO eleves VALUES(10656, 'Patric', 'Mière', '1ère10', 20638, 21997);
INSERT INTO utilisateurs VALUES(10657, 'eleve', 'Ugo.Suke657', ',dr+OD1&=M.*@Q$)');
INSERT INTO eleves VALUES(10657, 'Ugo', 'Suke', '1ère10', 21130, 22048);
INSERT INTO utilisateurs VALUES(10658, 'eleve', 'Stabline.Piloti658', ']vj>$og<(9l_;Uyu');
INSERT INTO eleves VALUES(10658, 'Stabline', 'Piloti', '1ère10', 21129, 21884);
INSERT INTO utilisateurs VALUES(10659, 'eleve', 'Tam.Wifi659', 'LIm@A#:*jM=B-Yxl');
INSERT INTO eleves VALUES(10659, 'Tam', 'Wifi', '1ère10', 20955, 21962);
INSERT INTO utilisateurs VALUES(10660, 'eleve', 'Tabour.Sus660', 'fr2^FueRPG"cw8SJ');
INSERT INTO eleves VALUES(10660, 'Tabour', 'Sus', '1ère10', 21610, 21258);
INSERT INTO utilisateurs VALUES(10661, 'eleve', 'Etrique.Gober661', '\P{5eASlh}p74"<z');
INSERT INTO eleves VALUES(10661, 'Etrique', 'Gober', '1ère10', 20053, 20457);
INSERT INTO utilisateurs VALUES(10662, 'eleve', 'Credito.Avion662', 'YA]f%onKT=UOmE^8');
INSERT INTO eleves VALUES(10662, 'Credito', 'Avion', '1ère10', 20386, 20665);
INSERT INTO utilisateurs VALUES(10663, 'eleve', 'Macly.Mangesol663', 'Q;Srn}$af#Wv{LkC');
INSERT INTO eleves VALUES(10663, 'Macly', 'Mangesol', '1ère10', 21367, 21446);
INSERT INTO utilisateurs VALUES(10664, 'eleve', 'X Æ A-Ⅻ.Geneve664', '7K8@OBs=U.p&1u9(');
INSERT INTO eleves VALUES(10664, 'X Æ A-Ⅻ', 'Geneve', '1ère10', 20483, 20957);
INSERT INTO utilisateurs VALUES(10665, 'eleve', 'Skwizy.Edupython665', ']"[v/ul!*9zpi,0|');
INSERT INTO eleves VALUES(10665, 'Skwizy', 'Edupython', '1ère10', 20913, 21465);
INSERT INTO utilisateurs VALUES(10666, 'eleve', 'Stanyshlasse.Deces666', 'zH@*|y3aIV24x#/q');
INSERT INTO eleves VALUES(10666, 'Stanyshlasse', 'Deces', '1ère10', 21701, 21779);
INSERT INTO utilisateurs VALUES(10667, 'eleve', 'Tym.Deces667', '[LJpG3F(m=6Vu7PB');
INSERT INTO eleves VALUES(10667, 'Tym', 'Deces', '1ère10', 21331, 21804);
INSERT INTO utilisateurs VALUES(10668, 'eleve', 'Pabo.Veu668', 'J[c3hso5!<T$G-d+');
INSERT INTO eleves VALUES(10668, 'Pabo', 'Veu', '1ère10', 21543, 20943);
INSERT INTO utilisateurs VALUES(10669, 'eleve', 'Célian.Gober669', '{Y@ZME%zK0t\>$P1');
INSERT INTO eleves VALUES(10669, 'Célian', 'Gober', '1ère10', 21214, 21283);
INSERT INTO classes VALUES('T°1', '30055');
INSERT INTO utilisateurs VALUES(10670, 'eleve', 'Credito.Oxlong670', '&V\n<cv>,L!:J6mR');
INSERT INTO eleves VALUES(10670, 'Credito', 'Oxlong', 'T°1', 21177, 21260);
INSERT INTO utilisateurs VALUES(10671, 'eleve', 'X Æ A-Ⅻ.Gober671', 'AXPp(^SV}k58Thg_');
INSERT INTO eleves VALUES(10671, 'X Æ A-Ⅻ', 'Gober', 'T°1', 21112, 20999);
INSERT INTO utilisateurs VALUES(10672, 'eleve', 'Amogus.Unowhy672', 'zlfqESbMTi)y&p{V');
INSERT INTO eleves VALUES(10672, 'Amogus', 'Unowhy', 'T°1', 20149, 20867);
INSERT INTO utilisateurs VALUES(10673, 'eleve', 'Stanyshlasse.Genese673', '"6DQ7C3J|K0u%@k8');
INSERT INTO eleves VALUES(10673, 'Stanyshlasse', 'Genese', 'T°1', 20686, 20788);
INSERT INTO utilisateurs VALUES(10674, 'eleve', 'Tum.Lodevie674', 'Yhg>_Q0j}C!&\/91');
INSERT INTO eleves VALUES(10674, 'Tum', 'Lodevie', 'T°1', 21458, 20889);
INSERT INTO utilisateurs VALUES(10675, 'eleve', 'Romain.Geneve675', '7}LdeNP*(kMWF|R%');
INSERT INTO eleves VALUES(10675, 'Romain', 'Geneve', 'T°1', 21963, 20767);
INSERT INTO utilisateurs VALUES(10676, 'eleve', 'Tiri.Tem676', '7G!sZU<rjm|pCh+k');
INSERT INTO eleves VALUES(10676, 'Tiri', 'Tem', 'T°1', 21242, 21797);
INSERT INTO utilisateurs VALUES(10677, 'eleve', 'Maxence.Pie677', '$8;l5Wqt2c-ZLNH.');
INSERT INTO eleves VALUES(10677, 'Maxence', 'Pie', 'T°1', 20108, 20763);
INSERT INTO utilisateurs VALUES(10678, 'eleve', 'Lucien.Genese678', ':1w7OPo#erDc^Z@C');
INSERT INTO eleves VALUES(10678, 'Lucien', 'Genese', 'T°1', 20343, 21380);
INSERT INTO utilisateurs VALUES(10679, 'eleve', 'Yanni.Pabo679', 'Ry@M3^S19Za#:+",');
INSERT INTO eleves VALUES(10679, 'Yanni', 'Pabo', 'T°1', 20980, 20997);
INSERT INTO utilisateurs VALUES(10680, 'eleve', 'Raphaël.Please680', 'Or\I74Tf=kD#}0U&');
INSERT INTO eleves VALUES(10680, 'Raphaël', 'Please', 'T°1', 21966, 21651);
INSERT INTO utilisateurs VALUES(10681, 'eleve', 'Mac.Bluetooth681', '{GDM#2LH%<d@A/u?');
INSERT INTO eleves VALUES(10681, 'Mac', 'Bluetooth', 'T°1', 21553, 20181);
INSERT INTO utilisateurs VALUES(10682, 'eleve', 'Uber.Unowhy682', 'Z:4hzq,$iCXKP3NE');
INSERT INTO eleves VALUES(10682, 'Uber', 'Unowhy', 'T°1', 20942, 21781);
INSERT INTO utilisateurs VALUES(10683, 'eleve', 'Hubert-Valéry-Patrick-Stanislas.Gif683', 'r^-O2<0PN:{m&?ol');
INSERT INTO eleves VALUES(10683, 'Hubert-Valéry-Patrick-Stanislas', 'Gif', 'T°1', 21147, 20660);
INSERT INTO utilisateurs VALUES(10684, 'eleve', 'Tabour.B57 PRO MAX 3500684', '8$apOV#DZqTel=wn');
INSERT INTO eleves VALUES(10684, 'Tabour', 'B57 PRO MAX 3500', 'T°1', 20023, 20650);
INSERT INTO utilisateurs VALUES(10685, 'eleve', 'Thomes.Vin685', 'lGm/qU93Iu1YL"os');
INSERT INTO eleves VALUES(10685, 'Thomes', 'Vin', 'T°1', 21043, 20210);
INSERT INTO utilisateurs VALUES(10686, 'eleve', 'Tom.Veu686', 'lv-M._?:V=Ys+IA)');
INSERT INTO eleves VALUES(10686, 'Tom', 'Veu', 'T°1', 21841, 21858);
INSERT INTO utilisateurs VALUES(10687, 'eleve', 'Chario.Electrique687', '-aj;tq?7eWhnuG#"');
INSERT INTO eleves VALUES(10687, 'Chario', 'Electrique', 'T°1', 21394, 20747);
INSERT INTO utilisateurs VALUES(10688, 'eleve', 'Thomes.Piloti688', '#7/8vA$dV1hT+CE&');
INSERT INTO eleves VALUES(10688, 'Thomes', 'Piloti', 'T°1', 20354, 20515);
INSERT INTO utilisateurs VALUES(10689, 'eleve', 'Blandine.Epiee689', 'Pb$uJsw|>[#%)Ia5');
INSERT INTO eleves VALUES(10689, 'Blandine', 'Epiee', 'T°1', 21449, 21803);
INSERT INTO utilisateurs VALUES(10690, 'eleve', 'Chario.Veu690', 'MO/Z4]G1P$;VgS-E');
INSERT INTO eleves VALUES(10690, 'Chario', 'Veu', 'T°1', 21027, 20632);
INSERT INTO utilisateurs VALUES(10691, 'eleve', 'Sintia.Tim691', '5*EQu#JZLIg3OV!0');
INSERT INTO eleves VALUES(10691, 'Sintia', 'Tim', 'T°1', 20859, 20439);
INSERT INTO utilisateurs VALUES(10692, 'eleve', 'Jean-Mohammed.Plafond692', '*iub4$_DU7Vy,PTY');
INSERT INTO eleves VALUES(10692, 'Jean-Mohammed', 'Plafond', 'T°1', 20831, 21530);
INSERT INTO utilisateurs VALUES(10693, 'eleve', 'Vic.Avion693', '1JCzgKmLkf-V/So!');
INSERT INTO eleves VALUES(10693, 'Vic', 'Avion', 'T°1', 21199, 20820);
INSERT INTO utilisateurs VALUES(10694, 'eleve', 'Thomes.Pie694', '4(i@cbZRgpm&zqJS');
INSERT INTO eleves VALUES(10694, 'Thomes', 'Pie', 'T°1', 21849, 20813);
INSERT INTO utilisateurs VALUES(10695, 'eleve', 'Deliver.Cremanglaise695', '^rc}$Sm!%.j0M+f[');
INSERT INTO eleves VALUES(10695, 'Deliver', 'Cremanglaise', 'T°1', 21747, 20003);
INSERT INTO utilisateurs VALUES(10696, 'eleve', 'Raphaël.Meurs696', 'VGMJky+h>H[\FXfq');
INSERT INTO eleves VALUES(10696, 'Raphaël', 'Meurs', 'T°1', 21647, 20912);
INSERT INTO utilisateurs VALUES(10697, 'eleve', 'Tom.Marat697', '/\?B:.f&z6%3i@pZ');
INSERT INTO eleves VALUES(10697, 'Tom', 'Marat', 'T°1', 21499, 20219);
INSERT INTO utilisateurs VALUES(10698, 'eleve', 'Crapo.Livrogne698', 'oQmqwO\kspy|3WAI');
INSERT INTO eleves VALUES(10698, 'Crapo', 'Livrogne', 'T°1', 20256, 21113);
INSERT INTO utilisateurs VALUES(10699, 'eleve', 'Florian.Please699', '(c2/YFsyqEWJ=ki"');
INSERT INTO eleves VALUES(10699, 'Florian', 'Please', 'T°1', 20560, 20753);
INSERT INTO utilisateurs VALUES(10700, 'eleve', 'Blandine.Lodevie700', '!@lZgR6%25dbK8G9');
INSERT INTO eleves VALUES(10700, 'Blandine', 'Lodevie', 'T°1', 21993, 21657);
INSERT INTO utilisateurs VALUES(10701, 'eleve', 'Pablo.Ite701', ',hrEZvLx7t+Ty*^C');
INSERT INTO eleves VALUES(10701, 'Pablo', 'Ite', 'T°1', 21924, 21783);
INSERT INTO utilisateurs VALUES(10702, 'eleve', 'Valeri.Genepi702', '6!jsR/|Cvz1qhLF@');
INSERT INTO eleves VALUES(10702, 'Valeri', 'Genepi', 'T°1', 20076, 21661);
INSERT INTO classes VALUES('T°2', '30056');
INSERT INTO utilisateurs VALUES(10703, 'eleve', 'Mac.Qwerty703', '#>8BJVURL0k@yI;T');
INSERT INTO eleves VALUES(10703, 'Mac', 'Qwerty', 'T°2', 20945, 21282);
INSERT INTO utilisateurs VALUES(10704, 'eleve', 'Yassine.Deces704', 'OZ+(ji}z:hD\<SBU');
INSERT INTO eleves VALUES(10704, 'Yassine', 'Deces', 'T°2', 21174, 20554);
INSERT INTO utilisateurs VALUES(10705, 'eleve', 'Nathanaël.Qwerty705', ':zi%S_w$OA]u}3hf');
INSERT INTO eleves VALUES(10705, 'Nathanaël', 'Qwerty', 'T°2', 21782, 20261);
INSERT INTO utilisateurs VALUES(10706, 'eleve', 'Maxence.Cremanglaise706', 'g_q7H.,5A2>Zzt=&');
INSERT INTO eleves VALUES(10706, 'Maxence', 'Cremanglaise', 'T°2', 22028, 21690);
INSERT INTO utilisateurs VALUES(10707, 'eleve', 'Jean-Eune.Tom707', 'G{VTFe|d-C#w&JZY');
INSERT INTO eleves VALUES(10707, 'Jean-Eune', 'Tom', 'T°2', 20584, 20864);
INSERT INTO utilisateurs VALUES(10708, 'eleve', 'Chario.Lodevie708', 'zi_rx3+LlJc4yHq%');
INSERT INTO eleves VALUES(10708, 'Chario', 'Lodevie', 'T°2', 21001, 20601);
INSERT INTO utilisateurs VALUES(10709, 'eleve', 'Tabour.Ikea709', 'NtB{dH!$q.ow:eLS');
INSERT INTO eleves VALUES(10709, 'Tabour', 'Ikea', 'T°2', 20113, 20701);
INSERT INTO utilisateurs VALUES(10710, 'eleve', 'Florian.Qwerty710', 'FUYQ>$(7H=Xag6r;');
INSERT INTO eleves VALUES(10710, 'Florian', 'Qwerty', 'T°2', 21488, 21498);
INSERT INTO utilisateurs VALUES(10711, 'eleve', 'Tom.Electrique711', ';Y,/}y9:A$cr%SM8');
INSERT INTO eleves VALUES(10711, 'Tom', 'Electrique', 'T°2', 20062, 20693);
INSERT INTO utilisateurs VALUES(10712, 'eleve', 'Ugo.Pie712', '"!7PbB1iu*MNLUf?');
INSERT INTO eleves VALUES(10712, 'Ugo', 'Pie', 'T°2', 20837, 21052);
INSERT INTO utilisateurs VALUES(10713, 'eleve', 'Jonathan.Bechamelle713', '\oQmOry4PA?w8z"{');
INSERT INTO eleves VALUES(10713, 'Jonathan', 'Bechamelle', 'T°2', 22075, 21415);
INSERT INTO utilisateurs VALUES(10714, 'eleve', 'Tim.Duc de Montmorency714', 'w@}IC\E$B5:f8US0');
INSERT INTO eleves VALUES(10714, 'Tim', 'Duc de Montmorency', 'T°2', 21028, 20908);
INSERT INTO utilisateurs VALUES(10715, 'eleve', 'Paluche.Pie715', '])WH=qQ|SA?Op[{Z');
INSERT INTO eleves VALUES(10715, 'Paluche', 'Pie', 'T°2', 22094, 21341);
INSERT INTO utilisateurs VALUES(10716, 'eleve', 'Erve.Gober716', '>DaUM5Qx?hv|nuj0');
INSERT INTO eleves VALUES(10716, 'Erve', 'Gober', 'T°2', 20676, 21213);
INSERT INTO utilisateurs VALUES(10717, 'eleve', 'Etrique.Duc de Montmorency717', '"&>:kKsnq3FO,W#<');
INSERT INTO eleves VALUES(10717, 'Etrique', 'Duc de Montmorency', 'T°2', 21571, 21890);
INSERT INTO utilisateurs VALUES(10718, 'eleve', 'Stanyshlasse.Gober718', 'cL]T8F"K)JbD<|1>');
INSERT INTO eleves VALUES(10718, 'Stanyshlasse', 'Gober', 'T°2', 21144, 21376);
INSERT INTO utilisateurs VALUES(10719, 'eleve', 'Credito.Qwerty719', ']oI.9Pwgn+L3UyGY');
INSERT INTO eleves VALUES(10719, 'Credito', 'Qwerty', 'T°2', 20324, 20559);
INSERT INTO utilisateurs VALUES(10720, 'eleve', 'Hubert-Valéry-Patrick-Stanislas.Musk720', '*/I=\>0MidF$]Xs4');
INSERT INTO eleves VALUES(10720, 'Hubert-Valéry-Patrick-Stanislas', 'Musk', 'T°2', 21216, 20939);
INSERT INTO utilisateurs VALUES(10721, 'eleve', 'Moru.Deces721', 'CdX|2\$l#1niJWf@');
INSERT INTO eleves VALUES(10721, 'Moru', 'Deces', 'T°2', 21435, 21945);
INSERT INTO utilisateurs VALUES(10722, 'eleve', 'Pablo.Pablo722', 'r{1q)W^x[+KNe0_o');
INSERT INTO eleves VALUES(10722, 'Pablo', 'Pablo', 'T°2', 21124, 20725);
INSERT INTO utilisateurs VALUES(10723, 'eleve', 'Uberite.Vin723', 'QxVv3t#S^5!j]PkT');
INSERT INTO eleves VALUES(10723, 'Uberite', 'Vin', 'T°2', 21788, 20412);
INSERT INTO utilisateurs VALUES(10724, 'eleve', 'Hugo.Meurs724', 'VW:MS;DbI/5,]GN2');
INSERT INTO eleves VALUES(10724, 'Hugo', 'Meurs', 'T°2', 20479, 21459);
INSERT INTO utilisateurs VALUES(10725, 'eleve', 'Blandine.Ite725', 'K95_"v}4WxfU*C$I');
INSERT INTO eleves VALUES(10725, 'Blandine', 'Ite', 'T°2', 20845, 21669);
INSERT INTO utilisateurs VALUES(10726, 'eleve', 'Stabline.Mière726', 'an5[6{$/uf4ybm}0');
INSERT INTO eleves VALUES(10726, 'Stabline', 'Mière', 'T°2', 22043, 20974);
INSERT INTO utilisateurs VALUES(10727, 'eleve', 'Hubert-Valéry-Patrick-Stanislas.Suroderable727', 'FQ8}L<17aGTP[)R#');
INSERT INTO eleves VALUES(10727, 'Hubert-Valéry-Patrick-Stanislas', 'Suroderable', 'T°2', 20728, 21358);
INSERT INTO utilisateurs VALUES(10728, 'eleve', 'Tim.Pablo728', 'g.>=3ljB]A&\[+,H');
INSERT INTO eleves VALUES(10728, 'Tim', 'Pablo', 'T°2', 21079, 22040);
INSERT INTO utilisateurs VALUES(10729, 'eleve', 'Tem.Moriarty729', 'qJCZzecQ;GVfd]b{');
INSERT INTO eleves VALUES(10729, 'Tem', 'Moriarty', 'T°2', 20309, 22018);
INSERT INTO utilisateurs VALUES(10730, 'eleve', 'Candys-Noémie.Veu730', 'E7T)?};qN|zBha,/');
INSERT INTO eleves VALUES(10730, 'Candys-Noémie', 'Veu', 'T°2', 20877, 20269);
INSERT INTO utilisateurs VALUES(10731, 'eleve', 'Célian.Genesis731', 'K5Z1H@3kx!\V>G]{');
INSERT INTO eleves VALUES(10731, 'Célian', 'Genesis', 'T°2', 21978, 22066);
INSERT INTO utilisateurs VALUES(10732, 'eleve', 'Etrique.Suroderable732', '2ed#S9gyc&Z_0|G^');
INSERT INTO eleves VALUES(10732, 'Etrique', 'Suroderable', 'T°2', 21195, 21019);
INSERT INTO utilisateurs VALUES(10733, 'eleve', 'Thanzile.Ou733', '\08X9GE#bxa&^@<O');
INSERT INTO eleves VALUES(10733, 'Thanzile', 'Ou', 'T°2', 20458, 22036);
INSERT INTO utilisateurs VALUES(10734, 'eleve', 'Ugo.Pablo734', 'lFtMH{Cj3LoQTxve');
INSERT INTO eleves VALUES(10734, 'Ugo', 'Pablo', 'T°2', 22012, 21950);
INSERT INTO utilisateurs VALUES(10735, 'eleve', 'X Æ A-Ⅻ.Dordebous735', 'E(rAmU3;dQa$v8lM');
INSERT INTO eleves VALUES(10735, 'X Æ A-Ⅻ', 'Dordebous', 'T°2', 20433, 21905);
INSERT INTO utilisateurs VALUES(10736, 'eleve', 'Credito.Moriarty736', ';X=I(6nqRu9<eZh{');
INSERT INTO eleves VALUES(10736, 'Credito', 'Moriarty', 'T°2', 21060, 21235);
INSERT INTO utilisateurs VALUES(10737, 'eleve', 'Amogus.Please737', 'OZaoElT>Xi(sL"KV');
INSERT INTO eleves VALUES(10737, 'Amogus', 'Please', 'T°2', 21505, 21585);
INSERT INTO classes VALUES('T°3', '30005');
INSERT INTO utilisateurs VALUES(10738, 'eleve', 'Lucien.Lebeau738', 'QfhKbOGgiL|3pS<y');
INSERT INTO eleves VALUES(10738, 'Lucien', 'Lebeau', 'T°3', 20950, 20736);
INSERT INTO utilisateurs VALUES(10739, 'eleve', 'Florian.Lodevie739', '%VNt,vG!SD3qLPO5');
INSERT INTO eleves VALUES(10739, 'Florian', 'Lodevie', 'T°3', 20592, 21562);
INSERT INTO utilisateurs VALUES(10740, 'eleve', 'Thanzile.Edupython740', 'mkI0elA&LVT?h)=*');
INSERT INTO eleves VALUES(10740, 'Thanzile', 'Edupython', 'T°3', 20551, 21726);
INSERT INTO utilisateurs VALUES(10741, 'eleve', 'Patric.Gober741', 'KL%?W@VaBRT*sm,N');
INSERT INTO eleves VALUES(10741, 'Patric', 'Gober', 'T°3', 20544, 20260);
INSERT INTO utilisateurs VALUES(10742, 'eleve', 'Tam.Gif742', '=p3/MYIr[6k8&evi');
INSERT INTO eleves VALUES(10742, 'Tam', 'Gif', 'T°3', 20196, 20127);
INSERT INTO utilisateurs VALUES(10743, 'eleve', 'Tum.Ite743', '<^YGTaWHPXo!7Dvk');
INSERT INTO eleves VALUES(10743, 'Tum', 'Ite', 'T°3', 20642, 22004);
INSERT INTO utilisateurs VALUES(10744, 'eleve', 'Nathanaël.Tom744', 'bzf7eLIv<F[il1An');
INSERT INTO eleves VALUES(10744, 'Nathanaël', 'Tom', 'T°3', 20861, 21467);
INSERT INTO utilisateurs VALUES(10745, 'eleve', 'Stanyshlasse.Oxlong745', 'kOeMbo_C@q4DSIcw');
INSERT INTO eleves VALUES(10745, 'Stanyshlasse', 'Oxlong', 'T°3', 20794, 21134);
INSERT INTO utilisateurs VALUES(10746, 'eleve', 'Patric.Qwerty746', '5e"D1!%K7(CO@|NQ');
INSERT INTO eleves VALUES(10746, 'Patric', 'Qwerty', 'T°3', 20962, 20030);
INSERT INTO utilisateurs VALUES(10747, 'eleve', 'Karfour.Electrique747', 'U1f,AXe5xS-sP%Y>');
INSERT INTO eleves VALUES(10747, 'Karfour', 'Electrique', 'T°3', 20611, 20787);
INSERT INTO utilisateurs VALUES(10748, 'eleve', 'Hubert-Valéry-Patrick-Stanislas.Qwerty748', 'E}?>V!M|oLmGhauv');
INSERT INTO eleves VALUES(10748, 'Hubert-Valéry-Patrick-Stanislas', 'Qwerty', 'T°3', 20552, 20865);
INSERT INTO utilisateurs VALUES(10749, 'eleve', 'Pabo.Suroderable749', '^bMX&B4E$eZn-<C;');
INSERT INTO eleves VALUES(10749, 'Pabo', 'Suroderable', 'T°3', 21864, 21729);
INSERT INTO utilisateurs VALUES(10750, 'eleve', 'Meubl.Oxlong750', 'z;I\9]YxG0in(fSN');
INSERT INTO eleves VALUES(10750, 'Meubl', 'Oxlong', 'T°3', 20873, 21384);
INSERT INTO utilisateurs VALUES(10751, 'eleve', 'Pabo.Genese751', '+\J7o.*fnEU3[ixM');
INSERT INTO eleves VALUES(10751, 'Pabo', 'Genese', 'T°3', 21885, 20398);
INSERT INTO utilisateurs VALUES(10752, 'eleve', 'Jonathan.Market752', '6fF{5$YPNad8ur@Z');
INSERT INTO eleves VALUES(10752, 'Jonathan', 'Market', 'T°3', 21763, 21295);
INSERT INTO utilisateurs VALUES(10753, 'eleve', 'Articho.Genepi753', '$y%k*eF(8[?,lz9c');
INSERT INTO eleves VALUES(10753, 'Articho', 'Genepi', 'T°3', 21033, 20194);
INSERT INTO utilisateurs VALUES(10754, 'eleve', 'Articho.Descartes754', 'T#]K/89:^d[HFsSj');
INSERT INTO eleves VALUES(10754, 'Articho', 'Descartes', 'T°3', 21285, 21047);
INSERT INTO utilisateurs VALUES(10755, 'eleve', 'X Æ A-Ⅻ.Pie755', '7"oUe=W5R%cQ9J&w');
INSERT INTO eleves VALUES(10755, 'X Æ A-Ⅻ', 'Pie', 'T°3', 20615, 20522);
INSERT INTO utilisateurs VALUES(10756, 'eleve', 'Stalinslas.Deces756', '6hw3F<"J*fi:-rRo');
INSERT INTO eleves VALUES(10756, 'Stalinslas', 'Deces', 'T°3', 21010, 21068);
INSERT INTO utilisateurs VALUES(10757, 'eleve', 'Deliver.Tum757', '^/nwRMbV%hI[uD\9');
INSERT INTO eleves VALUES(10757, 'Deliver', 'Tum', 'T°3', 20979, 21059);
INSERT INTO utilisateurs VALUES(10758, 'eleve', 'Florian.B57 PRO MAX 3500758', 't8dZl3synkp_ux):');
INSERT INTO eleves VALUES(10758, 'Florian', 'B57 PRO MAX 3500', 'T°3', 20397, 22032);
INSERT INTO utilisateurs VALUES(10759, 'eleve', 'Thanzile.Nutella759', 'iV=:#fu,!E3K@1bH');
INSERT INTO eleves VALUES(10759, 'Thanzile', 'Nutella', 'T°3', 21292, 20566);
INSERT INTO utilisateurs VALUES(10760, 'eleve', 'Tum.Pie760', '[AD;G)gP"#v5l+&-');
INSERT INTO eleves VALUES(10760, 'Tum', 'Pie', 'T°3', 21050, 21117);
INSERT INTO utilisateurs VALUES(10761, 'eleve', 'Yassine.Tabulage761', 'J?XPz5w]V2aAQYZn');
INSERT INTO eleves VALUES(10761, 'Yassine', 'Tabulage', 'T°3', 21500, 21179);
INSERT INTO utilisateurs VALUES(10762, 'eleve', 'Chario.Azerty762', '%)PXJSFG#H{t78K3');
INSERT INTO eleves VALUES(10762, 'Chario', 'Azerty', 'T°3', 21636, 20193);
INSERT INTO utilisateurs VALUES(10763, 'eleve', 'Macly.Ou763', 'fp6$%ngPaW@&]t(|');
INSERT INTO eleves VALUES(10763, 'Macly', 'Ou', 'T°3', 20733, 20839);
INSERT INTO utilisateurs VALUES(10764, 'eleve', 'Mac.Nutella764', 'I0/"VG[3+E8Wu<:s');
INSERT INTO eleves VALUES(10764, 'Mac', 'Nutella', 'T°3', 21681, 20043);
INSERT INTO utilisateurs VALUES(10765, 'eleve', 'Mac.Sus765', 'Q{:F!jwKkt?&=mxZ');
INSERT INTO eleves VALUES(10765, 'Mac', 'Sus', 'T°3', 21123, 20793);
INSERT INTO utilisateurs VALUES(10766, 'eleve', 'Patric.Pie766', '3tI@HDvsldyCz70E');
INSERT INTO eleves VALUES(10766, 'Patric', 'Pie', 'T°3', 21755, 21116);
INSERT INTO utilisateurs VALUES(10767, 'eleve', 'Tam.Ite767', '!4<Ip{h"GBzWagZ[');
INSERT INTO eleves VALUES(10767, 'Tam', 'Ite', 'T°3', 20423, 20760);
INSERT INTO utilisateurs VALUES(10768, 'eleve', 'Jen.Lemoche768', '[,nvGPjud?x^>#};');
INSERT INTO eleves VALUES(10768, 'Jen', 'Lemoche', 'T°3', 21913, 20907);
INSERT INTO utilisateurs VALUES(10769, 'eleve', 'Desirade.Marat769', '7/Gb4_kJqVg:1"dA');
INSERT INTO eleves VALUES(10769, 'Desirade', 'Marat', 'T°3', 20237, 21316);
INSERT INTO classes VALUES('T°4', '30053');
INSERT INTO utilisateurs VALUES(10770, 'eleve', 'Yassine.Genepi770', 'F0rSk.(8J|!pd\9+');
INSERT INTO eleves VALUES(10770, 'Yassine', 'Genepi', 'T°4', 21914, 21056);
INSERT INTO utilisateurs VALUES(10771, 'eleve', 'Jen.Tabulage771', 'gw=;:FhVB]U"Mdzy');
INSERT INTO eleves VALUES(10771, 'Jen', 'Tabulage', 'T°4', 21732, 20001);
INSERT INTO utilisateurs VALUES(10772, 'eleve', 'Stabline.Dordebous772', 'GS[V?&B<MK\wuZOn');
INSERT INTO eleves VALUES(10772, 'Stabline', 'Dordebous', 'T°4', 21205, 20341);
INSERT INTO utilisateurs VALUES(10773, 'eleve', 'Paluche.Descartes773', '{g&e<q="Rb@^E8hN');
INSERT INTO eleves VALUES(10773, 'Paluche', 'Descartes', 'T°4', 21327, 20467);
INSERT INTO utilisateurs VALUES(10774, 'eleve', 'Blandine.Market774', '$u8\,p<e3!Z#]-xH');
INSERT INTO eleves VALUES(10774, 'Blandine', 'Market', 'T°4', 20616, 21926);
INSERT INTO utilisateurs VALUES(10775, 'eleve', 'Lucien.Tem775', 'ZFcDm/toh02Xx?i3');
INSERT INTO eleves VALUES(10775, 'Lucien', 'Tem', 'T°4', 20105, 20986);
INSERT INTO utilisateurs VALUES(10776, 'eleve', 'Tabour.Duc de Montmorency776', 'i+yml\tjX*#Z6?^u');
INSERT INTO eleves VALUES(10776, 'Tabour', 'Duc de Montmorency', 'T°4', 21795, 20667);
INSERT INTO utilisateurs VALUES(10777, 'eleve', 'Uber.Vin777', 'm"J}-(Oes;o.$_QV');
INSERT INTO eleves VALUES(10777, 'Uber', 'Vin', 'T°4', 20573, 20702);
INSERT INTO utilisateurs VALUES(10778, 'eleve', 'Stalinslas.Sus778', '1q>M,6Ash3*]+REF');
INSERT INTO eleves VALUES(10778, 'Stalinslas', 'Sus', 'T°4', 21237, 21844);
INSERT INTO utilisateurs VALUES(10779, 'eleve', 'Chario.Tabulage779', 'QRzX]KZF(3bL:9Hy');
INSERT INTO eleves VALUES(10779, 'Chario', 'Tabulage', 'T°4', 21406, 20973);
INSERT INTO utilisateurs VALUES(10780, 'eleve', 'Lumineux.Edupython780', '=J4{8iL&7"DW32d>');
INSERT INTO eleves VALUES(10780, 'Lumineux', 'Edupython', 'T°4', 21689, 21695);
INSERT INTO utilisateurs VALUES(10781, 'eleve', 'Karfour.Geneve781', 's=|FY48oN3\0Z^!#');
INSERT INTO eleves VALUES(10781, 'Karfour', 'Geneve', 'T°4', 20989, 20695);
INSERT INTO utilisateurs VALUES(10782, 'eleve', 'Erve.Lustre782', 'C4>c\vIE,]2bhL^Q');
INSERT INTO eleves VALUES(10782, 'Erve', 'Lustre', 'T°4', 20024, 20636);
INSERT INTO utilisateurs VALUES(10783, 'eleve', 'Credito.Nutella783', ')#ZSV+z^&D%a6cN1');
INSERT INTO eleves VALUES(10783, 'Credito', 'Nutella', 'T°4', 20720, 20623);
INSERT INTO utilisateurs VALUES(10784, 'eleve', 'Lucien.Azerty784', 'yU+;bXBN)viD%"H<');
INSERT INTO eleves VALUES(10784, 'Lucien', 'Azerty', 'T°4', 21715, 21977);
INSERT INTO utilisateurs VALUES(10785, 'eleve', 'Chario.Genepi785', 'Z!yD1mcEJd#<,u3n');
INSERT INTO eleves VALUES(10785, 'Chario', 'Genepi', 'T°4', 20317, 20729);
INSERT INTO utilisateurs VALUES(10786, 'eleve', 'Meubl.Edupython786', 'c]U+S9@vZ?y&[1RG');
INSERT INTO eleves VALUES(10786, 'Meubl', 'Edupython', 'T°4', 21902, 21524);
INSERT INTO utilisateurs VALUES(10787, 'eleve', 'Stabline.Vin787', 'S:)=9&cj]\JhmY/0');
INSERT INTO eleves VALUES(10787, 'Stabline', 'Vin', 'T°4', 20598, 21939);
INSERT INTO utilisateurs VALUES(10788, 'eleve', 'Ugo.Tom788', '-S@fhKQ3]CmW"V5L');
INSERT INTO eleves VALUES(10788, 'Ugo', 'Tom', 'T°4', 22072, 21389);
INSERT INTO utilisateurs VALUES(10789, 'eleve', 'Meubl.Pie789', '<u/JNP>R:}tkXl?s');
INSERT INTO eleves VALUES(10789, 'Meubl', 'Pie', 'T°4', 21751, 20775);
INSERT INTO utilisateurs VALUES(10790, 'eleve', 'Moru.Dordebous790', 's4>h[o|bGy2MX=f;');
INSERT INTO eleves VALUES(10790, 'Moru', 'Dordebous', 'T°4', 21773, 21193);
INSERT INTO utilisateurs VALUES(10791, 'eleve', 'Tom.Mière791', '>LV6gD8ly0,e[$z9');
INSERT INTO eleves VALUES(10791, 'Tom', 'Mière', 'T°4', 20025, 20276);
INSERT INTO utilisateurs VALUES(10792, 'eleve', 'Hubert-Valéry-Patrick-Stanislas.Please792', 'G1[H4te^bnqjNdIS');
INSERT INTO eleves VALUES(10792, 'Hubert-Valéry-Patrick-Stanislas', 'Please', 'T°4', 21045, 20938);
INSERT INTO utilisateurs VALUES(10793, 'eleve', 'Vic.Qwerty793', '|Znd4&H(s!3B{Rlo');
INSERT INTO eleves VALUES(10793, 'Vic', 'Qwerty', 'T°4', 20494, 20240);
INSERT INTO utilisateurs VALUES(10794, 'eleve', 'Tum.Mière794', '!Z\si.^nH[pC9:]W');
INSERT INTO eleves VALUES(10794, 'Tum', 'Mière', 'T°4', 20722, 21550);
INSERT INTO utilisateurs VALUES(10795, 'eleve', 'Sintia.Suke795', 'It@Fa<K7!qh(M:+,');
INSERT INTO eleves VALUES(10795, 'Sintia', 'Suke', 'T°4', 21793, 20206);
INSERT INTO utilisateurs VALUES(10796, 'eleve', 'Juliet.Pipe796', 'PiRmM4v7IgC*uANE');
INSERT INTO eleves VALUES(10796, 'Juliet', 'Pipe', 'T°4', 20643, 20089);
INSERT INTO utilisateurs VALUES(10797, 'eleve', 'Ugo.Epiee797', '?@t.e;_dorMq{JF>');
INSERT INTO eleves VALUES(10797, 'Ugo', 'Epiee', 'T°4', 20711, 21120);
INSERT INTO utilisateurs VALUES(10798, 'eleve', 'Lucien.Lebron798', '.e"M!*]CJIQ[+26P');
INSERT INTO eleves VALUES(10798, 'Lucien', 'Lebron', 'T°4', 21207, 22008);
INSERT INTO utilisateurs VALUES(10799, 'eleve', 'Florian.Descartes799', 'BQ;fhD\F{5+@?Z83');
INSERT INTO eleves VALUES(10799, 'Florian', 'Descartes', 'T°4', 21559, 21319);
INSERT INTO utilisateurs VALUES(10800, 'eleve', 'Lucien.Genepi800', 'vab\ID/#{?Sr5kT&');
INSERT INTO eleves VALUES(10800, 'Lucien', 'Genepi', 'T°4', 20521, 20307);
INSERT INTO utilisateurs VALUES(10801, 'eleve', 'Crapo.Gif801', 'eIrlEJ9Oj>Y4x@0*');
INSERT INTO eleves VALUES(10801, 'Crapo', 'Gif', 'T°4', 20428, 21929);
INSERT INTO utilisateurs VALUES(10802, 'eleve', 'Tiri.Genepi802', 'kl8;]Ev7xJ)KR}P9');
INSERT INTO eleves VALUES(10802, 'Tiri', 'Genepi', 'T°4', 22062, 21828);
INSERT INTO utilisateurs VALUES(10803, 'eleve', 'Jean-Eune.Veu803', '5yCL;{dKMf.vm_Vh');
INSERT INTO eleves VALUES(10803, 'Jean-Eune', 'Veu', 'T°4', 21640, 21609);
INSERT INTO classes VALUES('T°5', '30054');
INSERT INTO utilisateurs VALUES(10804, 'eleve', 'Articho.Pablo804', 'rJ"82U?,eyL@XGsM');
INSERT INTO eleves VALUES(10804, 'Articho', 'Pablo', 'T°5', 21944, 21361);
INSERT INTO utilisateurs VALUES(10805, 'eleve', 'Tiri.Market805', 'Q2!ok0diWs|RPI]Z');
INSERT INTO eleves VALUES(10805, 'Tiri', 'Market', 'T°5', 21369, 21372);
INSERT INTO utilisateurs VALUES(10806, 'eleve', 'Uber.Suroderable806', ']BN,oY03zh&FK^Ol');
INSERT INTO eleves VALUES(10806, 'Uber', 'Suroderable', 'T°5', 20682, 21443);
INSERT INTO utilisateurs VALUES(10807, 'eleve', 'Tem.Tam807', 'E^|NDilVb"kq>v5Z');
INSERT INTO eleves VALUES(10807, 'Tem', 'Tam', 'T°5', 21586, 21800);
INSERT INTO utilisateurs VALUES(10808, 'eleve', 'Tum.Edupython808', 'q!$QkS5DNedjuEz[');
INSERT INTO eleves VALUES(10808, 'Tum', 'Edupython', 'T°5', 21417, 22029);
INSERT INTO utilisateurs VALUES(10809, 'eleve', 'Jean-Eune.Avion809', '4U8J{SHKzoFbvm^6');
INSERT INTO eleves VALUES(10809, 'Jean-Eune', 'Avion', 'T°5', 20461, 20791);
INSERT INTO utilisateurs VALUES(10810, 'eleve', 'Yassine.Genesis810', '42QHGV{;y(M@>^IT');
INSERT INTO eleves VALUES(10810, 'Yassine', 'Genesis', 'T°5', 20773, 21635);
INSERT INTO utilisateurs VALUES(10811, 'eleve', 'Tym.Lemoche811', ')H{jY?1ymJioCgn:');
INSERT INTO eleves VALUES(10811, 'Tym', 'Lemoche', 'T°5', 20994, 20061);
INSERT INTO utilisateurs VALUES(10812, 'eleve', 'Célian.Azerty812', 'y*h>/R%Y]4W15}-_');
INSERT INTO eleves VALUES(10812, 'Célian', 'Azerty', 'T°5', 22070, 21461);
INSERT INTO utilisateurs VALUES(10813, 'eleve', 'Tom.Tom813', 'HxqCopKI3f]>RB_(');
INSERT INTO eleves VALUES(10813, 'Tom', 'Tom', 'T°5', 20808, 21666);
INSERT INTO utilisateurs VALUES(10814, 'eleve', 'Paluche.Gober814', '57mjSy};0%{@!Z&"');
INSERT INTO eleves VALUES(10814, 'Paluche', 'Gober', 'T°5', 20447, 20344);
INSERT INTO utilisateurs VALUES(10815, 'eleve', 'Pabo.Duc de Montmorency815', 'yC/M4+h5Xe*vn)$d');
INSERT INTO eleves VALUES(10815, 'Pabo', 'Duc de Montmorency', 'T°5', 20931, 20267);
INSERT INTO utilisateurs VALUES(10816, 'eleve', 'Jean-Mohammed.Veu816', 'SWRXu^E2IJTm,!be');
INSERT INTO eleves VALUES(10816, 'Jean-Mohammed', 'Veu', 'T°5', 20107, 20607);
INSERT INTO utilisateurs VALUES(10817, 'eleve', 'Tabour.Vin817', '-V\%60,O1@a5=Dyk');
INSERT INTO eleves VALUES(10817, 'Tabour', 'Vin', 'T°5', 20795, 20568);
INSERT INTO utilisateurs VALUES(10818, 'eleve', 'Uberite.Livrogne818', 'X|B1RZc7oLjNEnlg');
INSERT INTO eleves VALUES(10818, 'Uberite', 'Livrogne', 'T°5', 21589, 21294);
INSERT INTO utilisateurs VALUES(10819, 'eleve', 'Pabo.Edupython819', '1uLM6e]x)?kX";i(');
INSERT INTO eleves VALUES(10819, 'Pabo', 'Edupython', 'T°5', 21075, 20884);
INSERT INTO utilisateurs VALUES(10820, 'eleve', 'Jen.Lubrique820', 'b)}\4{O^2M|(_v%U');
INSERT INTO eleves VALUES(10820, 'Jen', 'Lubrique', 'T°5', 20472, 21379);
INSERT INTO utilisateurs VALUES(10821, 'eleve', 'Tam.Tam821', '4?Juw#o_)8$Mc6f2');
INSERT INTO eleves VALUES(10821, 'Tam', 'Tam', 'T°5', 20218, 20285);
INSERT INTO utilisateurs VALUES(10822, 'eleve', 'Tim.Avion822', '|-/WtF;G8#\[)I5M');
INSERT INTO eleves VALUES(10822, 'Tim', 'Avion', 'T°5', 20385, 20186);
INSERT INTO utilisateurs VALUES(10823, 'eleve', 'Vic.Sus823', 'G$5}y=s\bgEi)k2T');
INSERT INTO eleves VALUES(10823, 'Vic', 'Sus', 'T°5', 20761, 20577);
INSERT INTO utilisateurs VALUES(10824, 'eleve', 'Tym.Musk824', ']8@W!f9$pzQ5#|<J');
INSERT INTO eleves VALUES(10824, 'Tym', 'Musk', 'T°5', 21152, 21348);
INSERT INTO utilisateurs VALUES(10825, 'eleve', 'Thomes.Mière825', '|<)D7GilbXr@Ej^x');
INSERT INTO eleves VALUES(10825, 'Thomes', 'Mière', 'T°5', 20958, 21908);
INSERT INTO utilisateurs VALUES(10826, 'eleve', 'Jean-Eune.Bechamelle826', 'Ua0uKn#BG&_y4s*N');
INSERT INTO eleves VALUES(10826, 'Jean-Eune', 'Bechamelle', 'T°5', 21984, 20825);
INSERT INTO utilisateurs VALUES(10827, 'eleve', 'Vic.Tim827', 'oyZxsc1J}-ag$KUf');
INSERT INTO eleves VALUES(10827, 'Vic', 'Tim', 'T°5', 21843, 21227);
INSERT INTO utilisateurs VALUES(10828, 'eleve', 'Desirade.Veu828', 'r5n"2m1ABtjGUVT<');
INSERT INTO eleves VALUES(10828, 'Desirade', 'Veu', 'T°5', 20798, 20306);
INSERT INTO utilisateurs VALUES(10829, 'eleve', 'Meubl.Lebeau829', 'MhBUq!muG1HgsoLP');
INSERT INTO eleves VALUES(10829, 'Meubl', 'Lebeau', 'T°5', 20066, 21039);
INSERT INTO utilisateurs VALUES(10830, 'eleve', 'Articho.Tom830', '+Nlde4#Y^TfEV&C0');
INSERT INTO eleves VALUES(10830, 'Articho', 'Tom', 'T°5', 20909, 20683);
INSERT INTO utilisateurs VALUES(10831, 'eleve', 'X Æ A-Ⅻ.Lustre831', 'L#hd\$%vzO?6fZ8i');
INSERT INTO eleves VALUES(10831, 'X Æ A-Ⅻ', 'Lustre', 'T°5', 20894, 21072);
INSERT INTO utilisateurs VALUES(10832, 'eleve', 'Deliver.Geneve832', ')sjBA;]+}!NP{zn&');
INSERT INTO eleves VALUES(10832, 'Deliver', 'Geneve', 'T°5', 20104, 20996);
INSERT INTO utilisateurs VALUES(10833, 'eleve', 'Skwizy.Lodevie833', '9%o:ez@J=[kj;57S');
INSERT INTO eleves VALUES(10833, 'Skwizy', 'Lodevie', 'T°5', 21937, 21240);
INSERT INTO utilisateurs VALUES(10834, 'eleve', 'Macly.Unowhy834', '5Y|y/nH"{3lde_Np');
INSERT INTO eleves VALUES(10834, 'Macly', 'Unowhy', 'T°5', 20435, 20567);
INSERT INTO utilisateurs VALUES(10835, 'eleve', 'Tim.Deces835', '+vbdEl*Gk%{"0\eI');
INSERT INTO eleves VALUES(10835, 'Tim', 'Deces', 'T°5', 20896, 21009);
INSERT INTO utilisateurs VALUES(10836, 'eleve', 'Bernar.Tum836', 't(wU}sQ>p0{3ain2');
INSERT INTO eleves VALUES(10836, 'Bernar', 'Tum', 'T°5', 20146, 21513);
INSERT INTO classes VALUES('T°6', '30038');
INSERT INTO utilisateurs VALUES(10837, 'eleve', 'Vic.Tam837', 'K"{L5TZ%D<Nsl0EW');
INSERT INTO eleves VALUES(10837, 'Vic', 'Tam', 'T°6', 20533, 21832);
INSERT INTO utilisateurs VALUES(10838, 'eleve', 'Karfour.Dordebous838', 's\H*6cq?eStNzl8}');
INSERT INTO eleves VALUES(10838, 'Karfour', 'Dordebous', 'T°6', 21568, 20915);
INSERT INTO utilisateurs VALUES(10839, 'eleve', 'Valeri.Genesis839', 'EXKP^@)o]yk\_8"g');
INSERT INTO eleves VALUES(10839, 'Valeri', 'Genesis', 'T°6', 20454, 21889);
INSERT INTO utilisateurs VALUES(10840, 'eleve', 'Meubl.Bechamelle840', 'Rn@DNlT(]2"^-gQO');
INSERT INTO eleves VALUES(10840, 'Meubl', 'Bechamelle', 'T°6', 21767, 20414);
INSERT INTO utilisateurs VALUES(10841, 'eleve', 'Thomes.Gif841', 'l2"9LtVk1aP=c^TU');
INSERT INTO eleves VALUES(10841, 'Thomes', 'Gif', 'T°6', 20263, 20389);
INSERT INTO utilisateurs VALUES(10842, 'eleve', 'Prise.Azerty842', 'S,_+f%u0"i$7Wewp');
INSERT INTO eleves VALUES(10842, 'Prise', 'Azerty', 'T°6', 20399, 21972);
INSERT INTO utilisateurs VALUES(10843, 'eleve', 'Moru.Edupython843', '.a2X+YA-v&gr7xbB');
INSERT INTO eleves VALUES(10843, 'Moru', 'Edupython', 'T°6', 20436, 20292);
INSERT INTO utilisateurs VALUES(10844, 'eleve', 'Jen.Piloti844', 'Zgb6jN-fl#z$>;kr');
INSERT INTO eleves VALUES(10844, 'Jen', 'Piloti', 'T°6', 20595, 21006);
INSERT INTO utilisateurs VALUES(10845, 'eleve', 'Raphaël.Dordebous845', 'p9{B_Mt#es(LkrN?');
INSERT INTO eleves VALUES(10845, 'Raphaël', 'Dordebous', 'T°6', 21932, 20549);
INSERT INTO utilisateurs VALUES(10846, 'eleve', 'Stalinslas.Bluetooth846', '?W-l8v)Gce+$S6>9');
INSERT INTO eleves VALUES(10846, 'Stalinslas', 'Bluetooth', 'T°6', 21652, 21996);
INSERT INTO utilisateurs VALUES(10847, 'eleve', 'Uber.Lebeau847', 'K.{H:r9V%[p])7N+');
INSERT INTO eleves VALUES(10847, 'Uber', 'Lebeau', 'T°6', 20188, 21860);
INSERT INTO utilisateurs VALUES(10848, 'eleve', 'Hugo.Avion848', '-2;a#3u)lwjzAm,H');
INSERT INTO eleves VALUES(10848, 'Hugo', 'Avion', 'T°6', 21218, 20759);
INSERT INTO utilisateurs VALUES(10849, 'eleve', 'Stabline.Oxlong849', '{5[kY2CMI4qdN=W9');
INSERT INTO eleves VALUES(10849, 'Stabline', 'Oxlong', 'T°6', 21660, 21953);
INSERT INTO utilisateurs VALUES(10850, 'eleve', 'Jonathan.Lebeau850', 'l\4zsrn8U%XQ#&+R');
INSERT INTO eleves VALUES(10850, 'Jonathan', 'Lebeau', 'T°6', 20800, 20407);
INSERT INTO utilisateurs VALUES(10851, 'eleve', 'Deliver.Pipe851', 'CGf*XuO^g"2y$>!/');
INSERT INTO eleves VALUES(10851, 'Deliver', 'Pipe', 'T°6', 20123, 20005);
INSERT INTO utilisateurs VALUES(10852, 'eleve', 'Nathanaël.B57 PRO MAX 3500852', 'u+o41c#0RiPJgqxM');
INSERT INTO eleves VALUES(10852, 'Nathanaël', 'B57 PRO MAX 3500', 'T°6', 20170, 20591);
INSERT INTO utilisateurs VALUES(10853, 'eleve', 'Desirade.Please853', '{h[UrIaEe6o}1B?w');
INSERT INTO eleves VALUES(10853, 'Desirade', 'Please', 'T°6', 21418, 20853);
INSERT INTO utilisateurs VALUES(10854, 'eleve', 'Tiri.Pabo854', 'K)7>kL\pw0si&T-l');
INSERT INTO eleves VALUES(10854, 'Tiri', 'Pabo', 'T°6', 20523, 20885);
INSERT INTO utilisateurs VALUES(10855, 'eleve', 'Tum.Tem855', '/QgXM<Zreu%i:HGd');
INSERT INTO eleves VALUES(10855, 'Tum', 'Tem', 'T°6', 20473, 20418);
INSERT INTO utilisateurs VALUES(10856, 'eleve', 'Macly.Lustre856', '7d%PNT6S_L>r@ytJ');
INSERT INTO eleves VALUES(10856, 'Macly', 'Lustre', 'T°6', 20801, 20605);
INSERT INTO utilisateurs VALUES(10857, 'eleve', 'Vic.Gober857', 'ploM5G8Ybah"ZLI=');
INSERT INTO eleves VALUES(10857, 'Vic', 'Gober', 'T°6', 20381, 20842);
INSERT INTO utilisateurs VALUES(10858, 'eleve', 'Sintia.Pabo858', 'C"8]j|nPiqSf;06F');
INSERT INTO eleves VALUES(10858, 'Sintia', 'Pabo', 'T°6', 20799, 22014);
INSERT INTO utilisateurs VALUES(10859, 'eleve', 'Prise.Lemoche859', 'U,_u*WwA9k^5-$Cz');
INSERT INTO eleves VALUES(10859, 'Prise', 'Lemoche', 'T°6', 21739, 21948);
INSERT INTO utilisateurs VALUES(10860, 'eleve', 'Etrique.Nutella860', 'h<qDlgQ8Emx/]0bc');
INSERT INTO eleves VALUES(10860, 'Etrique', 'Nutella', 'T°6', 21334, 20119);
INSERT INTO utilisateurs VALUES(10861, 'eleve', 'Tabour.Lemoche861', '%eG3S1DNgp0VB.#k');
INSERT INTO eleves VALUES(10861, 'Tabour', 'Lemoche', 'T°6', 20740, 20977);
INSERT INTO utilisateurs VALUES(10862, 'eleve', 'Thomes.Ou862', 'd#a>kM:l5^),qHge');
INSERT INTO eleves VALUES(10862, 'Thomes', 'Ou', 'T°6', 21691, 21822);
INSERT INTO utilisateurs VALUES(10863, 'eleve', 'Tum.Ou863', '<y-JG"L4RiH26g_.');
INSERT INTO eleves VALUES(10863, 'Tum', 'Ou', 'T°6', 20754, 21723);
INSERT INTO utilisateurs VALUES(10864, 'eleve', 'Tem.Piloti864', 'w$480J6|I/XS<q)n');
INSERT INTO eleves VALUES(10864, 'Tem', 'Piloti', 'T°6', 21531, 21093);
INSERT INTO utilisateurs VALUES(10865, 'eleve', 'Stabline.Tom865', 'a>{\}5Q:,|g"B*e]');
INSERT INTO eleves VALUES(10865, 'Stabline', 'Tom', 'T°6', 21934, 21710);
INSERT INTO utilisateurs VALUES(10866, 'eleve', 'Stanyshlasse.Duc de Montmorency866', '1ik9,jJc%CubK6#V');
INSERT INTO eleves VALUES(10866, 'Stanyshlasse', 'Duc de Montmorency', 'T°6', 21918, 20651);
INSERT INTO utilisateurs VALUES(10867, 'eleve', 'Blandine.Suroderable867', 'l7j+E,L(B*ARHky[');
INSERT INTO eleves VALUES(10867, 'Blandine', 'Suroderable', 'T°6', 21761, 21521);
INSERT INTO utilisateurs VALUES(10868, 'eleve', 'Maxence.Bluetooth868', 'Jm&MK_IA!,Hn<|kS');
INSERT INTO eleves VALUES(10868, 'Maxence', 'Bluetooth', 'T°6', 21308, 20550);
INSERT INTO utilisateurs VALUES(10869, 'eleve', 'Stalinslas.Piloti869', 'J=Un%(ZTFu*8h.}0');
INSERT INTO eleves VALUES(10869, 'Stalinslas', 'Piloti', 'T°6', 20185, 20481);
INSERT INTO utilisateurs VALUES(10870, 'eleve', 'Tiri.Epiee870', 'eA%BNv)m[#kj!zVG');
INSERT INTO eleves VALUES(10870, 'Tiri', 'Epiee', 'T°6', 20231, 21654);
INSERT INTO utilisateurs VALUES(10871, 'eleve', 'Florian.Oxlong871', '>^$C.xp8&%_V*OuD');
INSERT INTO eleves VALUES(10871, 'Florian', 'Oxlong', 'T°6', 20769, 21087);
INSERT INTO classes VALUES('T°7', '30064');
INSERT INTO utilisateurs VALUES(10872, 'eleve', 'Stalinslas.Genese872', '}f\V04w?!5nCD]ld');
INSERT INTO eleves VALUES(10872, 'Stalinslas', 'Genese', 'T°7', 20869, 21712);
INSERT INTO utilisateurs VALUES(10873, 'eleve', 'Romain.Bechamelle873', 'edi,_"54Jy]qp8Hg');
INSERT INTO eleves VALUES(10873, 'Romain', 'Bechamelle', 'T°7', 21737, 21220);
INSERT INTO utilisateurs VALUES(10874, 'eleve', 'Desirade.Nutella874', '}/iXDfy-0C>vzulw');
INSERT INTO eleves VALUES(10874, 'Desirade', 'Nutella', 'T°7', 22038, 20734);
INSERT INTO utilisateurs VALUES(10875, 'eleve', 'Lumineux.Lebron875', 'IGMk{9c*P)hAF&O%');
INSERT INTO eleves VALUES(10875, 'Lumineux', 'Lebron', 'T°7', 21880, 21479);
INSERT INTO utilisateurs VALUES(10876, 'eleve', 'Uber.Genese876', 'tau6*UJ"Tsvm2AN8');
INSERT INTO eleves VALUES(10876, 'Uber', 'Genese', 'T°7', 20253, 21936);
INSERT INTO utilisateurs VALUES(10877, 'eleve', 'Ugo.Pipe877', '!|Bn3]A.Oc"*Gpb-');
INSERT INTO eleves VALUES(10877, 'Ugo', 'Pipe', 'T°7', 21845, 20050);
INSERT INTO utilisateurs VALUES(10878, 'eleve', 'Jean-Mohammed.Lemoche878', '^xXgQAK!l51GDVh&');
INSERT INTO eleves VALUES(10878, 'Jean-Mohammed', 'Lemoche', 'T°7', 21233, 20875);
INSERT INTO utilisateurs VALUES(10879, 'eleve', 'Etrique.Veu879', '{0|pA}bsvcCW<,xZ');
INSERT INTO eleves VALUES(10879, 'Etrique', 'Veu', 'T°7', 21810, 20195);
INSERT INTO utilisateurs VALUES(10880, 'eleve', 'Jean-Eune.Azerty880', '-ue$>\lvp0:CLVU*');
INSERT INTO eleves VALUES(10880, 'Jean-Eune', 'Azerty', 'T°7', 21392, 21159);
INSERT INTO utilisateurs VALUES(10881, 'eleve', 'Valeri.Moriarty881', 'C!6(JF\yDoXSer4%');
INSERT INTO eleves VALUES(10881, 'Valeri', 'Moriarty', 'T°7', 20705, 20933);
INSERT INTO utilisateurs VALUES(10882, 'eleve', 'Candys-Noémie.Sus882', '96hew7d8x:ZB5><=');
INSERT INTO eleves VALUES(10882, 'Candys-Noémie', 'Sus', 'T°7', 21329, 21629);
INSERT INTO utilisateurs VALUES(10883, 'eleve', 'Jen.Ikea883', '<{vkf[\yT6-z:2I^');
INSERT INTO eleves VALUES(10883, 'Jen', 'Ikea', 'T°7', 20363, 21787);
INSERT INTO utilisateurs VALUES(10884, 'eleve', 'Stalinslas.Oxlong884', 'U@qv_No6bD(|#myp');
INSERT INTO eleves VALUES(10884, 'Stalinslas', 'Oxlong', 'T°7', 20355, 22069);
INSERT INTO utilisateurs VALUES(10885, 'eleve', 'Tom.Gober885', '4ptGL81+iBr*E{FX');
INSERT INTO eleves VALUES(10885, 'Tom', 'Gober', 'T°7', 21820, 20745);
INSERT INTO utilisateurs VALUES(10886, 'eleve', 'Nathanaël.Descartes886', '?JWRmMTnq]vSs#FC');
INSERT INTO eleves VALUES(10886, 'Nathanaël', 'Descartes', 'T°7', 20786, 21728);
INSERT INTO utilisateurs VALUES(10887, 'eleve', 'Articho.Please887', 'vMW^6GHk=/[l2JX}');
INSERT INTO eleves VALUES(10887, 'Articho', 'Please', 'T°7', 20184, 22044);
INSERT INTO utilisateurs VALUES(10888, 'eleve', 'Thanzile.Marat888', '>sFG:2/OceS.45j*');
INSERT INTO eleves VALUES(10888, 'Thanzile', 'Marat', 'T°7', 21672, 21769);
INSERT INTO utilisateurs VALUES(10889, 'eleve', 'Karfour.Bechamelle889', 'y27%A:m,}T;(OuGo');
INSERT INTO eleves VALUES(10889, 'Karfour', 'Bechamelle', 'T°7', 20425, 20357);
INSERT INTO utilisateurs VALUES(10890, 'eleve', 'Maxence.Nutella890', '+B8Ke%X2pj]/&*b4');
INSERT INTO eleves VALUES(10890, 'Maxence', 'Nutella', 'T°7', 20434, 21005);
INSERT INTO utilisateurs VALUES(10891, 'eleve', 'Célian.Lodevie891', '})&/o0ZOHase4lU;');
INSERT INTO eleves VALUES(10891, 'Célian', 'Lodevie', 'T°7', 21557, 21799);
INSERT INTO utilisateurs VALUES(10892, 'eleve', 'Paluche.Plafond892', 'CQ\vrn]?TxVs;E46');
INSERT INTO eleves VALUES(10892, 'Paluche', 'Plafond', 'T°7', 20516, 21145);
INSERT INTO utilisateurs VALUES(10893, 'eleve', 'Hugo.Mière893', 'FhGlIJYi&*sa1")S');
INSERT INTO eleves VALUES(10893, 'Hugo', 'Mière', 'T°7', 21706, 20234);
INSERT INTO utilisateurs VALUES(10894, 'eleve', 'Tum.Tom894', '02:c$A[e!?(BDGQ.');
INSERT INTO eleves VALUES(10894, 'Tum', 'Tom', 'T°7', 20751, 21314);
INSERT INTO utilisateurs VALUES(10895, 'eleve', 'Stanyshlasse.Marat895', '4(L9:X7|8qY$e#A6');
INSERT INTO eleves VALUES(10895, 'Stanyshlasse', 'Marat', 'T°7', 21700, 21153);
INSERT INTO utilisateurs VALUES(10896, 'eleve', 'Raphaël.Tym896', 'al#e$@^&GE{sywOq');
INSERT INTO eleves VALUES(10896, 'Raphaël', 'Tym', 'T°7', 21279, 20548);
INSERT INTO utilisateurs VALUES(10897, 'eleve', 'Crapo.Please897', '6iM{ydH1CW*e"@I5');
INSERT INTO eleves VALUES(10897, 'Crapo', 'Please', 'T°7', 21722, 20570);
INSERT INTO utilisateurs VALUES(10898, 'eleve', 'Tym.Piloti898', 'fHT<o7]Ua%PmNMud');
INSERT INTO eleves VALUES(10898, 'Tym', 'Piloti', 'T°7', 20266, 20474);
INSERT INTO utilisateurs VALUES(10899, 'eleve', 'Paluche.Vin899', '(?cbqTIH.>z{s@jh');
INSERT INTO eleves VALUES(10899, 'Paluche', 'Vin', 'T°7', 21671, 21630);
INSERT INTO utilisateurs VALUES(10900, 'eleve', 'Blandine.Livrogne900', 'N4$\;8ZE,3i>F=1l');
INSERT INTO eleves VALUES(10900, 'Blandine', 'Livrogne', 'T°7', 22060, 20022);
INSERT INTO utilisateurs VALUES(10901, 'eleve', 'Stabline.Lustre901', '|vT-#8)uR!V%wX<}');
INSERT INTO eleves VALUES(10901, 'Stabline', 'Lustre', 'T°7', 21574, 20391);
INSERT INTO utilisateurs VALUES(10902, 'eleve', 'Credito.Electrique902', 'n+fqGXDjli(,%8BQ');
INSERT INTO eleves VALUES(10902, 'Credito', 'Electrique', 'T°7', 20315, 21096);
INSERT INTO utilisateurs VALUES(10903, 'eleve', 'Tabour.Electrique903', '*Efp>@r.1L$sbJPU');
INSERT INTO eleves VALUES(10903, 'Tabour', 'Electrique', 'T°7', 21206, 20635);
INSERT INTO utilisateurs VALUES(10904, 'eleve', 'Uberite.Azerty904', '5o\vL".Na6^A[=O:');
INSERT INTO eleves VALUES(10904, 'Uberite', 'Azerty', 'T°7', 20384, 21330);
INSERT INTO classes VALUES('T°8', '30021');
INSERT INTO utilisateurs VALUES(10905, 'eleve', 'Macly.Pablo905', '.iYyuSt@dXx$f;U3');
INSERT INTO eleves VALUES(10905, 'Macly', 'Pablo', 'T°8', 20007, 21244);
INSERT INTO utilisateurs VALUES(10906, 'eleve', 'Blandine.Veu906', '%#&e)c"[|3B;27/m');
INSERT INTO eleves VALUES(10906, 'Blandine', 'Veu', 'T°8', 21749, 20741);
INSERT INTO utilisateurs VALUES(10907, 'eleve', 'Mac.Livrogne907', '|4k(^}{:"*rp?E5V');
INSERT INTO eleves VALUES(10907, 'Mac', 'Livrogne', 'T°8', 21346, 21289);
INSERT INTO utilisateurs VALUES(10908, 'eleve', 'Bernar.Deces908', ':lShT@^dtwL[M9|0');
INSERT INTO eleves VALUES(10908, 'Bernar', 'Deces', 'T°8', 21883, 21534);
INSERT INTO utilisateurs VALUES(10909, 'eleve', 'Patric.Pablo909', '-w+}EC;IPMYfiaH@');
INSERT INTO eleves VALUES(10909, 'Patric', 'Pablo', 'T°8', 20593, 20325);
INSERT INTO utilisateurs VALUES(10910, 'eleve', 'Desirade.Piloti910', 'l?D)Qu1FEp^0catr');
INSERT INTO eleves VALUES(10910, 'Desirade', 'Piloti', 'T°8', 21439, 21298);
INSERT INTO utilisateurs VALUES(10911, 'eleve', 'Juliet.Electrique911', '#x0weDYh(^5kM3i.');
INSERT INTO eleves VALUES(10911, 'Juliet', 'Electrique', 'T°8', 21896, 20717);
INSERT INTO utilisateurs VALUES(10912, 'eleve', 'Thomes.Descartes912', 'IkgjTcm\Nxt=Hw5P');
INSERT INTO eleves VALUES(10912, 'Thomes', 'Descartes', 'T°8', 21169, 21578);
INSERT INTO utilisateurs VALUES(10913, 'eleve', 'Maxence.Genese913', '/lg8L>h,]kj1qHm"');
INSERT INTO eleves VALUES(10913, 'Maxence', 'Genese', 'T°8', 20361, 20810);
INSERT INTO utilisateurs VALUES(10914, 'eleve', 'Karfour.Moriarty914', '+V&NhiEGIL/-0ue2');
INSERT INTO eleves VALUES(10914, 'Karfour', 'Moriarty', 'T°8', 21081, 20784);
INSERT INTO utilisateurs VALUES(10915, 'eleve', 'Desirade.Pie915', 'AzEl7#&3OeL;q$hn');
INSERT INTO eleves VALUES(10915, 'Desirade', 'Pie', 'T°8', 20870, 21725);
INSERT INTO utilisateurs VALUES(10916, 'eleve', 'Karfour.Plafond916', 'ODN?8/_yQEj5f\WB');
INSERT INTO eleves VALUES(10916, 'Karfour', 'Plafond', 'T°8', 21017, 20511);
INSERT INTO utilisateurs VALUES(10917, 'eleve', 'Articho.Tem917', 'Ad,m:s!uG3"pb4*N');
INSERT INTO eleves VALUES(10917, 'Articho', 'Tem', 'T°8', 21959, 20431);
INSERT INTO utilisateurs VALUES(10918, 'eleve', 'Desirade.Gober918', '}HJBF;&IX(r=N<Ws');
INSERT INTO eleves VALUES(10918, 'Desirade', 'Gober', 'T°8', 21588, 21024);
INSERT INTO utilisateurs VALUES(10919, 'eleve', 'Deliver.Qwerty919', 'u9A?<+dTvPZ^Mqhl');
INSERT INTO eleves VALUES(10919, 'Deliver', 'Qwerty', 'T°8', 20814, 20161);
INSERT INTO utilisateurs VALUES(10920, 'eleve', 'Jean-Eune.Vin920', '/-6c,|R(QE1qp29e');
INSERT INTO eleves VALUES(10920, 'Jean-Eune', 'Vin', 'T°8', 20609, 20060);
INSERT INTO utilisateurs VALUES(10921, 'eleve', 'Prise.Electrique921', 'r6Y^"TC>mK?#LG+o');
INSERT INTO eleves VALUES(10921, 'Prise', 'Electrique', 'T°8', 21441, 21008);
INSERT INTO utilisateurs VALUES(10922, 'eleve', 'Sintia.Duc de Montmorency922', 'NCH.PauXh2OKnBlx');
INSERT INTO eleves VALUES(10922, 'Sintia', 'Duc de Montmorency', 'T°8', 21400, 21388);
INSERT INTO utilisateurs VALUES(10923, 'eleve', 'Stalinslas.Tam923', '}A[9CH71O/oEd"x.');
INSERT INTO eleves VALUES(10923, 'Stalinslas', 'Tam', 'T°8', 21866, 21525);
INSERT INTO utilisateurs VALUES(10924, 'eleve', 'Stanyshlasse.Sus924', '_cb&dT}=F]u{O"5!');
INSERT INTO eleves VALUES(10924, 'Stanyshlasse', 'Sus', 'T°8', 21215, 20011);
INSERT INTO utilisateurs VALUES(10925, 'eleve', 'Tam.Pie925', '<HM}"k2md&juQxYV');
INSERT INTO eleves VALUES(10925, 'Tam', 'Pie', 'T°8', 21210, 20924);
INSERT INTO utilisateurs VALUES(10926, 'eleve', 'Juliet.Plafond926', ':&^uM%|0,JX#hT5;');
INSERT INTO eleves VALUES(10926, 'Juliet', 'Plafond', 'T°8', 20077, 20279);
INSERT INTO utilisateurs VALUES(10927, 'eleve', 'Crapo.Moriarty927', 'c."!s0w8m/,fFJOp');
INSERT INTO eleves VALUES(10927, 'Crapo', 'Moriarty', 'T°8', 20941, 21599);
INSERT INTO utilisateurs VALUES(10928, 'eleve', 'Uberite.Tum928', '?gk[So4/-NV%s;Ae');
INSERT INTO eleves VALUES(10928, 'Uberite', 'Tum', 'T°8', 20634, 21515);
INSERT INTO utilisateurs VALUES(10929, 'eleve', 'Candys-Noémie.Bluetooth929', 's9l5dT2?G-7O8]/0');
INSERT INTO eleves VALUES(10929, 'Candys-Noémie', 'Bluetooth', 'T°8', 21673, 22093);
INSERT INTO utilisateurs VALUES(10930, 'eleve', 'Etrique.Dordebous930', 'Ry&+BmwhP^[aS_;3');
INSERT INTO eleves VALUES(10930, 'Etrique', 'Dordebous', 'T°8', 21349, 20087);
INSERT INTO utilisateurs VALUES(10931, 'eleve', 'Nathanaël.Please931', '*J9$;p7!#r/jbcDh');
INSERT INTO eleves VALUES(10931, 'Nathanaël', 'Please', 'T°8', 21062, 20781);
INSERT INTO utilisateurs VALUES(10932, 'eleve', 'Tem.Please932', 'dMZ-eB%]\/85"cU.');
INSERT INTO eleves VALUES(10932, 'Tem', 'Please', 'T°8', 21897, 20012);
INSERT INTO utilisateurs VALUES(10933, 'eleve', 'Desirade.Plafond933', 'SXnEf#Ww18:o6g$M');
INSERT INTO eleves VALUES(10933, 'Desirade', 'Plafond', 'T°8', 20879, 20442);
INSERT INTO utilisateurs VALUES(10934, 'eleve', 'Tym.Tim934', 'bEy(N1uAI{,XaidD');
INSERT INTO eleves VALUES(10934, 'Tym', 'Tim', 'T°8', 20121, 20320);
INSERT INTO utilisateurs VALUES(10935, 'eleve', 'Nathanaël.Deces935', 'k4O.)N,vbTz]p1&/');
INSERT INTO eleves VALUES(10935, 'Nathanaël', 'Deces', 'T°8', 21696, 22091);
INSERT INTO utilisateurs VALUES(10936, 'eleve', 'Skwizy.Mangesol936', '<vzPY?ibH%DXG]!q');
INSERT INTO eleves VALUES(10936, 'Skwizy', 'Mangesol', 'T°8', 21416, 20311);
INSERT INTO utilisateurs VALUES(10937, 'eleve', 'Hubert-Valéry-Patrick-Stanislas.Avion937', ':!#k\CfFQbmw-R=&');
INSERT INTO eleves VALUES(10937, 'Hubert-Valéry-Patrick-Stanislas', 'Avion', 'T°8', 21073, 21249);
INSERT INTO classes VALUES('T°9', '30067');
INSERT INTO utilisateurs VALUES(10938, 'eleve', 'Lumineux.Wifi938', 's.DLej:w_y)c@u#l');
INSERT INTO eleves VALUES(10938, 'Lumineux', 'Wifi', 'T°9', 20624, 20262);
INSERT INTO utilisateurs VALUES(10939, 'eleve', 'Jean-Mohammed.Musk939', 'WnA^oUruQ#*$&%5h');
INSERT INTO eleves VALUES(10939, 'Jean-Mohammed', 'Musk', 'T°9', 21234, 21089);
INSERT INTO utilisateurs VALUES(10940, 'eleve', 'Desirade.Gif940', 'k[QS#{M/vb)160m?');
INSERT INTO eleves VALUES(10940, 'Desirade', 'Gif', 'T°9', 21838, 21238);
INSERT INTO utilisateurs VALUES(10941, 'eleve', 'Karfour.B57 PRO MAX 3500941', 'W</kG1Ny3q$c>9R^');
INSERT INTO eleves VALUES(10941, 'Karfour', 'B57 PRO MAX 3500', 'T°9', 20517, 21098);
INSERT INTO utilisateurs VALUES(10942, 'eleve', 'Romain.Avion942', 'L(YZwfuqJgIT@dex');
INSERT INTO eleves VALUES(10942, 'Romain', 'Avion', 'T°9', 20838, 20883);
INSERT INTO utilisateurs VALUES(10943, 'eleve', 'Tym.Marat943', 'S+&-.}y)LF$lM;v@');
INSERT INTO eleves VALUES(10943, 'Tym', 'Marat', 'T°9', 21217, 20710);
INSERT INTO utilisateurs VALUES(10944, 'eleve', 'Amogus.Oxlong944', 'q$ZO0j6b1{A9J5\V');
INSERT INTO eleves VALUES(10944, 'Amogus', 'Oxlong', 'T°9', 20135, 21544);
INSERT INTO utilisateurs VALUES(10945, 'eleve', 'Stalinslas.Geneve945', '#TY"\|t8/aLV^}nO');
INSERT INTO eleves VALUES(10945, 'Stalinslas', 'Geneve', 'T°9', 21280, 20926);
INSERT INTO utilisateurs VALUES(10946, 'eleve', 'Chario.Genesis946', 'I\$;PU@-5nR#3,K1');
INSERT INTO eleves VALUES(10946, 'Chario', 'Genesis', 'T°9', 20502, 21101);
INSERT INTO utilisateurs VALUES(10947, 'eleve', 'Hubert-Valéry-Patrick-Stanislas.Bluetooth947', 'Dx\a7VHW[Gp0MR3#');
INSERT INTO eleves VALUES(10947, 'Hubert-Valéry-Patrick-Stanislas', 'Bluetooth', 'T°9', 21141, 20822);
INSERT INTO utilisateurs VALUES(10948, 'eleve', 'Tim.Gober948', 'Ur|o_%K$9x8ZpchI');
INSERT INTO eleves VALUES(10948, 'Tim', 'Gober', 'T°9', 21526, 22053);
INSERT INTO utilisateurs VALUES(10949, 'eleve', 'Jen.Oxlong949', '}xu$ls\&"CKkwb5,');
INSERT INTO eleves VALUES(10949, 'Jen', 'Oxlong', 'T°9', 22050, 20678);
INSERT INTO utilisateurs VALUES(10950, 'eleve', 'Stanyshlasse.Pablo950', 'dz).iKW!5JLQDCVv');
INSERT INTO eleves VALUES(10950, 'Stanyshlasse', 'Pablo', 'T°9', 21753, 20954);
INSERT INTO utilisateurs VALUES(10951, 'eleve', 'Jen.Ite951', '8^w,m/pqrL|5{.CE');
INSERT INTO eleves VALUES(10951, 'Jen', 'Ite', 'T°9', 20166, 20684);
INSERT INTO utilisateurs VALUES(10952, 'eleve', 'Tabour.Deces952', 'V0:ReidD%E|m"x8B');
INSERT INTO eleves VALUES(10952, 'Tabour', 'Deces', 'T°9', 20247, 21484);
INSERT INTO utilisateurs VALUES(10953, 'eleve', 'Yanni.Electrique953', '?GtaQ;(>fvR_[\T<');
INSERT INTO eleves VALUES(10953, 'Yanni', 'Electrique', 'T°9', 20508, 21383);
INSERT INTO utilisateurs VALUES(10954, 'eleve', 'Paluche.Oxlong954', 'b^PR!gK8_;Jv&69V');
INSERT INTO eleves VALUES(10954, 'Paluche', 'Oxlong', 'T°9', 21613, 21084);
INSERT INTO utilisateurs VALUES(10955, 'eleve', 'Pablo.Mière955', '7Zc9z#h[>Pk+*H/3');
INSERT INTO eleves VALUES(10955, 'Pablo', 'Mière', 'T°9', 21296, 21541);
INSERT INTO utilisateurs VALUES(10956, 'eleve', 'Chario.Ikea956', '6P49AjNs3Et.a&?$');
INSERT INTO eleves VALUES(10956, 'Chario', 'Ikea', 'T°9', 22031, 20771);
INSERT INTO utilisateurs VALUES(10957, 'eleve', 'Meubl.Vin957', '2Ug!#8CDpiN%:7})');
INSERT INTO eleves VALUES(10957, 'Meubl', 'Vin', 'T°9', 21250, 20387);
INSERT INTO utilisateurs VALUES(10958, 'eleve', 'Pabo.Tabulage958', 'ILkH.d\1>#S0yVU[');
INSERT INTO eleves VALUES(10958, 'Pabo', 'Tabulage', 'T°9', 20139, 22052);
INSERT INTO utilisateurs VALUES(10959, 'eleve', 'Chario.Duc de Montmorency959', 'l/)Nh4Wn68fz<9xt');
INSERT INTO eleves VALUES(10959, 'Chario', 'Duc de Montmorency', 'T°9', 20815, 20628);
INSERT INTO utilisateurs VALUES(10960, 'eleve', 'Moru.Tem960', 'a&=P,ZB+#5H%s7qi');
INSERT INTO eleves VALUES(10960, 'Moru', 'Tem', 'T°9', 20807, 21516);
INSERT INTO utilisateurs VALUES(10961, 'eleve', 'Skwizy.Ou961', 'k1A2KQ$(<:bLSFPE');
INSERT INTO eleves VALUES(10961, 'Skwizy', 'Ou', 'T°9', 21693, 20674);
INSERT INTO utilisateurs VALUES(10962, 'eleve', 'Romain.Azerty962', 'HzPQ6eu+K%CE$3@{');
INSERT INTO eleves VALUES(10962, 'Romain', 'Azerty', 'T°9', 21021, 21454);
INSERT INTO utilisateurs VALUES(10963, 'eleve', 'Desirade.Tom963', '9f*;h7IyE\Ldocq5');
INSERT INTO eleves VALUES(10963, 'Desirade', 'Tom', 'T°9', 22082, 21076);
INSERT INTO utilisateurs VALUES(10964, 'eleve', 'Raphaël.Descartes964', 'N$v^Cx0Z;9uUSa?z');
INSERT INTO eleves VALUES(10964, 'Raphaël', 'Descartes', 'T°9', 20530, 20128);
INSERT INTO utilisateurs VALUES(10965, 'eleve', 'Vic.Ikea965', 'iY>=7\&ZA?@c3hQ2');
INSERT INTO eleves VALUES(10965, 'Vic', 'Ikea', 'T°9', 20588, 21839);
INSERT INTO utilisateurs VALUES(10966, 'eleve', 'Mac.Pie966', '$\=Jyfi8szCN@Rv:');
INSERT INTO eleves VALUES(10966, 'Mac', 'Pie', 'T°9', 21288, 20462);
INSERT INTO utilisateurs VALUES(10967, 'eleve', 'Crapo.Lebeau967', '*.jY6&JXHr+F[($h');
INSERT INTO eleves VALUES(10967, 'Crapo', 'Lebeau', 'T°9', 20143, 20487);
INSERT INTO utilisateurs VALUES(10968, 'eleve', 'Jean-Eune.Genese968', '/Vifwm|@ZKLq2}9^');
INSERT INTO eleves VALUES(10968, 'Jean-Eune', 'Genese', 'T°9', 21272, 21697);
INSERT INTO utilisateurs VALUES(10969, 'eleve', 'Thomes.Lustre969', ';Vv-|w"5!/[p{l%H');
INSERT INTO eleves VALUES(10969, 'Thomes', 'Lustre', 'T°9', 21750, 21964);
INSERT INTO classes VALUES('T°10', '30077');
INSERT INTO utilisateurs VALUES(10970, 'eleve', 'Lumineux.Ite970', '@XNvL<g"}/#qmBRE');
INSERT INTO eleves VALUES(10970, 'Lumineux', 'Ite', 'T°10', 21501, 21194);
INSERT INTO utilisateurs VALUES(10971, 'eleve', 'Credito.Lustre971', 'v2/n7Lt+OP&z=>k^');
INSERT INTO eleves VALUES(10971, 'Credito', 'Lustre', 'T°10', 21306, 20542);
INSERT INTO utilisateurs VALUES(10972, 'eleve', 'Jean-Eune.Tym972', '{,Kvu%(e[;=RA82F');
INSERT INTO eleves VALUES(10972, 'Jean-Eune', 'Tym', 'T°10', 21023, 21337);
INSERT INTO utilisateurs VALUES(10973, 'eleve', 'Yassine.Vin973', 't^q#DKv|/=3_WE)b');
INSERT INTO eleves VALUES(10973, 'Yassine', 'Vin', 'T°10', 21664, 22056);
INSERT INTO utilisateurs VALUES(10974, 'eleve', 'Blandine.Gober974', '{d0;E6|yQ[4n%?@8');
INSERT INTO eleves VALUES(10974, 'Blandine', 'Gober', 'T°10', 21246, 20476);
INSERT INTO utilisateurs VALUES(10975, 'eleve', 'Bernar.Tabulage975', 'ejLzR^<fbopICE-6');
INSERT INTO eleves VALUES(10975, 'Bernar', 'Tabulage', 'T°10', 21836, 20168);
INSERT INTO utilisateurs VALUES(10976, 'eleve', 'Candys-Noémie.Lebron976', '%,rGW>XS?!owdg|$');
INSERT INTO eleves VALUES(10976, 'Candys-Noémie', 'Lebron', 'T°10', 21378, 21158);
INSERT INTO utilisateurs VALUES(10977, 'eleve', 'Florian.Dordebous977', 'gb;}K4\dB6H*!Cl"');
INSERT INTO eleves VALUES(10977, 'Florian', 'Dordebous', 'T°10', 21594, 20173);
INSERT INTO utilisateurs VALUES(10978, 'eleve', 'Sintia.Genepi978', 'z-a}]7nRfF>u<s/,');
INSERT INTO eleves VALUES(10978, 'Sintia', 'Genepi', 'T°10', 20221, 21976);
INSERT INTO utilisateurs VALUES(10979, 'eleve', 'Tiri.Meurs979', 'u=&R*DC]1sKBc}jk');
INSERT INTO eleves VALUES(10979, 'Tiri', 'Meurs', 'T°10', 20241, 20331);
INSERT INTO utilisateurs VALUES(10980, 'eleve', 'Deliver.Pie980', 'PC3z?fYyXE/!@S.d');
INSERT INTO eleves VALUES(10980, 'Deliver', 'Pie', 'T°10', 20727, 21928);
INSERT INTO utilisateurs VALUES(10981, 'eleve', 'Crapo.Tum981', 'qMlZd[J#c]Pw/*te');
INSERT INTO eleves VALUES(10981, 'Crapo', 'Tum', 'T°10', 20649, 20044);
INSERT INTO utilisateurs VALUES(10982, 'eleve', 'Thomes.Genese982', 'fmj#r201F6]kZ{Bt');
INSERT INTO eleves VALUES(10982, 'Thomes', 'Genese', 'T°10', 21300, 21425);
INSERT INTO utilisateurs VALUES(10983, 'eleve', 'Candys-Noémie.Please983', '[vYja]I}*i:o@-\|');
INSERT INTO eleves VALUES(10983, 'Candys-Noémie', 'Please', 'T°10', 20890, 20216);
INSERT INTO utilisateurs VALUES(10984, 'eleve', 'Amogus.Lubrique984', 'E+dVefwsDPA:{r06');
INSERT INTO eleves VALUES(10984, 'Amogus', 'Lubrique', 'T°10', 21393, 20843);
INSERT INTO utilisateurs VALUES(10985, 'eleve', 'Patric.Genepi985', 'vN$.4pX^iajG#]k>');
INSERT INTO eleves VALUES(10985, 'Patric', 'Genepi', 'T°10', 21442, 21685);
INSERT INTO utilisateurs VALUES(10986, 'eleve', 'Stalinslas.B57 PRO MAX 3500986', ']h=k5dX?w{m}MBnT');
INSERT INTO eleves VALUES(10986, 'Stalinslas', 'B57 PRO MAX 3500', 'T°10', 20429, 20284);
INSERT INTO utilisateurs VALUES(10987, 'eleve', 'Uberite.Tim987', ';K)jhJMNUu6"$w4-');
INSERT INTO eleves VALUES(10987, 'Uberite', 'Tim', 'T°10', 21382, 20142);
INSERT INTO utilisateurs VALUES(10988, 'eleve', 'Tiri.Pie988', 'DE3.)^\XF:{kCp->');
INSERT INTO eleves VALUES(10988, 'Tiri', 'Pie', 'T°10', 21735, 21667);
INSERT INTO utilisateurs VALUES(10989, 'eleve', 'X Æ A-Ⅻ.Oxlong989', '];2"JWM1$D&m:lYC');
INSERT INTO eleves VALUES(10989, 'X Æ A-Ⅻ', 'Oxlong', 'T°10', 20817, 20562);
INSERT INTO utilisateurs VALUES(10990, 'eleve', 'Jonathan.Lodevie990', 'E1x0{O]?k*-4dh[2');
INSERT INTO eleves VALUES(10990, 'Jonathan', 'Lodevie', 'T°10', 20766, 20348);
INSERT INTO utilisateurs VALUES(10991, 'eleve', 'Mac.Mière991', 'Cn*T->u/1J;HqAi@');
INSERT INTO eleves VALUES(10991, 'Mac', 'Mière', 'T°10', 22010, 20847);
INSERT INTO utilisateurs VALUES(10992, 'eleve', 'Stalinslas.Genepi992', '{N<S/hTR89?pyg>$');
INSERT INTO eleves VALUES(10992, 'Stalinslas', 'Genepi', 'T°10', 21930, 20252);
INSERT INTO utilisateurs VALUES(10993, 'eleve', 'Jen.Electrique993', ']Ox\@r7&L!bNJ%?W');
INSERT INTO eleves VALUES(10993, 'Jen', 'Electrique', 'T°10', 20675, 20088);
INSERT INTO utilisateurs VALUES(10994, 'eleve', 'Bernar.Avion994', 'g+3\=BtER_V>6Mq!');
INSERT INTO eleves VALUES(10994, 'Bernar', 'Avion', 'T°10', 21881, 20558);
INSERT INTO utilisateurs VALUES(10995, 'eleve', 'Blandine.Pipe995', 'tg_G!|R1c6:05z=l');
INSERT INTO eleves VALUES(10995, 'Blandine', 'Pipe', 'T°10', 21675, 21494);
INSERT INTO utilisateurs VALUES(10996, 'eleve', 'Bernar.Musk996', 'wuYPUO{pJ1j5TF-7');
INSERT INTO eleves VALUES(10996, 'Bernar', 'Musk', 'T°10', 21332, 20966);
INSERT INTO utilisateurs VALUES(10997, 'eleve', 'Célian.Livrogne997', 'zruv/L-bqH9O;=Ya');
INSERT INTO eleves VALUES(10997, 'Célian', 'Livrogne', 'T°10', 20456, 20057);
INSERT INTO utilisateurs VALUES(10998, 'eleve', 'Nathanaël.Lodevie998', 'fe>)tH8Az-pd.#D}');
INSERT INTO eleves VALUES(10998, 'Nathanaël', 'Lodevie', 'T°10', 21135, 21587);
INSERT INTO utilisateurs VALUES(10999, 'eleve', 'Tom.Tam999', 'Y)cCmb69g$e1}<lB');
INSERT INTO eleves VALUES(10999, 'Tom', 'Tam', 'T°10', 22068, 20085);
INSERT INTO utilisateurs VALUES(11000, 'eleve', 'Valeri.Avion1000', '%08l3!XVI@;<1&^M');
INSERT INTO eleves VALUES(11000, 'Valeri', 'Avion', 'T°10', 20321, 21564);
INSERT INTO utilisateurs VALUES(11001, 'eleve', 'Jean-Mohammed.Electrique1001', '/cD>;ICuyOdAiU\M');
INSERT INTO eleves VALUES(11001, 'Jean-Mohammed', 'Electrique', 'T°10', 21815, 20919);
INSERT INTO utilisateurs VALUES(11002, 'eleve', 'Macly.Electrique1002', 'J+&G^Zs56H.I>PCx');
INSERT INTO eleves VALUES(11002, 'Macly', 'Electrique', 'T°10', 20157, 22081);
INSERT INTO utilisateurs VALUES(11003, 'eleve', 'Uber.Pablo1003', '1!^KRd*T/.xsm,XH');
INSERT INTO eleves VALUES(11003, 'Uber', 'Pablo', 'T°10', 21002, 21694);
INSERT INTO utilisateurs VALUES(11004, 'eleve', 'Loui.Tam1004', 'ag?ec_L6OQMVjEZ2');
INSERT INTO eleves VALUES(11004, 'Loui', 'Tam', 'T°10', 20038, 21150);
